evidence_origin,permutation_index,null_ratio
hardware_session0,0,0.6587457121594152
hardware_session0,1,0.7868426531357811
hardware_session0,2,1.443302931589476
hardware_session0,3,1.3572384541403832
hardware_session0,4,0.6280342234311076
hardware_session0,5,1.6173595469571138
hardware_session0,6,1.5057492576873375
hardware_session0,7,1.1275598152366628
hardware_session0,8,2.3280285786224333
hardware_session0,9,0.8000017349641222
hardware_session0,10,1.1362438806059398
hardware_session0,11,1.4692447549098726
hardware_session0,12,0.9645915852750603
hardware_session0,13,1.4778404853946217
hardware_session0,14,2.2597189958695245
hardware_session0,15,2.5547499230657515
hardware_session0,16,1.5901143619568587
hardware_session0,17,0.6706383775220993
hardware_session0,18,0.4999199670456748
hardware_session0,19,1.6275714916597073
hardware_session0,20,1.1426666721455592
hardware_session0,21,0.9424716437763372
hardware_session0,22,0.7605870360058421
hardware_session0,23,0.9344558112618626
hardware_session0,24,0.4145785618312988
hardware_session0,25,1.6173648662019144
hardware_session0,26,0.6970185068337318
hardware_session0,27,0.6445915143403835
hardware_session0,28,0.9209898168733303
hardware_session0,29,0.9678999353199863
hardware_session0,30,1.7001312445472672
hardware_session0,31,0.6817211205025421
hardware_session0,32,2.123572403553353
hardware_session0,33,1.7890829561476562
hardware_session0,34,0.43526038562681957
hardware_session0,35,0.9607481833790174
hardware_session0,36,1.6646272294109594
hardware_session0,37,1.2065792782321512
hardware_session0,38,0.9615802519460245
hardware_session0,39,1.037569157747479
hardware_session0,40,0.6836933917318065
hardware_session0,41,2.0946590819820865
hardware_session0,42,1.2188846369536808
hardware_session0,43,0.9258662948550909
hardware_session0,44,1.2177598505653682
hardware_session0,45,1.5797707595254478
hardware_session0,46,0.7606378857903501
hardware_session0,47,0.6329923423434262
hardware_session0,48,0.970166840064375
hardware_session0,49,0.9033159561387013
hardware_session0,50,0.9586212678744868
hardware_session0,51,0.6484254973382892
hardware_session0,52,0.661781394224259
hardware_session0,53,0.9668715558448053
hardware_session0,54,1.8955412680202908
hardware_session0,55,0.8240715231442949
hardware_session0,56,0.527690001462729
hardware_session0,57,1.5902413064927785
hardware_session0,58,1.3575171592509097
hardware_session0,59,0.6381069550129251
hardware_session0,60,1.1132966514584408
hardware_session0,61,1.0647328325161527
hardware_session0,62,1.1963578901774579
hardware_session0,63,0.82437028691272
hardware_session0,64,0.9894201047881168
hardware_session0,65,1.0949466237280208
hardware_session0,66,0.9299419966590273
hardware_session0,67,0.6677252228362023
hardware_session0,68,1.391398127785591
hardware_session0,69,0.719969125016412
hardware_session0,70,2.110830887563948
hardware_session0,71,0.7977594027983561
hardware_session0,72,1.092792889893358
hardware_session0,73,1.4180552750265212
hardware_session0,74,2.094993807676513
hardware_session0,75,0.49514595269922157
hardware_session0,76,1.707871272671104
hardware_session0,77,1.4776087003679048
hardware_session0,78,1.2822033440028655
hardware_session0,79,0.6137555442762814
hardware_session0,80,0.6894329910160742
hardware_session0,81,1.1056304512610624
hardware_session0,82,1.4864150408165842
hardware_session0,83,0.48833548023048756
hardware_session0,84,0.7872331207721343
hardware_session0,85,0.647828441689863
hardware_session0,86,0.7713381642818323
hardware_session0,87,1.4694876514104347
hardware_session0,88,1.4530668379404796
hardware_session0,89,1.4632936301997996
hardware_session0,90,0.8083525156244334
hardware_session0,91,1.6969139693341133
hardware_session0,92,0.9006178062708302
hardware_session0,93,0.562302592322129
hardware_session0,94,1.8130662659781296
hardware_session0,95,1.303448223525543
hardware_session0,96,1.9402206788290672
hardware_session0,97,1.335379690736782
hardware_session0,98,0.8482178287509037
hardware_session0,99,1.0847497891062536
hardware_session0,100,0.853176953329897
hardware_session0,101,0.7059344244619915
hardware_session0,102,0.8511891170646619
hardware_session0,103,2.895590885050095
hardware_session0,104,1.100860201277064
hardware_session0,105,1.9268381731688369
hardware_session0,106,2.413885748903154
hardware_session0,107,0.6961411653822134
hardware_session0,108,1.032262721100209
hardware_session0,109,1.1606364587621667
hardware_session0,110,0.698473362371825
hardware_session0,111,0.7197599524284047
hardware_session0,112,1.3107656777660706
hardware_session0,113,1.330237306340378
hardware_session0,114,0.6579631439458703
hardware_session0,115,0.5632645142516165
hardware_session0,116,0.6983448139562701
hardware_session0,117,0.6728159247388243
hardware_session0,118,1.9832056727583238
hardware_session0,119,1.0167308364161427
hardware_session0,120,0.8898382078995554
hardware_session0,121,0.6769162231841171
hardware_session0,122,1.6507721363140337
hardware_session0,123,1.5669506208998645
hardware_session0,124,1.7991418873353155
hardware_session0,125,1.2859375905248642
hardware_session0,126,0.7502269903471844
hardware_session0,127,1.479919885827415
hardware_session0,128,2.218055594065667
hardware_session0,129,0.7047071541742539
hardware_session0,130,1.1074392770684653
hardware_session0,131,0.6835742845712747
hardware_session0,132,0.5595977931496573
hardware_session0,133,1.330527509919532
hardware_session0,134,1.160207966332166
hardware_session0,135,0.7077427567657637
hardware_session0,136,1.8602168351183224
hardware_session0,137,0.8531433498305201
hardware_session0,138,0.6972788096220933
hardware_session0,139,0.8586602361468392
hardware_session0,140,0.6550820758197413
hardware_session0,141,1.3360128492255174
hardware_session0,142,1.3041964394820211
hardware_session0,143,2.3524656944463422
hardware_session0,144,0.6274225902033623
hardware_session0,145,0.9191446621958117
hardware_session0,146,1.3408459255731713
hardware_session0,147,1.8833483689998929
hardware_session0,148,0.4773716920372672
hardware_session0,149,1.382121819999934
hardware_session0,150,0.7925995996832875
hardware_session0,151,0.8736685968212503
hardware_session0,152,1.6317798714681473
hardware_session0,153,0.8033106033962316
hardware_session0,154,1.1422780009675408
hardware_session0,155,1.0097311817087855
hardware_session0,156,0.4721828138820824
hardware_session0,157,1.9731093729383857
hardware_session0,158,0.8920552853118194
hardware_session0,159,0.6203315835687011
hardware_session0,160,0.42656613767388796
hardware_session0,161,0.6767963778257862
hardware_session0,162,1.0366865531083727
hardware_session0,163,0.7241801500019364
hardware_session0,164,2.1999058967450345
hardware_session0,165,1.5877578101933543
hardware_session0,166,0.5299936308856108
hardware_session0,167,0.951651200707212
hardware_session0,168,0.6693248291171405
hardware_session0,169,0.3558562620575095
hardware_session0,170,0.9110813728527575
hardware_session0,171,0.6785709675753812
hardware_session0,172,0.7665273847959568
hardware_session0,173,0.42667057206513587
hardware_session0,174,0.7191156171853016
hardware_session0,175,1.8098203863169835
hardware_session0,176,0.704967945328962
hardware_session0,177,1.116850134695602
hardware_session0,178,0.5834463318308695
hardware_session0,179,2.0093511104645554
hardware_session0,180,0.7856256499795798
hardware_session0,181,1.3481312030160648
hardware_session0,182,0.8829851503904217
hardware_session0,183,0.542544449389743
hardware_session0,184,2.3658163938106833
hardware_session0,185,0.6757352243926984
hardware_session0,186,0.5499377441075696
hardware_session0,187,0.941954527329419
hardware_session0,188,1.7235691439842866
hardware_session0,189,0.693411621442966
hardware_session0,190,1.5027586523655134
hardware_session0,191,0.5075283919342038
hardware_session0,192,0.8744691354902299
hardware_session0,193,1.9916575184262408
hardware_session0,194,0.6244950793176552
hardware_session0,195,0.5902006107682115
hardware_session0,196,2.174207493921086
hardware_session0,197,0.4655527965087178
hardware_session0,198,2.5028498039334077
hardware_session0,199,1.0795158174174155
hardware_session0,200,1.6079990255845715
hardware_session0,201,0.8474704891350645
hardware_session0,202,0.8786392798366066
hardware_session0,203,0.6756329260958829
hardware_session0,204,1.0778764699124588
hardware_session0,205,0.8162728211209066
hardware_session0,206,0.8971160405119811
hardware_session0,207,1.1139686369647486
hardware_session0,208,0.5781323358267579
hardware_session0,209,0.7121576956855757
hardware_session0,210,1.8334978641761157
hardware_session0,211,1.2064182404084138
hardware_session0,212,1.7034550690517056
hardware_session0,213,1.1751863002438345
hardware_session0,214,0.7975940620438648
hardware_session0,215,0.8029731458397896
hardware_session0,216,0.35429490475135755
hardware_session0,217,0.5609485335695554
hardware_session0,218,0.37604261716543447
hardware_session0,219,0.7928092828838855
hardware_session0,220,0.8678098496614137
hardware_session0,221,1.2262745739175627
hardware_session0,222,1.2670682726173008
hardware_session0,223,0.522076182298286
hardware_session0,224,0.7885894065237747
hardware_session0,225,0.5025078737032226
hardware_session0,226,0.955102373552048
hardware_session0,227,1.5214984776955178
hardware_session0,228,1.0065135830097307
hardware_session0,229,0.8949543733606168
hardware_session0,230,0.61020072830363
hardware_session0,231,0.5008738082906491
hardware_session0,232,1.016963535852143
hardware_session0,233,0.9419407077265803
hardware_session0,234,0.7844455891280883
hardware_session0,235,1.0523240138207965
hardware_session0,236,1.4024073249525844
hardware_session0,237,0.963618520078325
hardware_session0,238,0.5749329638668051
hardware_session0,239,1.7489087346979104
hardware_session0,240,0.6975009410359518
hardware_session0,241,0.7917317507793008
hardware_session0,242,1.2492690291053
hardware_session0,243,1.0845540944667071
hardware_session0,244,0.6395255102881855
hardware_session0,245,0.8200703366548245
hardware_session0,246,0.3765644302819013
hardware_session0,247,1.1667980581775708
hardware_session0,248,0.9913315804730428
hardware_session0,249,1.4484924289909256
hardware_session0,250,1.482100678380385
hardware_session0,251,0.8826537691366954
hardware_session0,252,0.7481805497495572
hardware_session0,253,1.1830180617089563
hardware_session0,254,0.8064548988754595
hardware_session0,255,1.2035590399652212
hardware_session0,256,1.1422548712289566
hardware_session0,257,0.7829533978015011
hardware_session0,258,0.9598998265672294
hardware_session0,259,0.6665085085531164
hardware_session0,260,1.3382202712630176
hardware_session0,261,0.6014577283613687
hardware_session0,262,0.6707934171947233
hardware_session0,263,0.7097769361610443
hardware_session0,264,2.3434154009420443
hardware_session0,265,1.9111662501661217
hardware_session0,266,0.8734014397519198
hardware_session0,267,0.7487071714485705
hardware_session0,268,0.8097603248591664
hardware_session0,269,1.4496418802021007
hardware_session0,270,1.309367407919885
hardware_session0,271,0.7706893076454037
hardware_session0,272,1.7363477134072578
hardware_session0,273,0.6298807820091336
hardware_session0,274,0.6592883546267883
hardware_session0,275,1.8315812369721245
hardware_session0,276,1.3148952017862257
hardware_session0,277,1.015402465504469
hardware_session0,278,1.1053902607109356
hardware_session0,279,1.309844445722348
hardware_session0,280,0.3903521268826451
hardware_session0,281,1.1342766687361605
hardware_session0,282,0.5250673362395514
hardware_session0,283,1.1007584959518195
hardware_session0,284,1.3909220730097673
hardware_session0,285,0.6459224228384592
hardware_session0,286,1.0858911781582388
hardware_session0,287,1.0890573675135176
hardware_session0,288,0.6255943885452415
hardware_session0,289,1.0730108292837461
hardware_session0,290,1.5625563079837022
hardware_session0,291,1.6406340740258416
hardware_session0,292,0.8921875338125362
hardware_session0,293,0.8991210894224563
hardware_session0,294,1.158688860301471
hardware_session0,295,0.582043632760926
hardware_session0,296,1.0460274600902502
hardware_session0,297,0.6220341299381532
hardware_session0,298,1.0833018324982358
hardware_session0,299,2.10236311275632
hardware_session0,300,0.9005776756926145
hardware_session0,301,1.153720349120406
hardware_session0,302,1.6855476657216872
hardware_session0,303,1.2517287743268446
hardware_session0,304,0.61647051534063
hardware_session0,305,1.2934656662086825
hardware_session0,306,1.264752011524744
hardware_session0,307,1.2507069603987189
hardware_session0,308,2.0904324884516976
hardware_session0,309,0.6459374774901848
hardware_session0,310,1.5770112191182275
hardware_session0,311,0.6622510386627559
hardware_session0,312,0.608604344937444
hardware_session0,313,1.1765893978473432
hardware_session0,314,1.8450833231813495
hardware_session0,315,1.409044842579497
hardware_session0,316,2.1626561586689164
hardware_session0,317,1.582538978322365
hardware_session0,318,1.6404088762632067
hardware_session0,319,1.9762004399606006
hardware_session0,320,3.4568155036591293
hardware_session0,321,1.1652025587466641
hardware_session0,322,0.5895235231729592
hardware_session0,323,0.9082484814193725
hardware_session0,324,1.1150508752105195
hardware_session0,325,0.7571907589291719
hardware_session0,326,2.0326845286202
hardware_session0,327,0.7864239924263735
hardware_session0,328,0.6721126957275092
hardware_session0,329,0.880708346156113
hardware_session0,330,1.0263669083680742
hardware_session0,331,0.6177037416463356
hardware_session0,332,0.8903282679580895
hardware_session0,333,1.3906615720337392
hardware_session0,334,0.9595781744645814
hardware_session0,335,0.6150900486402118
hardware_session0,336,0.5317898373228449
hardware_session0,337,1.5809203802256644
hardware_session0,338,1.9471659916863018
hardware_session0,339,0.6357215272952681
hardware_session0,340,0.589654896199101
hardware_session0,341,1.775957079655478
hardware_session0,342,1.3553967148897137
hardware_session0,343,2.0068338969640975
hardware_session0,344,0.33471888436046693
hardware_session0,345,0.7192551859424118
hardware_session0,346,0.5345991273027322
hardware_session0,347,0.7107567850753396
hardware_session0,348,0.8817285805646768
hardware_session0,349,1.2049687495705392
hardware_session0,350,1.7591970369883851
hardware_session0,351,0.7798294009889455
hardware_session0,352,0.7948656047594991
hardware_session0,353,1.1038840058760875
hardware_session0,354,1.2323963014927963
hardware_session0,355,1.1030479815810175
hardware_session0,356,1.4586406243808534
hardware_session0,357,1.292054401301719
hardware_session0,358,1.6968697527239414
hardware_session0,359,0.8007245985082112
hardware_session0,360,0.8272090851215884
hardware_session0,361,1.3435314716961464
hardware_session0,362,1.4474238419805727
hardware_session0,363,1.836773744452219
hardware_session0,364,1.0253653825427727
hardware_session0,365,0.729188995066365
hardware_session0,366,0.7009456613632173
hardware_session0,367,1.2041593486537456
hardware_session0,368,0.9702672959541568
hardware_session0,369,0.8200835424093426
hardware_session0,370,0.8739888439293495
hardware_session0,371,0.6952734670876655
hardware_session0,372,0.5022732420035955
hardware_session0,373,1.158916774378951
hardware_session0,374,1.133079914747743
hardware_session0,375,0.7725344516814527
hardware_session0,376,1.5808462632623457
hardware_session0,377,0.4030940293371145
hardware_session0,378,1.225656870312899
hardware_session0,379,0.9999458060289044
hardware_session0,380,1.5054476523246236
hardware_session0,381,0.7739707029111331
hardware_session0,382,0.846420002708213
hardware_session0,383,1.7819353198785417
hardware_session0,384,1.2344465454786377
hardware_session0,385,0.9198122602665135
hardware_session0,386,0.7393312729545668
hardware_session0,387,1.543778847724463
hardware_session0,388,0.8158929426399997
hardware_session0,389,0.5756594486689709
hardware_session0,390,1.0676518201554945
hardware_session0,391,0.632135767072473
hardware_session0,392,1.9236614413562156
hardware_session0,393,1.2372224046676135
hardware_session0,394,1.0894746881975919
hardware_session0,395,0.37764566919441384
hardware_session0,396,1.6202182474228743
hardware_session0,397,1.5286942542682096
hardware_session0,398,1.004056412217036
hardware_session0,399,0.7829981405618347
hardware_session0,400,0.8290597692178304
hardware_session0,401,0.6861320810523427
hardware_session0,402,0.6739639802555788
hardware_session0,403,0.5189944032703858
hardware_session0,404,0.9129629796822778
hardware_session0,405,0.9804543355386461
hardware_session0,406,1.2342081495238209
hardware_session0,407,1.792200802576955
hardware_session0,408,1.0946051445443594
hardware_session0,409,0.7672026679718807
hardware_session0,410,0.8511813200798931
hardware_session0,411,0.9707676733089923
hardware_session0,412,0.5223806454380043
hardware_session0,413,1.2097275584741667
hardware_session0,414,1.389300223971725
hardware_session0,415,0.6638208516204949
hardware_session0,416,0.773977479243584
hardware_session0,417,1.200600843649429
hardware_session0,418,1.557349372708296
hardware_session0,419,1.2782071139859479
hardware_session0,420,0.7579307490399976
hardware_session0,421,2.3171421404313572
hardware_session0,422,1.394798375191027
hardware_session0,423,1.3905864267648242
hardware_session0,424,1.0811199636692528
hardware_session0,425,0.6797140296627564
hardware_session0,426,1.1166660913269966
hardware_session0,427,1.5459301328526052
hardware_session0,428,1.0587724721559284
hardware_session0,429,0.6676680042821059
hardware_session0,430,0.72200196318172
hardware_session0,431,1.2767244185655553
hardware_session0,432,0.40504418484215743
hardware_session0,433,0.5257426216961811
hardware_session0,434,1.267690490475442
hardware_session0,435,1.1633644225658555
hardware_session0,436,0.8448419894495182
hardware_session0,437,0.8935550775869712
hardware_session0,438,0.9094855588827879
hardware_session0,439,1.3528507856275491
hardware_session0,440,0.6142770639177264
hardware_session0,441,1.0482361433283334
hardware_session0,442,1.5708712468282127
hardware_session0,443,1.4284559603468574
hardware_session0,444,1.3717279129199738
hardware_session0,445,1.2485696937544948
hardware_session0,446,0.7472266596501681
hardware_session0,447,0.9507749253410899
hardware_session0,448,1.99665820452585
hardware_session0,449,0.9848111299752734
hardware_session0,450,0.6385946275675907
hardware_session0,451,2.448205792170567
hardware_session0,452,0.9770716019642729
hardware_session0,453,1.3237736381662195
hardware_session0,454,1.277476564159339
hardware_session0,455,0.6020545200736392
hardware_session0,456,1.2488333288767435
hardware_session0,457,0.6003828049290214
hardware_session0,458,0.5766488806316867
hardware_session0,459,1.1914104525023606
hardware_session0,460,1.6596799432397726
hardware_session0,461,0.8205938749182984
hardware_session0,462,0.8102201446042294
hardware_session0,463,1.6071223389022218
hardware_session0,464,1.622866971521976
hardware_session0,465,2.3605939269373186
hardware_session0,466,0.44899108027221074
hardware_session0,467,0.659190336555519
hardware_session0,468,0.5230124179858882
hardware_session0,469,1.296315422211994
hardware_session0,470,0.7941118346625967
hardware_session0,471,0.656815299523417
hardware_session0,472,2.0909958513250033
hardware_session0,473,1.5906425367714174
hardware_session0,474,0.6347594610536329
hardware_session0,475,0.6080098449660627
hardware_session0,476,0.6587457121594152
hardware_session0,477,1.1092263351685063
hardware_session0,478,1.2019962164152949
hardware_session0,479,1.4887432065441661
hardware_session0,480,1.3155129021106893
hardware_session0,481,1.2260586326986858
hardware_session0,482,0.8031069584163676
hardware_session0,483,0.8032121935304842
hardware_session0,484,1.150221483845824
hardware_session0,485,0.7093050973053039
hardware_session0,486,0.6991764678244606
hardware_session0,487,1.6742409062268104
hardware_session0,488,0.8492251918205711
hardware_session0,489,0.4657853475762481
hardware_session0,490,0.48243916733453607
hardware_session0,491,0.7996453795061285
hardware_session0,492,1.7541103546557995
hardware_session0,493,0.7356782069417842
hardware_session0,494,1.310563679443077
hardware_session0,495,0.6359816635479085
hardware_session0,496,1.003705614966105
hardware_session0,497,0.949615021273068
hardware_session0,498,0.7565649681506936
hardware_session0,499,1.83434228163173
hardware_session0,500,2.6439353738484415
hardware_session0,501,0.5570274472786225
hardware_session0,502,1.751563887618841
hardware_session0,503,0.839954697685027
hardware_session0,504,0.4814531402224167
hardware_session0,505,1.2214422416322777
hardware_session0,506,1.32946177309402
hardware_session0,507,1.1942023870103189
hardware_session0,508,0.7392243968522639
hardware_session0,509,0.6615880824286562
hardware_session0,510,1.5282498638624844
hardware_session0,511,1.4505797147170596
hardware_session0,512,0.4808652564362566
hardware_session0,513,0.8725600274142417
hardware_session0,514,1.9261615572374688
hardware_session0,515,0.5277598939578055
hardware_session0,516,0.9462965217621023
hardware_session0,517,0.4476048421137231
hardware_session0,518,1.150303030999123
hardware_session0,519,0.9550682739820229
hardware_session0,520,0.5160490715260871
hardware_session0,521,0.5554234279255948
hardware_session0,522,0.9656801201582543
hardware_session0,523,0.5610643533180297
hardware_session0,524,0.6901238664293182
hardware_session0,525,0.9791462182548362
hardware_session0,526,1.9384492807325082
hardware_session0,527,0.5659965641103111
hardware_session0,528,1.096854877585592
hardware_session0,529,1.409728194741512
hardware_session0,530,1.094769324393755
hardware_session0,531,1.4060919676094645
hardware_session0,532,1.6345934917822316
hardware_session0,533,1.2120493459807358
hardware_session0,534,0.7924411833770082
hardware_session0,535,1.361405596626371
hardware_session0,536,1.4253777832412016
hardware_session0,537,1.3121246790211316
hardware_session0,538,0.4695004036081384
hardware_session0,539,0.6662133196025701
hardware_session0,540,0.6244926786330675
hardware_session0,541,1.9076602009184263
hardware_session0,542,1.8674050159957085
hardware_session0,543,1.4241829634478362
hardware_session0,544,0.9103029146309226
hardware_session0,545,0.952934938084894
hardware_session0,546,1.1319341353593226
hardware_session0,547,1.0396279006199967
hardware_session0,548,1.5650075055363248
hardware_session0,549,0.8325161257125556
hardware_session0,550,0.8879570438259643
hardware_session0,551,1.1068752557506831
hardware_session0,552,1.169024975878433
hardware_session0,553,0.7683110178426388
hardware_session0,554,0.7096644458133152
hardware_session0,555,0.8306782635636127
hardware_session0,556,1.1425861538700905
hardware_session0,557,1.064237154760041
hardware_session0,558,0.49877515658565985
hardware_session0,559,0.9893575330491475
hardware_session0,560,0.8264539742386086
hardware_session0,561,1.2166157556266977
hardware_session0,562,0.9630332437813347
hardware_session0,563,0.9792016694017212
hardware_session0,564,0.7950799497700175
hardware_session0,565,1.5082250103613388
hardware_session0,566,1.8698495454228816
hardware_session0,567,0.9811928451929838
hardware_session0,568,1.0120420876471534
hardware_session0,569,0.610979134235322
hardware_session0,570,0.9998367774651695
hardware_session0,571,0.5917298316669868
hardware_session0,572,1.3986530178203913
hardware_session0,573,1.5003086899689724
hardware_session0,574,1.37677665192109
hardware_session0,575,1.3948472685689544
hardware_session0,576,1.4383983756704741
hardware_session0,577,2.1602154626496883
hardware_session0,578,1.4813946768663977
hardware_session0,579,1.2209217307757765
hardware_session0,580,2.2082803822638226
hardware_session0,581,1.5806543277703438
hardware_session0,582,0.6741756678402983
hardware_session0,583,1.1091281085328917
hardware_session0,584,1.1719952372215314
hardware_session0,585,1.9490767646549192
hardware_session0,586,1.6907118644861725
hardware_session0,587,1.4769180116469804
hardware_session0,588,1.2945434594890097
hardware_session0,589,0.9169309319449991
hardware_session0,590,0.47525504057095314
hardware_session0,591,0.8036508081041098
hardware_session0,592,0.5455405484226925
hardware_session0,593,0.7340508523989823
hardware_session0,594,0.9427321738004958
hardware_session0,595,0.7374193645088325
hardware_session0,596,0.5744755431356574
hardware_session0,597,1.4984953074151344
hardware_session0,598,2.8648173534595824
hardware_session0,599,0.45949067003634336
hardware_session0,600,0.8743659583390181
hardware_session0,601,1.1130296443625343
hardware_session0,602,0.9354265760489481
hardware_session0,603,0.72724475311866
hardware_session0,604,0.31604292877031087
hardware_session0,605,0.9883716141375487
hardware_session0,606,1.2078934093639389
hardware_session0,607,0.8097069224298593
hardware_session0,608,0.8862978352437705
hardware_session0,609,1.673828954955411
hardware_session0,610,0.7682950869319614
hardware_session0,611,1.691881198729239
hardware_session0,612,1.1712018601983416
hardware_session0,613,1.5834568090555254
hardware_session0,614,1.2310112595252387
hardware_session0,615,1.0789954055162378
hardware_session0,616,0.5948259608453408
hardware_session0,617,0.49086768996574714
hardware_session0,618,0.8478072788506612
hardware_session0,619,1.3642391188397687
hardware_session0,620,1.5840901152788405
hardware_session0,621,0.4889878010203273
hardware_session0,622,1.5139111164996906
hardware_session0,623,0.746144410256163
hardware_session0,624,1.3758334194671
hardware_session0,625,1.5488430124428552
hardware_session0,626,2.2459304817472088
hardware_session0,627,1.8254141623111542
hardware_session0,628,1.2297109766055165
hardware_session0,629,1.096619543773573
hardware_session0,630,1.0046972942238626
hardware_session0,631,1.5298778658936396
hardware_session0,632,0.5778994868172046
hardware_session0,633,1.4791298911348674
hardware_session0,634,0.7666471401918812
hardware_session0,635,1.1610180113574045
hardware_session0,636,2.0468347923005035
hardware_session0,637,1.2020630008238917
hardware_session0,638,0.6674673285377026
hardware_session0,639,1.7474470091819563
hardware_session0,640,0.8660796120463136
hardware_session0,641,1.811158855775421
hardware_session0,642,1.3277178698475836
hardware_session0,643,1.7706921335682149
hardware_session0,644,0.32921148755676055
hardware_session0,645,0.6461410430899688
hardware_session0,646,1.324879155948574
hardware_session0,647,1.0054908009456045
hardware_session0,648,0.4977343155735597
hardware_session0,649,1.1953240553397306
hardware_session0,650,1.032467641094796
hardware_session0,651,1.6223648298256546
hardware_session0,652,1.4960981696403137
hardware_session0,653,1.765390731843885
hardware_session0,654,0.8699369675361064
hardware_session0,655,0.8687106075498415
hardware_session0,656,0.7801982646714968
hardware_session0,657,0.4853722674547282
hardware_session0,658,1.3771945397517755
hardware_session0,659,2.106513796107295
hardware_session0,660,1.1479269815237094
hardware_session0,661,0.38435527583960816
hardware_session0,662,0.7997398259881595
hardware_session0,663,0.8592596735713802
hardware_session0,664,1.259562238240442
hardware_session0,665,0.6013782860442911
hardware_session0,666,0.7517332702930294
hardware_session0,667,1.097465078610684
hardware_session0,668,0.6127787106908699
hardware_session0,669,1.5782040317970318
hardware_session0,670,1.8956671377903593
hardware_session0,671,0.7404099870324113
hardware_session0,672,1.1913416040273628
hardware_session0,673,0.5396751646473471
hardware_session0,674,1.2478475735527619
hardware_session0,675,1.8517791977592022
hardware_session0,676,1.3600177763491377
hardware_session0,677,2.780546981554229
hardware_session0,678,0.7060895882306593
hardware_session0,679,1.169608050033115
hardware_session0,680,0.9069494437201147
hardware_session0,681,1.4598956221701906
hardware_session0,682,1.451285944904676
hardware_session0,683,0.6424998062940896
hardware_session0,684,0.8686573006423608
hardware_session0,685,1.260715628769251
hardware_session0,686,1.8465052709287821
hardware_session0,687,1.9150718218846585
hardware_session0,688,0.6420848366171417
hardware_session0,689,1.8303543354619523
hardware_session0,690,0.9597385678801339
hardware_session0,691,1.994370394787913
hardware_session0,692,0.7120376370514264
hardware_session0,693,0.5764397447763987
hardware_session0,694,1.2089538344664204
hardware_session0,695,0.6236110764955777
hardware_session0,696,1.3377245964223428
hardware_session0,697,1.3196096322446815
hardware_session0,698,2.412795065634335
hardware_session0,699,1.2715604444789534
hardware_session0,700,0.6501984225059362
hardware_session0,701,1.2802167359990495
hardware_session0,702,0.7627201798438763
hardware_session0,703,0.548292056712505
hardware_session0,704,1.3847016417506655
hardware_session0,705,0.7511636001292695
hardware_session0,706,1.0720883377681245
hardware_session0,707,0.8303108491068129
hardware_session0,708,0.6968563458423321
hardware_session0,709,1.1169060585264552
hardware_session0,710,2.216902873270159
hardware_session0,711,0.9463440399609517
hardware_session0,712,0.3999610221825543
hardware_session0,713,0.9434381143565929
hardware_session0,714,1.2835235875056503
hardware_session0,715,1.2483077105899711
hardware_session0,716,0.9062465759594532
hardware_session0,717,0.666228168099948
hardware_session0,718,0.6192598234076131
hardware_session0,719,0.8302414193786838
hardware_session0,720,0.5294170613336527
hardware_session0,721,0.9879418943040189
hardware_session0,722,1.026976866519265
hardware_session0,723,0.5687995523763641
hardware_session0,724,0.815212685044185
hardware_session0,725,0.8017655329365585
hardware_session0,726,1.6646106030086627
hardware_session0,727,0.837489951212537
hardware_session0,728,0.5509480209426317
hardware_session0,729,1.2078585708873892
hardware_session0,730,0.41616214555763387
hardware_session0,731,0.5700729502195401
hardware_session0,732,0.7138952944508784
hardware_session0,733,0.8356221221643628
hardware_session0,734,1.4043506541147248
hardware_session0,735,0.8111565487929817
hardware_session0,736,1.337536137714483
hardware_session0,737,0.49290371778978687
hardware_session0,738,1.1702158477055988
hardware_session0,739,0.4505037891839696
hardware_session0,740,1.1703897639719287
hardware_session0,741,1.3103714089624527
hardware_session0,742,0.4445634422186271
hardware_session0,743,0.6647200649742053
hardware_session0,744,2.203182402736503
hardware_session0,745,0.6949852755793454
hardware_session0,746,1.3025991458889272
hardware_session0,747,0.8991888567312205
hardware_session0,748,0.7449995046990643
hardware_session0,749,0.5822725911505041
hardware_session0,750,0.8632708903622149
hardware_session0,751,0.7072570147913088
hardware_session0,752,0.7075879956212391
hardware_session0,753,1.098546183019834
hardware_session0,754,1.4756097411255458
hardware_session0,755,0.6101908077098306
hardware_session0,756,0.6712943889880718
hardware_session0,757,2.4422948372887334
hardware_session0,758,1.8669443350765638
hardware_session0,759,1.3036454538918993
hardware_session0,760,0.7572336994334103
hardware_session0,761,1.5428502735548406
hardware_session0,762,1.946471837124776
hardware_session0,763,1.1205861076963466
hardware_session0,764,1.8599177014139447
hardware_session0,765,1.5337309604219458
hardware_session0,766,1.0867337667039076
hardware_session0,767,0.5828943416406742
hardware_session0,768,1.0076991236036863
hardware_session0,769,1.374858688967855
hardware_session0,770,1.3045052187554562
hardware_session0,771,0.9467040414859853
hardware_session0,772,0.5334209354924312
hardware_session0,773,1.4279521370645114
hardware_session0,774,1.1629752812748677
hardware_session0,775,0.5630981204964495
hardware_session0,776,0.7066099064860644
hardware_session0,777,0.6573914266140363
hardware_session0,778,0.466489617161941
hardware_session0,779,1.0067449952535144
hardware_session0,780,1.7447644698775489
hardware_session0,781,1.118688898433501
hardware_session0,782,0.7944399000528669
hardware_session0,783,1.331180924930063
hardware_session0,784,1.121273308140051
hardware_session0,785,0.7482050212767549
hardware_session0,786,0.936435221631373
hardware_session0,787,0.7260554473575438
hardware_session0,788,0.7662603255910219
hardware_session0,789,0.7963211482839063
hardware_session0,790,1.6274074914137113
hardware_session0,791,0.8044291810738659
hardware_session0,792,1.0072681611705872
hardware_session0,793,0.774517961776299
hardware_session0,794,0.6797461666813346
hardware_session0,795,0.659036741326454
hardware_session0,796,1.3576120484388972
hardware_session0,797,0.7971497348112005
hardware_session0,798,0.8198019577359307
hardware_session0,799,1.0540032634501606
hardware_session0,800,1.723339393905295
hardware_session0,801,1.4482759768080014
hardware_session0,802,0.5289639564937546
hardware_session0,803,2.202387946975671
hardware_session0,804,0.8081185072362723
hardware_session0,805,0.8314649826133573
hardware_session0,806,0.6297347793496199
hardware_session0,807,2.06993160625928
hardware_session0,808,2.3749721473116887
hardware_session0,809,0.9262039582111472
hardware_session0,810,0.8870501875170774
hardware_session0,811,1.7294510140364239
hardware_session0,812,0.7910701488878272
hardware_session0,813,1.8239808401693516
hardware_session0,814,1.490813200948116
hardware_session0,815,2.3370612832845183
hardware_session0,816,0.9240269012217208
hardware_session0,817,0.8956070416365881
hardware_session0,818,0.9064974174680428
hardware_session0,819,1.2775121047303721
hardware_session0,820,0.5813648715546444
hardware_session0,821,0.7525824372905829
hardware_session0,822,1.1481443379045349
hardware_session0,823,1.365548501049272
hardware_session0,824,0.8850149446588067
hardware_session0,825,1.1139686369647486
hardware_session0,826,1.2503752185829469
hardware_session0,827,0.8897530910196761
hardware_session0,828,0.8982520614325831
hardware_session0,829,1.5197726120131863
hardware_session0,830,1.616200881410559
hardware_session0,831,0.6565149332206174
hardware_session0,832,1.5923045591541782
hardware_session0,833,0.7125252011948409
hardware_session0,834,2.3174486282500824
hardware_session0,835,0.7538243060959294
hardware_session0,836,0.8701042639101172
hardware_session0,837,1.7799803680631896
hardware_session0,838,1.1679926741843463
hardware_session0,839,0.3612072673422506
hardware_session0,840,1.0569446510229876
hardware_session0,841,0.7335100610454454
hardware_session0,842,1.9278567259647459
hardware_session0,843,1.0324771157011103
hardware_session0,844,0.8016780291678148
hardware_session0,845,0.6739570392234872
hardware_session0,846,0.642005216544308
hardware_session0,847,1.1370157720660117
hardware_session0,848,0.9159925794748657
hardware_session0,849,0.8286994402959198
hardware_session0,850,0.6941038160360411
hardware_session0,851,0.596846826234727
hardware_session0,852,1.2095318816399792
hardware_session0,853,0.6751546237473188
hardware_session0,854,1.5790444740591314
hardware_session0,855,3.145033155425672
hardware_session0,856,1.2155774910254922
hardware_session0,857,1.1506112194613953
hardware_session0,858,0.9542286029072891
hardware_session0,859,0.5806924920483516
hardware_session0,860,0.43681919234181804
hardware_session0,861,0.4657356136069057
hardware_session0,862,1.927542850638083
hardware_session0,863,1.2372978047326915
hardware_session0,864,0.6785273448861537
hardware_session0,865,0.5788582855538582
hardware_session0,866,1.1219898217694348
hardware_session0,867,2.5244809321917963
hardware_session0,868,1.3694552264227138
hardware_session0,869,0.8201023314418034
hardware_session0,870,2.1457303655945186
hardware_session0,871,0.7746465724531771
hardware_session0,872,1.1097539734759823
hardware_session0,873,0.7394222015778927
hardware_session0,874,1.143917231828249
hardware_session0,875,1.6930840141011565
hardware_session0,876,0.6047395512278818
hardware_session0,877,0.7791025803501213
hardware_session0,878,1.1219693815329685
hardware_session0,879,0.8883795460718844
hardware_session0,880,1.25078208953925
hardware_session0,881,1.583104229099937
hardware_session0,882,1.4625846335493304
hardware_session0,883,1.946679691993731
hardware_session0,884,0.7771609982384857
hardware_session0,885,0.8271637364792932
hardware_session0,886,0.8934875917379193
hardware_session0,887,0.6861293678185826
hardware_session0,888,1.3938268181171654
hardware_session0,889,0.4902280689288003
hardware_session0,890,1.1783241477814919
hardware_session0,891,2.4610378194184492
hardware_session0,892,1.7612365151822662
hardware_session0,893,0.4920399586007372
hardware_session0,894,0.4532047960254938
hardware_session0,895,0.5381296615565206
hardware_session0,896,1.5422475315593782
hardware_session0,897,1.624427787021134
hardware_session0,898,1.792431156859483
hardware_session0,899,1.3837118678868923
hardware_session0,900,1.0009115608457608
hardware_session0,901,0.41989099260606333
hardware_session0,902,1.0625348238759744
hardware_session0,903,0.2983395371055146
hardware_session0,904,0.887621366854621
hardware_session0,905,1.3331149258662627
hardware_session0,906,1.093396833247079
hardware_session0,907,0.7502751575321359
hardware_session0,908,0.586785583784332
hardware_session0,909,1.8118766254506067
hardware_session0,910,1.4872183321375767
hardware_session0,911,1.6692819317251362
hardware_session0,912,1.2014814263736542
hardware_session0,913,0.7342465526890121
hardware_session0,914,1.6742424193164076
hardware_session0,915,0.9059846523043368
hardware_session0,916,1.4589574587970258
hardware_session0,917,0.5268197757788461
hardware_session0,918,1.1112321888287502
hardware_session0,919,1.817693748026755
hardware_session0,920,1.4627736804110398
hardware_session0,921,0.5612355072282867
hardware_session0,922,1.2634045991013285
hardware_session0,923,1.408272629522626
hardware_session0,924,1.1545986977688063
hardware_session0,925,1.1562382280242345
hardware_session0,926,0.87217880091745
hardware_session0,927,1.0217150985476684
hardware_session0,928,2.685354373646197
hardware_session0,929,0.6538377074457667
hardware_session0,930,0.9667597875777256
hardware_session0,931,1.581560655318172
hardware_session0,932,1.485410273126539
hardware_session0,933,0.6910212847012629
hardware_session0,934,0.6461026793196082
hardware_session0,935,1.449192958138508
hardware_session0,936,0.7560603747950634
hardware_session0,937,0.8004841947603762
hardware_session0,938,0.8716496200747925
hardware_session0,939,2.2537380129565734
hardware_session0,940,0.6018441314925483
hardware_session0,941,1.1093829516648597
hardware_session0,942,1.7686229905550563
hardware_session0,943,1.7056502412811698
hardware_session0,944,0.9314660781933337
hardware_session0,945,2.398672243121085
hardware_session0,946,0.5606454419787388
hardware_session0,947,0.7290063771778548
hardware_session0,948,0.9704723675600065
hardware_session0,949,1.5975960666104096
hardware_session0,950,0.6895300486111745
hardware_session0,951,1.0381742620843788
hardware_session0,952,1.342715695505189
hardware_session0,953,0.5797668330572444
hardware_session0,954,1.0284909922040828
hardware_session0,955,0.7514793519079266
hardware_session0,956,0.63147057124653
hardware_session0,957,0.7072250420725633
hardware_session0,958,1.6206209399735603
hardware_session0,959,0.6735537883733235
hardware_session0,960,1.0389151225491198
hardware_session0,961,2.057747205806342
hardware_session0,962,0.9187639433113679
hardware_session0,963,0.6500427710143228
hardware_session0,964,0.7714288582859355
hardware_session0,965,0.6510165131936334
hardware_session0,966,1.1409161122295743
hardware_session0,967,1.9455229765454232
hardware_session0,968,0.33424911029677384
hardware_session0,969,1.348794586828693
hardware_session0,970,1.0005253942315
hardware_session0,971,1.6334698126284943
hardware_session0,972,1.5174474575089925
hardware_session0,973,0.7373326473313287
hardware_session0,974,0.6257517042102726
hardware_session0,975,0.7016751255706336
hardware_session0,976,1.3933404620019763
hardware_session0,977,2.8216478133912117
hardware_session0,978,0.6876135756493775
hardware_session0,979,0.9757167453277332
hardware_session0,980,0.5686944229309971
hardware_session0,981,1.5117593232400863
hardware_session0,982,1.4438940614435916
hardware_session0,983,1.3512208199457945
hardware_session0,984,1.5576685249598765
hardware_session0,985,1.0659169720312909
hardware_session0,986,0.9962798840339705
hardware_session0,987,0.4819548885115512
hardware_session0,988,0.7717895561617213
hardware_session0,989,1.605206000049344
hardware_session0,990,0.8055505076398284
hardware_session0,991,1.086876480569545
hardware_session0,992,0.6295946591699498
hardware_session0,993,1.137520702939381
hardware_session0,994,1.2605300702493267
hardware_session0,995,0.8826746399988769
hardware_session0,996,0.9738773521646941
hardware_session0,997,0.950039143205538
hardware_session0,998,0.8154978304375594
hardware_session0,999,1.4357958291231503
hardware_session0,1000,0.8450544791369093
hardware_session0,1001,0.9293555473500804
hardware_session0,1002,0.925694558353557
hardware_session0,1003,0.7574601321576904
hardware_session0,1004,0.9521573439018897
hardware_session0,1005,1.2632549655216236
hardware_session0,1006,2.169323424699311
hardware_session0,1007,1.4898876640061731
hardware_session0,1008,1.2105272518198376
hardware_session0,1009,1.4930611256896982
hardware_session0,1010,1.3648862530570196
hardware_session0,1011,1.5186240956176962
hardware_session0,1012,1.3594901398600236
hardware_session0,1013,1.599761404082164
hardware_session0,1014,1.413351853713996
hardware_session0,1015,0.9356364709817121
hardware_session0,1016,0.7851210256199438
hardware_session0,1017,1.1827170102218034
hardware_session0,1018,1.159967819190682
hardware_session0,1019,0.7328827138201767
hardware_session0,1020,1.5039124612787786
hardware_session0,1021,1.1911569044013157
hardware_session0,1022,1.3941767679974524
hardware_session0,1023,0.8968641335676946
hardware_session0,1024,1.0780010078331554
hardware_session0,1025,0.7095050014144515
hardware_session0,1026,1.6552121941907616
hardware_session0,1027,1.3741155303591834
hardware_session0,1028,2.2686810965450515
hardware_session0,1029,1.3172522453622626
hardware_session0,1030,1.1312539549886977
hardware_session0,1031,1.53887773674459
hardware_session0,1032,1.5070437514347235
hardware_session0,1033,0.7047368184109
hardware_session0,1034,1.6290294022642156
hardware_session0,1035,1.263526291068596
hardware_session0,1036,0.8874622643221589
hardware_session0,1037,0.5385149724688854
hardware_session0,1038,1.4268254953938977
hardware_session0,1039,1.2511487028791621
hardware_session0,1040,1.3621356128198854
hardware_session0,1041,1.1315462292969802
hardware_session0,1042,0.5483224505544342
hardware_session0,1043,1.050661148367825
hardware_session0,1044,0.6589805752940749
hardware_session0,1045,0.5485058376783276
hardware_session0,1046,0.7092792581548868
hardware_session0,1047,1.4576759606682226
hardware_session0,1048,0.7758348942886023
hardware_session0,1049,0.9492310482654553
hardware_session0,1050,1.864004931404659
hardware_session0,1051,1.79059501424353
hardware_session0,1052,0.4193170411971787
hardware_session0,1053,0.712162774152904
hardware_session0,1054,1.3382431275823863
hardware_session0,1055,1.3440939313449498
hardware_session0,1056,0.6283840566047576
hardware_session0,1057,1.1013934723564454
hardware_session0,1058,0.9903204599153987
hardware_session0,1059,1.215473208030994
hardware_session0,1060,0.7912834666282719
hardware_session0,1061,1.7473658446976064
hardware_session0,1062,0.5499415365920862
hardware_session0,1063,1.577901123554722
hardware_session0,1064,2.105959188742118
hardware_session0,1065,0.6531986310439917
hardware_session0,1066,1.4035279487398111
hardware_session0,1067,1.2766979854891103
hardware_session0,1068,0.7946657809287851
hardware_session0,1069,1.4329117948334147
hardware_session0,1070,1.1463561392273924
hardware_session0,1071,0.6817756561942989
hardware_session0,1072,1.6599729459405586
hardware_session0,1073,0.875094079736491
hardware_session0,1074,0.8597193138318863
hardware_session0,1075,1.6325921749920809
hardware_session0,1076,0.5109903477899342
hardware_session0,1077,0.7726674515375445
hardware_session0,1078,1.1748258738270256
hardware_session0,1079,1.5353610089282936
hardware_session0,1080,0.9975335460961581
hardware_session0,1081,1.5454329527777244
hardware_session0,1082,1.0461985049119902
hardware_session0,1083,1.033685005773587
hardware_session0,1084,0.6477730690467489
hardware_session0,1085,0.7477200948077558
hardware_session0,1086,0.9948227373802014
hardware_session0,1087,0.5723790419273863
hardware_session0,1088,1.2709884859904794
hardware_session0,1089,1.596611120803858
hardware_session0,1090,0.6628236635243315
hardware_session0,1091,1.6192557036430895
hardware_session0,1092,0.6720747144714154
hardware_session0,1093,0.9883943539347875
hardware_session0,1094,1.260342205000161
hardware_session0,1095,0.6269360214472081
hardware_session0,1096,1.5815713821226585
hardware_session0,1097,0.8482703596014596
hardware_session0,1098,0.7961539052896947
hardware_session0,1099,0.43708977698056234
hardware_session0,1100,0.6470806748340866
hardware_session0,1101,0.8713607579299135
hardware_session0,1102,1.1687511228476484
hardware_session0,1103,0.898740759511586
hardware_session0,1104,1.067732333059621
hardware_session0,1105,1.3336224422086564
hardware_session0,1106,0.7367807172789459
hardware_session0,1107,0.6041250726440864
hardware_session0,1108,1.4247828714949893
hardware_session0,1109,1.3632572985934654
hardware_session0,1110,1.198841888932071
hardware_session0,1111,2.248007662074297
hardware_session0,1112,0.5652616556717509
hardware_session0,1113,1.3694020761057233
hardware_session0,1114,0.9700483312150723
hardware_session0,1115,1.0808322769600576
hardware_session0,1116,1.3645648501339196
hardware_session0,1117,2.1643584414939765
hardware_session0,1118,0.62646552575314
hardware_session0,1119,1.6093383511555563
hardware_session0,1120,0.5937269945507961
hardware_session0,1121,0.7190742023923036
hardware_session0,1122,1.1191805640069967
hardware_session0,1123,2.1886021772605107
hardware_session0,1124,0.7574359437847041
hardware_session0,1125,0.6196035212475188
hardware_session0,1126,0.6124326881124987
hardware_session0,1127,1.612387854981154
hardware_session0,1128,0.8356588096399549
hardware_session0,1129,0.7320361792829675
hardware_session0,1130,0.6215400088299571
hardware_session0,1131,1.2139907139961945
hardware_session0,1132,1.311883152354382
hardware_session0,1133,1.6898963308357202
hardware_session0,1134,1.4341068085261528
hardware_session0,1135,0.578438028297099
hardware_session0,1136,1.1618656929529045
hardware_session0,1137,0.8716359758238044
hardware_session0,1138,1.1020574454651717
hardware_session0,1139,0.874136079286695
hardware_session0,1140,1.2907544466321246
hardware_session0,1141,0.7794006430708037
hardware_session0,1142,1.0960052120761017
hardware_session0,1143,2.4391161220851068
hardware_session0,1144,1.1808680893947954
hardware_session0,1145,1.2185720908216644
hardware_session0,1146,1.270212376499952
hardware_session0,1147,0.8355600658314551
hardware_session0,1148,1.360164748499567
hardware_session0,1149,1.2416851712368089
hardware_session0,1150,1.2945052311962877
hardware_session0,1151,1.6992022992607156
hardware_session0,1152,0.6250119035451884
hardware_session0,1153,0.718243029318087
hardware_session0,1154,1.4699584108798096
hardware_session0,1155,1.313688696582132
hardware_session0,1156,0.6594971599070975
hardware_session0,1157,0.6770322760187963
hardware_session0,1158,0.8496579594059761
hardware_session0,1159,0.4958948701319131
hardware_session0,1160,1.5726813113229103
hardware_session0,1161,0.8827948812470952
hardware_session0,1162,1.433622417376792
hardware_session0,1163,2.0458500456044377
hardware_session0,1164,0.8682623251224838
hardware_session0,1165,1.3435079860835388
hardware_session0,1166,2.03178694664595
hardware_session0,1167,1.7492205574386006
hardware_session0,1168,1.0088344612922548
hardware_session0,1169,1.3635181102563911
hardware_session0,1170,2.201327943631071
hardware_session0,1171,1.5863811290571521
hardware_session0,1172,0.8642572127940755
hardware_session0,1173,2.057614040190421
hardware_session0,1174,1.1485649843660624
hardware_session0,1175,0.4876500513281068
hardware_session0,1176,0.378456369252326
hardware_session0,1177,0.9450175761086275
hardware_session0,1178,0.6419973071768283
hardware_session0,1179,0.9345596100295906
hardware_session0,1180,1.37431446561605
hardware_session0,1181,1.8972362249800638
hardware_session0,1182,1.137105291985839
hardware_session0,1183,0.4490810488873422
hardware_session0,1184,0.5854871041756763
hardware_session0,1185,0.8636484188131551
hardware_session0,1186,1.487754402083142
hardware_session0,1187,0.9137678752983828
hardware_session0,1188,1.4333801586535115
hardware_session0,1189,0.6762030966930501
hardware_session0,1190,0.8848884090726608
hardware_session0,1191,0.6151265376057594
hardware_session0,1192,0.7549992295643595
hardware_session0,1193,1.363129548679245
hardware_session0,1194,1.0671977032515931
hardware_session0,1195,1.3371640078885392
hardware_session0,1196,0.8139118805008921
hardware_session0,1197,0.8653318216885485
hardware_session0,1198,0.4161859148129762
hardware_session0,1199,0.7495641011168115
hardware_session0,1200,1.1699984756454944
hardware_session0,1201,2.2563272101317238
hardware_session0,1202,1.2047646343689797
hardware_session0,1203,0.6024194565613171
hardware_session0,1204,0.5320283536212123
hardware_session0,1205,0.8179814987948675
hardware_session0,1206,0.5598624650003715
hardware_session0,1207,1.5331548472876078
hardware_session0,1208,1.144236168641344
hardware_session0,1209,1.2415370283459575
hardware_session0,1210,0.4165254513416861
hardware_session0,1211,0.9196697455250237
hardware_session0,1212,0.6182744325454385
hardware_session0,1213,3.101748706736809
hardware_session0,1214,0.7690369958260618
hardware_session0,1215,0.5011803519371132
hardware_session0,1216,0.9609701729487591
hardware_session0,1217,1.4057841657177788
hardware_session0,1218,0.6754595709983081
hardware_session0,1219,0.9460246118090406
hardware_session0,1220,0.9697622582867942
hardware_session0,1221,0.5956319416013139
hardware_session0,1222,0.8100603188582243
hardware_session0,1223,0.7868749269736122
hardware_session0,1224,1.2889468590387676
hardware_session0,1225,1.0766717570932463
hardware_session0,1226,0.6058512179272415
hardware_session0,1227,0.9834480015476007
hardware_session0,1228,0.8535210221408756
hardware_session0,1229,0.4568839194194253
hardware_session0,1230,0.7110869088935946
hardware_session0,1231,0.48362552798867076
hardware_session0,1232,0.8763442717768468
hardware_session0,1233,1.0734663546368715
hardware_session0,1234,1.3812300599333984
hardware_session0,1235,1.0711215967432748
hardware_session0,1236,1.293487615926989
hardware_session0,1237,1.8727647170730388
hardware_session0,1238,0.8915950180960809
hardware_session0,1239,2.4710210342724883
hardware_session0,1240,0.6144378365185437
hardware_session0,1241,0.9971877792412798
hardware_session0,1242,0.6254338432681182
hardware_session0,1243,1.1383147891623375
hardware_session0,1244,0.5567540052947481
hardware_session0,1245,0.5912873374832295
hardware_session0,1246,1.5361984460037377
hardware_session0,1247,0.7190182387106716
hardware_session0,1248,1.15305545530462
hardware_session0,1249,1.1336341104935066
hardware_session0,1250,1.4795811561931431
hardware_session0,1251,1.251238319365134
hardware_session0,1252,1.3851154464964388
hardware_session0,1253,1.2521118154496547
hardware_session0,1254,0.3147725284426549
hardware_session0,1255,0.69566760358039
hardware_session0,1256,1.6740646400207981
hardware_session0,1257,1.141011827037947
hardware_session0,1258,1.6714648455056846
hardware_session0,1259,0.735248765518193
hardware_session0,1260,0.5253567648814578
hardware_session0,1261,2.1880791944196196
hardware_session0,1262,2.0320111936566856
hardware_session0,1263,0.9329749866577737
hardware_session0,1264,1.117546481948467
hardware_session0,1265,0.8095382504065927
hardware_session0,1266,1.771756572573004
hardware_session0,1267,1.3768200163676743
hardware_session0,1268,0.7358276317960193
hardware_session0,1269,1.2898219024053268
hardware_session0,1270,1.6985069821552634
hardware_session0,1271,0.9110572449801912
hardware_session0,1272,2.150948895418744
hardware_session0,1273,1.7600223051982875
hardware_session0,1274,1.5203935778123687
hardware_session0,1275,1.578098310025508
hardware_session0,1276,1.8985895161229704
hardware_session0,1277,0.825615166485058
hardware_session0,1278,1.58289947198866
hardware_session0,1279,1.5719092505793952
hardware_session0,1280,1.3663913546774198
hardware_session0,1281,0.6617039033068626
hardware_session0,1282,0.4948264413221006
hardware_session0,1283,0.790951343237522
hardware_session0,1284,0.8996165236054245
hardware_session0,1285,1.9189862190131273
hardware_session0,1286,1.3403159691147675
hardware_session0,1287,0.8377250579759496
hardware_session0,1288,1.2824976603349896
hardware_session0,1289,0.7412336652022053
hardware_session0,1290,1.0677104846907248
hardware_session0,1291,1.2364027676916987
hardware_session0,1292,1.4140014470972806
hardware_session0,1293,1.221580627053721
hardware_session0,1294,1.0234326176289044
hardware_session0,1295,0.53733664524471
hardware_session0,1296,0.951328720933318
hardware_session0,1297,0.9219652953079498
hardware_session0,1298,0.4357070823081901
hardware_session0,1299,0.6031317270398779
hardware_session0,1300,1.507946296056795
hardware_session0,1301,0.5235539482466288
hardware_session0,1302,0.8753171767391227
hardware_session0,1303,1.3855116633900242
hardware_session0,1304,0.7183403344821733
hardware_session0,1305,0.8020332237772532
hardware_session0,1306,0.6996815846109659
hardware_session0,1307,0.7581494239187259
hardware_session0,1308,0.6663913598065143
hardware_session0,1309,1.4365322851269298
hardware_session0,1310,1.443736323807433
hardware_session0,1311,1.3708013039748679
hardware_session0,1312,1.6264316424842726
hardware_session0,1313,2.3432584077611147
hardware_session0,1314,0.5948589933500938
hardware_session0,1315,1.0192012969123105
hardware_session0,1316,0.786087770549128
hardware_session0,1317,1.1195047782303063
hardware_session0,1318,1.5260953756021591
hardware_session0,1319,1.941274005642177
hardware_session0,1320,0.64937054739627
hardware_session0,1321,1.1999682210214808
hardware_session0,1322,0.5161854386521834
hardware_session0,1323,0.8824342917906801
hardware_session0,1324,0.8479127195440822
hardware_session0,1325,1.444245773535488
hardware_session0,1326,1.7684277034293057
hardware_session0,1327,0.7791125858633831
hardware_session0,1328,0.5033613087924474
hardware_session0,1329,1.1072702314003502
hardware_session0,1330,1.303278017927206
hardware_session0,1331,1.4358386369339597
hardware_session0,1332,0.6028573209100333
hardware_session0,1333,1.6785669958146192
hardware_session0,1334,1.012246251282369
hardware_session0,1335,0.846198717323587
hardware_session0,1336,0.4679154967092608
hardware_session0,1337,1.2811747406221334
hardware_session0,1338,0.9387834154909482
hardware_session0,1339,0.6997641956672896
hardware_session0,1340,1.6888771831650793
hardware_session0,1341,1.0087131847067792
hardware_session0,1342,1.9101100838028187
hardware_session0,1343,1.7331826084588733
hardware_session0,1344,1.347060082680566
hardware_session0,1345,0.633577279169801
hardware_session0,1346,2.120642794193893
hardware_session0,1347,0.7576246571209451
hardware_session0,1348,1.2040408571123733
hardware_session0,1349,2.241907240697188
hardware_session0,1350,0.6244971728016427
hardware_session0,1351,0.8105160968771108
hardware_session0,1352,1.2316925390232325
hardware_session0,1353,0.5212677457311216
hardware_session0,1354,0.7763069542315446
hardware_session0,1355,0.9973206086943637
hardware_session0,1356,0.8310451310231018
hardware_session0,1357,1.5569116540803845
hardware_session0,1358,0.7825655874401947
hardware_session0,1359,1.6075145984670147
hardware_session0,1360,1.073039099731004
hardware_session0,1361,0.6364056943056494
hardware_session0,1362,0.7490619014121498
hardware_session0,1363,0.8980821300697674
hardware_session0,1364,0.9089678468679483
hardware_session0,1365,1.4137741091332483
hardware_session0,1366,0.7615949047651271
hardware_session0,1367,0.5409159381977592
hardware_session0,1368,0.5664000080357234
hardware_session0,1369,0.5017189219881669
hardware_session0,1370,1.1210076090821453
hardware_session0,1371,1.3970999116546499
hardware_session0,1372,0.37181200337833076
hardware_session0,1373,1.4030040301686582
hardware_session0,1374,0.4560736044871865
hardware_session0,1375,1.2395870835226561
hardware_session0,1376,0.8369469892349706
hardware_session0,1377,1.816364282814191
hardware_session0,1378,0.9326251168836657
hardware_session0,1379,0.8698211940340772
hardware_session0,1380,0.8529682033213772
hardware_session0,1381,0.7560869258304193
hardware_session0,1382,1.19997218218895
hardware_session0,1383,1.4637387233280537
hardware_session0,1384,0.4649051283156414
hardware_session0,1385,0.9612307601070939
hardware_session0,1386,0.9114002376550542
hardware_session0,1387,0.3936396832282466
hardware_session0,1388,1.4424078805858593
hardware_session0,1389,0.767648422412863
hardware_session0,1390,1.0498701977569904
hardware_session0,1391,0.74423927446234
hardware_session0,1392,1.4795032065187914
hardware_session0,1393,1.7584888532773835
hardware_session0,1394,1.3037373183828522
hardware_session0,1395,0.7068794929459693
hardware_session0,1396,1.8466114874124446
hardware_session0,1397,1.0246560619996503
hardware_session0,1398,2.1071314173287523
hardware_session0,1399,1.6095679094543012
hardware_session0,1400,0.9124071235555093
hardware_session0,1401,1.4192518144343476
hardware_session0,1402,1.2223684985082677
hardware_session0,1403,1.0278607090222331
hardware_session0,1404,1.4284141310777638
hardware_session0,1405,0.5159288086177506
hardware_session0,1406,0.7305823509982029
hardware_session0,1407,0.5057202232354258
hardware_session0,1408,0.8653413896301512
hardware_session0,1409,1.4287333067680712
hardware_session0,1410,0.8233911157667757
hardware_session0,1411,0.554295978895589
hardware_session0,1412,0.8693137522659815
hardware_session0,1413,2.2628073785739082
hardware_session0,1414,1.8451299674788677
hardware_session0,1415,1.3636928003801512
hardware_session0,1416,1.3987755153344548
hardware_session0,1417,0.8837107748212123
hardware_session0,1418,0.5673691884197628
hardware_session0,1419,0.6592033015088244
hardware_session0,1420,0.4225666070957895
hardware_session0,1421,0.40615537101452603
hardware_session0,1422,1.9088513503543478
hardware_session0,1423,0.8794034246991997
hardware_session0,1424,2.6136845860176274
hardware_session0,1425,0.9441841273049262
hardware_session0,1426,1.300857404977758
hardware_session0,1427,1.59128285329855
hardware_session0,1428,0.9362243706308412
hardware_session0,1429,0.48338812860269137
hardware_session0,1430,2.2922973004979283
hardware_session0,1431,1.5261897526845132
hardware_session0,1432,1.666856132380837
hardware_session0,1433,0.7257083185655605
hardware_session0,1434,0.4560325438327988
hardware_session0,1435,0.5868214474079579
hardware_session0,1436,1.4225179233699705
hardware_session0,1437,1.1824529925875942
hardware_session0,1438,3.2264090930562612
hardware_session0,1439,0.9907908210574147
hardware_session0,1440,1.69933269773698
hardware_session0,1441,0.812494068536317
hardware_session0,1442,2.452049549366912
hardware_session0,1443,1.3197856429733477
hardware_session0,1444,0.7959133812773496
hardware_session0,1445,1.2244964899317043
hardware_session0,1446,1.0713001880177904
hardware_session0,1447,0.9926854573147398
hardware_session0,1448,0.8741004780562834
hardware_session0,1449,1.2889683439056763
hardware_session0,1450,1.3348765380513175
hardware_session0,1451,1.1270859117584215
hardware_session0,1452,0.7480499645611444
hardware_session0,1453,0.5557071484833993
hardware_session0,1454,1.0076155166630807
hardware_session0,1455,0.6815611108968961
hardware_session0,1456,1.479232198585417
hardware_session0,1457,0.6768503383616524
hardware_session0,1458,1.292947116460411
hardware_session0,1459,0.6782185953974306
hardware_session0,1460,0.8464815570195463
hardware_session0,1461,0.9385796734522217
hardware_session0,1462,1.1904102012037021
hardware_session0,1463,3.313222779161606
hardware_session0,1464,0.7230617039612203
hardware_session0,1465,1.46644399831219
hardware_session0,1466,1.3287585050629922
hardware_session0,1467,0.8687875946183975
hardware_session0,1468,0.83033705165449
hardware_session0,1469,0.43320694489963246
hardware_session0,1470,0.8381544118601438
hardware_session0,1471,1.3772410378765412
hardware_session0,1472,0.9065974633770206
hardware_session0,1473,1.542509523211603
hardware_session0,1474,1.0512823237651974
hardware_session0,1475,2.5774421690559475
hardware_session0,1476,1.1381216057911314
hardware_session0,1477,1.4850790021595979
hardware_session0,1478,0.3578950301695075
hardware_session0,1479,1.8108245572082218
hardware_session0,1480,0.8858549263511359
hardware_session0,1481,0.7795495129211307
hardware_session0,1482,1.1937710390971303
hardware_session0,1483,0.6303125815024443
hardware_session0,1484,0.8184973622707825
hardware_session0,1485,0.9977254796038987
hardware_session0,1486,1.3818435657716008
hardware_session0,1487,0.7456936809147077
hardware_session0,1488,2.742719250779649
hardware_session0,1489,1.3206799897084254
hardware_session0,1490,1.8804422350038383
hardware_session0,1491,1.4662362839752392
hardware_session0,1492,1.238930307983876
hardware_session0,1493,1.6048846679982482
hardware_session0,1494,0.9020310114065156
hardware_session0,1495,2.169358854092247
hardware_session0,1496,1.2320007168967937
hardware_session0,1497,0.9511561797192832
hardware_session0,1498,2.1017799302012783
hardware_session0,1499,0.5008995313043028
hardware_session0,1500,1.0086155512433603
hardware_session0,1501,1.419147907666551
hardware_session0,1502,0.8478858896159699
hardware_session0,1503,0.7172043866269612
hardware_session0,1504,1.1419486503493212
hardware_session0,1505,1.6453137360599037
hardware_session0,1506,1.9898488294151457
hardware_session0,1507,0.9312531294985305
hardware_session0,1508,0.9244563336180865
hardware_session0,1509,0.5415139774041976
hardware_session0,1510,0.7467258015525632
hardware_session0,1511,0.5083699498827137
hardware_session0,1512,0.36413077522524445
hardware_session0,1513,0.7144778775714965
hardware_session0,1514,1.2158568006926234
hardware_session0,1515,1.4567263534597403
hardware_session0,1516,0.6459224228384592
hardware_session0,1517,1.211223671449687
hardware_session0,1518,1.324277332682148
hardware_session0,1519,0.4553063535562979
hardware_session0,1520,1.4493927534281663
hardware_session0,1521,1.815596745583923
hardware_session0,1522,1.5448425006599233
hardware_session0,1523,0.9160212129649686
hardware_session0,1524,0.8383721980121317
hardware_session0,1525,1.1163086351912284
hardware_session0,1526,0.6565955249989216
hardware_session0,1527,0.7073926292863717
hardware_session0,1528,1.2588242532434508
hardware_session0,1529,2.2551440027377843
hardware_session0,1530,0.6245579437492164
hardware_session0,1531,1.63816550150202
hardware_session0,1532,0.7502404028241092
hardware_session0,1533,0.7383363892119258
hardware_session0,1534,1.6272866299972726
hardware_session0,1535,1.53730914339411
hardware_session0,1536,0.6001562891932428
hardware_session0,1537,1.2170987422531772
hardware_session0,1538,1.1664012889725064
hardware_session0,1539,0.579844497660225
hardware_session0,1540,0.6165449624022376
hardware_session0,1541,1.8713277201975698
hardware_session0,1542,1.263495804464559
hardware_session0,1543,0.528898388203439
hardware_session0,1544,1.5851102450905568
hardware_session0,1545,1.5810802444026248
hardware_session0,1546,0.7303561913317974
hardware_session0,1547,1.5128390109581786
hardware_session0,1548,0.7614836862501666
hardware_session0,1549,2.1779968592114862
hardware_session0,1550,1.7379436646952953
hardware_session0,1551,0.6312441534139734
hardware_session0,1552,1.320033188008709
hardware_session0,1553,0.703266605038943
hardware_session0,1554,1.026838303629194
hardware_session0,1555,0.8839572494575542
hardware_session0,1556,1.4502874480044683
hardware_session0,1557,1.651526009716717
hardware_session0,1558,0.6128769943563016
hardware_session0,1559,0.7513179152312793
hardware_session0,1560,0.7531943585848495
hardware_session0,1561,1.0364591237055811
hardware_session0,1562,1.655763185621562
hardware_session0,1563,2.0061910873859325
hardware_session0,1564,0.5507713621079979
hardware_session0,1565,1.3184223623835587
hardware_session0,1566,1.1302915859016531
hardware_session0,1567,0.678955428828784
hardware_session0,1568,2.5361457280071726
hardware_session0,1569,0.9680623824132514
hardware_session0,1570,0.6175928197968684
hardware_session0,1571,0.6549358261711069
hardware_session0,1572,3.0023397814335047
hardware_session0,1573,0.9968875544765002
hardware_session0,1574,0.42206529692221556
hardware_session0,1575,0.9118013563328202
hardware_session0,1576,1.531975028900288
hardware_session0,1577,0.5844537564110727
hardware_session0,1578,0.9983989825232701
hardware_session0,1579,0.869148332873634
hardware_session0,1580,0.6923624900930697
hardware_session0,1581,1.1207600688724642
hardware_session0,1582,1.9702329352609382
hardware_session0,1583,0.6683975584984923
hardware_session0,1584,0.907604002321589
hardware_session0,1585,1.0182391073813677
hardware_session0,1586,0.9356224632659442
hardware_session0,1587,1.5384247064875467
hardware_session0,1588,0.7222233155451503
hardware_session0,1589,1.259706557909469
hardware_session0,1590,1.6152813708029723
hardware_session0,1591,0.7767757512114528
hardware_session0,1592,0.724449941667102
hardware_session0,1593,0.8591062758577672
hardware_session0,1594,0.7795791972517153
hardware_session0,1595,0.8165449885727208
hardware_session0,1596,0.7796060877574683
hardware_session0,1597,1.1495745510573538
hardware_session0,1598,3.0104109759958293
hardware_session0,1599,0.7758588855255728
hardware_session0,1600,0.8081452897888576
hardware_session0,1601,0.6668056606198619
hardware_session0,1602,1.2729083461007495
hardware_session0,1603,0.7638697490489066
hardware_session0,1604,1.52016479294175
hardware_session0,1605,1.7284453726084337
hardware_session0,1606,1.3514032186358307
hardware_session0,1607,1.0417643769743203
hardware_session0,1608,1.208470617545499
hardware_session0,1609,1.3769833916793248
hardware_session0,1610,1.729487344172736
hardware_session0,1611,1.1023046804524614
hardware_session0,1612,2.0563879538473704
hardware_session0,1613,0.5481569373785774
hardware_session0,1614,2.2042026010242974
hardware_session0,1615,0.48210376371249153
hardware_session0,1616,1.6223440493027694
hardware_session0,1617,0.82172731852039
hardware_session0,1618,1.2088687850231685
hardware_session0,1619,0.7715808690504957
hardware_session0,1620,1.2435000675283443
hardware_session0,1621,1.3490667147440436
hardware_session0,1622,0.5998441548345079
hardware_session0,1623,1.1719815106445965
hardware_session0,1624,0.5953900454662344
hardware_session0,1625,0.7166287262531134
hardware_session0,1626,0.45641616901744286
hardware_session0,1627,0.9195236658762798
hardware_session0,1628,1.4722434384076204
hardware_session0,1629,1.2091556381316728
hardware_session0,1630,1.4564580833375518
hardware_session0,1631,0.7425158436803044
hardware_session0,1632,1.4334232064429786
hardware_session0,1633,1.1173395036833402
hardware_session0,1634,0.3959171554811321
hardware_session0,1635,0.7306550715548296
hardware_session0,1636,1.1350697547404995
hardware_session0,1637,0.7292440955291445
hardware_session0,1638,0.4415915722820154
hardware_session0,1639,0.650070866636805
hardware_session0,1640,0.8680902668758408
hardware_session0,1641,1.898306805647851
hardware_session0,1642,0.7538348679793309
hardware_session0,1643,1.2092823605948024
hardware_session0,1644,0.843657202254943
hardware_session0,1645,0.906182190758736
hardware_session0,1646,1.1267056890507086
hardware_session0,1647,1.2720346024802145
hardware_session0,1648,0.8877833816743127
hardware_session0,1649,1.2713326857577982
hardware_session0,1650,2.7843662655672343
hardware_session0,1651,0.9674947017911555
hardware_session0,1652,0.8202418638378132
hardware_session0,1653,1.7495269670715363
hardware_session0,1654,0.4985913178416444
hardware_session0,1655,0.6694167963084873
hardware_session0,1656,0.5164315736391194
hardware_session0,1657,0.6733255142409691
hardware_session0,1658,1.3914415145472965
hardware_session0,1659,1.5152710119057453
hardware_session0,1660,1.7353722626235584
hardware_session0,1661,0.5453996870995705
hardware_session0,1662,1.1264341125129873
hardware_session0,1663,2.2105926200473203
hardware_session0,1664,1.001055363759934
hardware_session0,1665,1.0019608470239956
hardware_session0,1666,2.897524326461631
hardware_session0,1667,1.1763780566107296
hardware_session0,1668,1.3753089481172416
hardware_session0,1669,0.9972945206765356
hardware_session0,1670,1.0855119957388888
hardware_session0,1671,0.6494130516049551
hardware_session0,1672,1.0793321473943336
hardware_session0,1673,1.0800697317714794
hardware_session0,1674,1.1996109726854285
hardware_session0,1675,1.2361225926305333
hardware_session0,1676,0.5545597226851169
hardware_session0,1677,0.5964747375419344
hardware_session0,1678,0.667512495106402
hardware_session0,1679,1.3778706475197864
hardware_session0,1680,1.0486079594693
hardware_session0,1681,1.247212731923309
hardware_session0,1682,1.403985705213515
hardware_session0,1683,0.6891778234679667
hardware_session0,1684,1.0702497341777666
hardware_session0,1685,1.087068657299332
hardware_session0,1686,2.005701887692631
hardware_session0,1687,1.1608805021321398
hardware_session0,1688,0.7821681552234965
hardware_session0,1689,0.9273311579548998
hardware_session0,1690,1.5460749545833445
hardware_session0,1691,1.662958263773947
hardware_session0,1692,0.9828002786640766
hardware_session0,1693,1.7550809088374404
hardware_session0,1694,0.4778594112048047
hardware_session0,1695,1.4639709984108875
hardware_session0,1696,0.6665217175948039
hardware_session0,1697,1.7359079147328886
hardware_session0,1698,0.9799009138766467
hardware_session0,1699,0.483054471324955
hardware_session0,1700,1.8064713312606429
hardware_session0,1701,0.8158322164710085
hardware_session0,1702,0.9082254310303515
hardware_session0,1703,1.7801673682750618
hardware_session0,1704,1.4220882462396234
hardware_session0,1705,1.5150890512530435
hardware_session0,1706,1.3064231382214746
hardware_session0,1707,0.9653994337882369
hardware_session0,1708,1.385426739552196
hardware_session0,1709,1.3251918202085267
hardware_session0,1710,1.2114742237425162
hardware_session0,1711,1.9732685064312652
hardware_session0,1712,1.7884108556304779
hardware_session0,1713,0.7506379739360296
hardware_session0,1714,2.5467183305437047
hardware_session0,1715,1.067028846443867
hardware_session0,1716,0.6701851372721868
hardware_session0,1717,0.6201944604104804
hardware_session0,1718,2.441287985097219
hardware_session0,1719,1.869170963156272
hardware_session0,1720,0.9220381442574803
hardware_session0,1721,1.0921675972174294
hardware_session0,1722,1.1124751442944543
hardware_session0,1723,0.5695040526091163
hardware_session0,1724,0.6858651011028085
hardware_session0,1725,0.9380369969854603
hardware_session0,1726,0.7859287168787508
hardware_session0,1727,1.9801173507172847
hardware_session0,1728,1.3370238069869356
hardware_session0,1729,1.4738467610941572
hardware_session0,1730,1.7001480139417773
hardware_session0,1731,1.0072657475433662
hardware_session0,1732,1.3706543366411585
hardware_session0,1733,1.0174414104393579
hardware_session0,1734,1.4429719966445669
hardware_session0,1735,0.551375843117844
hardware_session0,1736,1.0122801864805464
hardware_session0,1737,0.4866206955744045
hardware_session0,1738,2.950746979692255
hardware_session0,1739,2.493016179789113
hardware_session0,1740,0.7324984130034023
hardware_session0,1741,0.752270711740763
hardware_session0,1742,1.2946929332978425
hardware_session0,1743,0.9122626232250356
hardware_session0,1744,1.0562374673965376
hardware_session0,1745,0.5193329740830483
hardware_session0,1746,1.232772773404477
hardware_session0,1747,1.1377837876137333
hardware_session0,1748,0.8423164699959615
hardware_session0,1749,1.1887563733721358
hardware_session0,1750,1.528440417482845
hardware_session0,1751,0.8939394499588637
hardware_session0,1752,2.7774598467039135
hardware_session0,1753,0.9078983146198076
hardware_session0,1754,2.21168985220248
hardware_session0,1755,1.678889343895179
hardware_session0,1756,0.5782930247801924
hardware_session0,1757,0.9420736754839556
hardware_session0,1758,0.9431831785252269
hardware_session0,1759,1.3537579887767714
hardware_session0,1760,1.2811776245855302
hardware_session0,1761,0.6336899519777645
hardware_session0,1762,0.9159374509114042
hardware_session0,1763,0.8595036589677484
hardware_session0,1764,0.5383804482913925
hardware_session0,1765,1.7797448594802827
hardware_session0,1766,1.2295878921660104
hardware_session0,1767,1.3530699765187237
hardware_session0,1768,0.40000580590803003
hardware_session0,1769,0.7575469489964297
hardware_session0,1770,0.6373107893908683
hardware_session0,1771,0.9433335294110822
hardware_session0,1772,2.154659411730693
hardware_session0,1773,0.7036082256009234
hardware_session0,1774,0.7449462443426007
hardware_session0,1775,0.7525142978927377
hardware_session0,1776,0.7954690926906723
hardware_session0,1777,1.3708941212140433
hardware_session0,1778,0.6337978617129935
hardware_session0,1779,0.6968922052962944
hardware_session0,1780,1.2627441246194469
hardware_session0,1781,1.1394282297595208
hardware_session0,1782,0.8314068712673098
hardware_session0,1783,1.0429640753665717
hardware_session0,1784,0.8933688156789766
hardware_session0,1785,1.6366933743681544
hardware_session0,1786,0.39869277005835024
hardware_session0,1787,1.4345033877008728
hardware_session0,1788,1.0394333891144767
hardware_session0,1789,1.2525415532863546
hardware_session0,1790,0.46735792225978307
hardware_session0,1791,1.7124313562641345
hardware_session0,1792,0.916006362804575
hardware_session0,1793,1.196128706598607
hardware_session0,1794,0.5667278536052283
hardware_session0,1795,0.5762331045124507
hardware_session0,1796,1.586220687854102
hardware_session0,1797,0.9626656868413601
hardware_session0,1798,0.5062594433159988
hardware_session0,1799,0.3787995565894634
hardware_session0,1800,0.6526007035784748
hardware_session0,1801,1.8560750761953455
hardware_session0,1802,0.9971001847604114
hardware_session0,1803,0.6169057458921967
hardware_session0,1804,0.4834518997917348
hardware_session0,1805,1.0211773841710818
hardware_session0,1806,2.0890896303226643
hardware_session0,1807,0.8948963499192779
hardware_session0,1808,1.3577420844012607
hardware_session0,1809,0.4345260451693572
hardware_session0,1810,1.9044606587494128
hardware_session0,1811,0.6992707926243362
hardware_session0,1812,1.4747727991554291
hardware_session0,1813,1.2221408161844889
hardware_session0,1814,0.5698014272970277
hardware_session0,1815,0.5757493419295475
hardware_session0,1816,1.000673379068178
hardware_session0,1817,1.6245986312351464
hardware_session0,1818,1.0577971867830291
hardware_session0,1819,1.2490065802387444
hardware_session0,1820,1.5968724672299623
hardware_session0,1821,1.2907469570689323
hardware_session0,1822,0.5934952879734358
hardware_session0,1823,0.8180497388395934
hardware_session0,1824,0.8834606217750023
hardware_session0,1825,1.9415513277356287
hardware_session0,1826,1.8454180511614584
hardware_session0,1827,0.8331579976532476
hardware_session0,1828,0.6218295241030534
hardware_session0,1829,0.9781116435710855
hardware_session0,1830,0.4786236514204934
hardware_session0,1831,1.9562969451614003
hardware_session0,1832,1.9629254866297392
hardware_session0,1833,1.0001992465650313
hardware_session0,1834,1.9953978319614898
hardware_session0,1835,0.6822543596655775
hardware_session0,1836,0.8497142396503055
hardware_session0,1837,1.1699453895884206
hardware_session0,1838,1.0418876410454494
hardware_session0,1839,1.9232293695880702
hardware_session0,1840,0.7985125585129454
hardware_session0,1841,0.7237680672362129
hardware_session0,1842,0.6007072861229948
hardware_session0,1843,0.6283865738420332
hardware_session0,1844,2.2856595934379476
hardware_session0,1845,2.164525115265959
hardware_session0,1846,0.5294721722926469
hardware_session0,1847,0.5373196190524778
hardware_session0,1848,1.6349520039759924
hardware_session0,1849,0.9113654758016249
hardware_session0,1850,0.8101109945625591
hardware_session0,1851,0.5320328497976872
hardware_session0,1852,1.0907451678895121
hardware_session0,1853,0.6423224725290038
hardware_session0,1854,1.716169709422988
hardware_session0,1855,1.9732026172031176
hardware_session0,1856,1.6637818818587153
hardware_session0,1857,1.4176204948071718
hardware_session0,1858,0.6020793868403316
hardware_session0,1859,0.9651681751382036
hardware_session0,1860,1.0851504496693152
hardware_session0,1861,0.9996625982007352
hardware_session0,1862,1.4974625055199984
hardware_session0,1863,1.7344196803458563
hardware_session0,1864,2.379096388983635
hardware_session0,1865,0.6616433224369003
hardware_session0,1866,0.7380403704541455
hardware_session0,1867,1.0277501181928674
hardware_session0,1868,2.1573190506907345
hardware_session0,1869,0.80014822683397
hardware_session0,1870,1.6624042589268058
hardware_session0,1871,0.7548431598940746
hardware_session0,1872,0.5026953075910311
hardware_session0,1873,1.5320764281971793
hardware_session0,1874,1.4107330683789177
hardware_session0,1875,0.8022911265969265
hardware_session0,1876,0.5491917537673209
hardware_session0,1877,0.9702941084433757
hardware_session0,1878,0.7292966057561318
hardware_session0,1879,0.8914348533632058
hardware_session0,1880,0.5689617511485944
hardware_session0,1881,0.6263040571014294
hardware_session0,1882,1.1481824734320971
hardware_session0,1883,1.7834205773041922
hardware_session0,1884,0.5560513695319423
hardware_session0,1885,1.3869828843726415
hardware_session0,1886,0.6942209609926813
hardware_session0,1887,1.4550231284131476
hardware_session0,1888,0.8320949905380652
hardware_session0,1889,1.8009942842519093
hardware_session0,1890,0.8237308344181872
hardware_session0,1891,1.0711765218629785
hardware_session0,1892,0.6310649343183471
hardware_session0,1893,0.7200094324190414
hardware_session0,1894,0.8620034844245889
hardware_session0,1895,0.4332867517596777
hardware_session0,1896,0.6892628065836028
hardware_session0,1897,1.3474716428508808
hardware_session0,1898,1.0405611729755742
hardware_session0,1899,0.7898268828827006
hardware_session0,1900,1.1997508657404419
hardware_session0,1901,0.5983514242887882
hardware_session0,1902,0.7453126969872715
hardware_session0,1903,0.4789356066736571
hardware_session0,1904,1.413300149824104
hardware_session0,1905,0.927487096462355
hardware_session0,1906,1.0174219732364196
hardware_session0,1907,0.9032964475443966
hardware_session0,1908,0.4822382275252348
hardware_session0,1909,0.827496714979137
hardware_session0,1910,1.1819522446089699
hardware_session0,1911,0.9685931864492718
hardware_session0,1912,1.6182097209147666
hardware_session0,1913,1.366945765300374
hardware_session0,1914,0.38108921836555676
hardware_session0,1915,1.4126420984279093
hardware_session0,1916,0.5420339362600607
hardware_session0,1917,0.5732949127532868
hardware_session0,1918,1.7235313316516894
hardware_session0,1919,0.6287762343029423
hardware_session0,1920,0.6701691040987755
hardware_session0,1921,0.5845280588019828
hardware_session0,1922,1.6282911361093075
hardware_session0,1923,1.3607974507275744
hardware_session0,1924,1.0061573538965813
hardware_session0,1925,1.1443759821046025
hardware_session0,1926,1.2382527640430299
hardware_session0,1927,0.7962089002230773
hardware_session0,1928,1.0635574699800259
hardware_session0,1929,1.4044790100027387
hardware_session0,1930,1.2277104626763835
hardware_session0,1931,1.262335535106498
hardware_session0,1932,0.5937269945507961
hardware_session0,1933,1.191717429626211
hardware_session0,1934,1.0525447415141123
hardware_session0,1935,1.0198120833727862
hardware_session0,1936,1.0084028850976152
hardware_session0,1937,0.7559980115345954
hardware_session0,1938,0.868510348896423
hardware_session0,1939,0.9068846014473183
hardware_session0,1940,0.8496242577094665
hardware_session0,1941,0.8022612185590248
hardware_session0,1942,1.5216764631600284
hardware_session0,1943,0.7163236281603981
hardware_session0,1944,0.4911989975484095
hardware_session0,1945,0.5469999131382183
hardware_session0,1946,1.8917767241912329
hardware_session0,1947,2.59243592962414
hardware_session0,1948,0.8755637052079608
hardware_session0,1949,0.6085994257277333
hardware_session0,1950,0.4982879398261948
hardware_session0,1951,0.38799160555666745
hardware_session0,1952,0.5839494888955024
hardware_session0,1953,1.3109379337015314
hardware_session0,1954,1.2334541927694966
hardware_session0,1955,1.2631640802315538
hardware_session0,1956,0.8369972101085442
hardware_session0,1957,1.4128916010485002
hardware_session0,1958,0.9951075995553371
hardware_session0,1959,0.6511632971276329
hardware_session0,1960,1.026239720124714
hardware_session0,1961,0.8234596431701469
hardware_session0,1962,0.862074670583299
hardware_session0,1963,0.3180818561849242
hardware_session0,1964,1.3614762623243037
hardware_session0,1965,1.8756286180759019
hardware_session0,1966,0.9911539508326462
hardware_session0,1967,0.83144436397935
hardware_session0,1968,0.6349297338754532
hardware_session0,1969,0.6819898674799502
hardware_session0,1970,1.5069944304283387
hardware_session0,1971,1.5748156644478912
hardware_session0,1972,1.5047061265754564
hardware_session0,1973,0.8333722056222196
hardware_session0,1974,0.816835840617494
hardware_session0,1975,1.3788692789731631
hardware_session0,1976,1.186991549020269
hardware_session0,1977,0.7785358277343334
hardware_session0,1978,0.5485353560265893
hardware_session0,1979,1.7170042838558068
hardware_session0,1980,0.5963872820467665
hardware_session0,1981,1.0776729236565832
hardware_session0,1982,0.70972461130417
hardware_session0,1983,0.740487437149359
hardware_session0,1984,0.5605273352233853
hardware_session0,1985,0.5514324736353419
hardware_session0,1986,1.7238230013912883
hardware_session0,1987,1.8734350661587442
hardware_session0,1988,0.6586048670169905
hardware_session0,1989,1.115493107685935
hardware_session0,1990,2.7661206624235315
hardware_session0,1991,0.9704685825233365
hardware_session0,1992,1.3849728066140525
hardware_session0,1993,0.7615628219538412
hardware_session0,1994,1.3875923596288542
hardware_session0,1995,0.7322893709611648
hardware_session0,1996,1.0377907762015213
hardware_session0,1997,0.6286361316169973
hardware_session0,1998,0.8993699253756166
hardware_session0,1999,0.6203076472830121
hardware_session0,2000,1.539969350767343
hardware_session0,2001,0.4966256615297931
hardware_session0,2002,0.7480427059479517
hardware_session0,2003,1.2256693690848939
hardware_session0,2004,2.050134511426569
hardware_session0,2005,0.5047366168872068
hardware_session0,2006,0.7053141648583686
hardware_session0,2007,1.8552188320483878
hardware_session0,2008,0.6066516415827875
hardware_session0,2009,0.6572015692715392
hardware_session0,2010,1.4564399635096446
hardware_session0,2011,1.3208083643467134
hardware_session0,2012,0.5233976198146779
hardware_session0,2013,1.3557798628544173
hardware_session0,2014,0.6949135071066481
hardware_session0,2015,1.5192549429120463
hardware_session0,2016,1.0556039368826204
hardware_session0,2017,0.4881763743153177
hardware_session0,2018,1.0305309148327748
hardware_session0,2019,1.1853359298875379
hardware_session0,2020,0.8677181685697745
hardware_session0,2021,0.977487828908623
hardware_session0,2022,1.484664918836434
hardware_session0,2023,2.397157972873123
hardware_session0,2024,0.5444585895522803
hardware_session0,2025,0.9752758006697088
hardware_session0,2026,0.6127168582227606
hardware_session0,2027,1.3431479564063864
hardware_session0,2028,1.0588683262918341
hardware_session0,2029,0.9493833886800709
hardware_session0,2030,0.4346657426212959
hardware_session0,2031,0.5441329592355121
hardware_session0,2032,0.828627641305833
hardware_session0,2033,2.541364653133355
hardware_session0,2034,1.6639784114143898
hardware_session0,2035,0.478753655622833
hardware_session0,2036,0.84559273575599
hardware_session0,2037,0.8988101875198841
hardware_session0,2038,1.2259191601903394
hardware_session0,2039,1.003216810880088
hardware_session0,2040,0.7141889281667189
hardware_session0,2041,1.1486267087905038
hardware_session0,2042,0.9271657900694339
hardware_session0,2043,0.9706232089924393
hardware_session0,2044,0.8164067300700031
hardware_session0,2045,0.7859724749610973
hardware_session0,2046,0.4770919774044238
hardware_session0,2047,2.184253346555149
hardware_session0,2048,1.3138374586448294
hardware_session0,2049,1.8124756104588837
hardware_session0,2050,0.8245990816960128
hardware_session0,2051,1.4637012720133982
hardware_session0,2052,0.6626009655337699
hardware_session0,2053,0.5887493218656706
hardware_session0,2054,1.3192846084219103
hardware_session0,2055,1.2047464267252685
hardware_session0,2056,0.9586778728796234
hardware_session0,2057,0.6164371878281671
hardware_session0,2058,1.1889656800107853
hardware_session0,2059,1.0210912155007439
hardware_session0,2060,0.6620257428438349
hardware_session0,2061,0.9207332719958569
hardware_session0,2062,1.7433789713863295
hardware_session0,2063,1.465871091430154
hardware_session0,2064,0.5603989540155377
hardware_session0,2065,1.4837486270245028
hardware_session0,2066,0.7363075554809083
hardware_session0,2067,1.0170436614626868
hardware_session0,2068,1.612757551908858
hardware_session0,2069,0.6700820553936131
hardware_session0,2070,1.5550768476299204
hardware_session0,2071,1.1886409918562755
hardware_session0,2072,0.9841710225438697
hardware_session0,2073,1.2292405896229397
hardware_session0,2074,1.8164766300079014
hardware_session0,2075,0.6323067669724858
hardware_session0,2076,0.9359084151872641
hardware_session0,2077,1.285308180466261
hardware_session0,2078,0.5729329496054438
hardware_session0,2079,0.7658390186214544
hardware_session0,2080,0.8819868924166997
hardware_session0,2081,1.4046320392385814
hardware_session0,2082,1.1769657363338322
hardware_session0,2083,1.2952053896510964
hardware_session0,2084,0.8808216423212175
hardware_session0,2085,0.6044958751587026
hardware_session0,2086,0.5552074902292222
hardware_session0,2087,0.6874769909286865
hardware_session0,2088,1.5053466182921182
hardware_session0,2089,1.5451723122325693
hardware_session0,2090,0.6022313625546543
hardware_session0,2091,1.1037307962708471
hardware_session0,2092,0.8405814029346917
hardware_session0,2093,1.6108478491119287
hardware_session0,2094,0.8486117095220426
hardware_session0,2095,0.9649938425778815
hardware_session0,2096,0.7859949457689343
hardware_session0,2097,1.4516681848555752
hardware_session0,2098,1.4146872503451104
hardware_session0,2099,1.0037985109906493
hardware_session0,2100,0.8434599474846305
hardware_session0,2101,1.1599966821483347
hardware_session0,2102,0.996471887104509
hardware_session0,2103,0.4562390411083138
hardware_session0,2104,0.7084428477944371
hardware_session0,2105,0.9477778344653448
hardware_session0,2106,1.0063230855822431
hardware_session0,2107,0.9110521122580209
hardware_session0,2108,0.5762451021297673
hardware_session0,2109,1.1861839622112744
hardware_session0,2110,0.4726292272583258
hardware_session0,2111,0.7773760403163587
hardware_session0,2112,0.7823475107211163
hardware_session0,2113,0.8186133330954335
hardware_session0,2114,1.3756428159880791
hardware_session0,2115,0.7657527672875034
hardware_session0,2116,0.7002540675867543
hardware_session0,2117,1.548629753839128
hardware_session0,2118,0.5659915858302218
hardware_session0,2119,0.7356483104307534
hardware_session0,2120,0.6263699609917488
hardware_session0,2121,1.06819891431816
hardware_session0,2122,1.154051366267851
hardware_session0,2123,0.6665036112588212
hardware_session0,2124,0.9695996678197816
hardware_session0,2125,0.6674217069459559
hardware_session0,2126,1.296501875260634
hardware_session0,2127,0.5772170492403138
hardware_session0,2128,0.8031751727548532
hardware_session0,2129,1.7981711216674734
hardware_session0,2130,0.8349989402331541
hardware_session0,2131,0.661573376017684
hardware_session0,2132,0.7457400157407525
hardware_session0,2133,0.6927959059321384
hardware_session0,2134,0.5801834263578882
hardware_session0,2135,1.3970826609967526
hardware_session0,2136,1.5663459849688046
hardware_session0,2137,1.5410277963064958
hardware_session0,2138,0.6415581568258778
hardware_session0,2139,0.5751297587642539
hardware_session0,2140,0.8475584879444287
hardware_session0,2141,1.0037929516506152
hardware_session0,2142,1.5605921512875893
hardware_session0,2143,0.4824798433751617
hardware_session0,2144,2.2221608971465363
hardware_session0,2145,1.6278797629866864
hardware_session0,2146,0.5560760260061142
hardware_session0,2147,0.6330237136151676
hardware_session0,2148,2.536279822002572
hardware_session0,2149,0.4418259700670443
hardware_session0,2150,0.740289922706168
hardware_session0,2151,0.8296170348088293
hardware_session0,2152,0.541005046989044
hardware_session0,2153,1.441014498210603
hardware_session0,2154,0.6367482100319737
hardware_session0,2155,1.1939575154601514
hardware_session0,2156,1.9074051518660946
hardware_session0,2157,1.4723074801239027
hardware_session0,2158,1.4869084650904563
hardware_session0,2159,0.39330002383477725
hardware_session0,2160,0.7811069624525308
hardware_session0,2161,0.6445070523790026
hardware_session0,2162,1.109001332815757
hardware_session0,2163,0.48324191331811894
hardware_session0,2164,0.6422181226866677
hardware_session0,2165,0.5642645135435247
hardware_session0,2166,1.004550802225242
hardware_session0,2167,1.5186329642736671
hardware_session0,2168,0.4264327560069737
hardware_session0,2169,1.2206031942804534
hardware_session0,2170,2.3150869830998286
hardware_session0,2171,0.596152118957628
hardware_session0,2172,1.326056056980763
hardware_session0,2173,1.3470829664677841
hardware_session0,2174,1.0810863922214276
hardware_session0,2175,0.6838868800615562
hardware_session0,2176,2.340826945482124
hardware_session0,2177,0.9058731452426074
hardware_session0,2178,1.537884950551243
hardware_session0,2179,0.7924844848978346
hardware_session0,2180,2.0685496572562485
hardware_session0,2181,1.0957446904276684
hardware_session0,2182,0.929700768210654
hardware_session0,2183,0.6394583415970042
hardware_session0,2184,1.1863258247890804
hardware_session0,2185,0.7713794207614906
hardware_session0,2186,1.339830011512962
hardware_session0,2187,1.5090209374676165
hardware_session0,2188,0.747026804772906
hardware_session0,2189,0.9301661191110189
hardware_session0,2190,1.852014192842984
hardware_session0,2191,1.828456166444355
hardware_session0,2192,1.6911596795959665
hardware_session0,2193,1.022492005192906
hardware_session0,2194,0.7876330991880204
hardware_session0,2195,1.3466338152938349
hardware_session0,2196,0.5486268334170362
hardware_session0,2197,1.3307331821203214
hardware_session0,2198,1.5041454806514147
hardware_session0,2199,0.9572103759988427
hardware_session0,2200,1.3005513109717899
hardware_session0,2201,1.3862247613949537
hardware_session0,2202,0.698721064776018
hardware_session0,2203,0.6824673575806601
hardware_session0,2204,0.8090336793985714
hardware_session0,2205,0.6755034814461888
hardware_session0,2206,0.9510313431851642
hardware_session0,2207,0.5987321794618344
hardware_session0,2208,1.1678907377910213
hardware_session0,2209,0.8698059901725811
hardware_session0,2210,1.0513644942097686
hardware_session0,2211,1.524403423285392
hardware_session0,2212,0.600969335383381
hardware_session0,2213,0.7125367249650503
hardware_session0,2214,1.2709305953944037
hardware_session0,2215,1.1801967741247483
hardware_session0,2216,1.1277315817879459
hardware_session0,2217,1.2375831088963583
hardware_session0,2218,2.223028761885522
hardware_session0,2219,1.609224708848604
hardware_session0,2220,2.14238459351777
hardware_session0,2221,1.6162483495390452
hardware_session0,2222,0.6679150003258006
hardware_session0,2223,0.6248942507215182
hardware_session0,2224,1.6573801944557636
hardware_session0,2225,1.9202964265933424
hardware_session0,2226,1.0628553538287417
hardware_session0,2227,1.8850133860619815
hardware_session0,2228,1.2253978204753073
hardware_session0,2229,0.7455393339161773
hardware_session0,2230,1.4167639244309391
hardware_session0,2231,0.7315963234982977
hardware_session0,2232,0.5720974497220473
hardware_session0,2233,0.8482029838259129
hardware_session0,2234,1.4532551811286576
hardware_session0,2235,1.4355055428392072
hardware_session0,2236,0.8289568581545791
hardware_session0,2237,0.6841326537598826
hardware_session0,2238,0.9545550482322187
hardware_session0,2239,0.618406990860328
hardware_session0,2240,0.5373392799570968
hardware_session0,2241,0.6445317374550815
hardware_session0,2242,0.987397353342595
hardware_session0,2243,1.190532727394546
hardware_session0,2244,1.1070286590710021
hardware_session0,2245,1.4143379002010725
hardware_session0,2246,1.5554043015099945
hardware_session0,2247,0.5658977267742133
hardware_session0,2248,0.7578393878152826
hardware_session0,2249,0.8852814736158998
hardware_session0,2250,0.7476432743100411
hardware_session0,2251,0.8360450009017516
hardware_session0,2252,0.9777155831053711
hardware_session0,2253,0.6556523523792365
hardware_session0,2254,1.509819747972741
hardware_session0,2255,2.1835021045698273
hardware_session0,2256,0.8492074403627372
hardware_session0,2257,1.9016953135239256
hardware_session0,2258,0.9595850141798392
hardware_session0,2259,0.8052833556183392
hardware_session0,2260,1.109001332815757
hardware_session0,2261,1.216195186109262
hardware_session0,2262,1.810510049004914
hardware_session0,2263,1.6782136150935367
hardware_session0,2264,1.7884871341293491
hardware_session0,2265,1.726414714825025
hardware_session0,2266,1.8732569101248644
hardware_session0,2267,1.1425740456560398
hardware_session0,2268,2.390488168867583
hardware_session0,2269,1.6465487201402276
hardware_session0,2270,0.5777842030577025
hardware_session0,2271,0.9797169154837121
hardware_session0,2272,1.3019363102629506
hardware_session0,2273,1.5514447248175898
hardware_session0,2274,1.9884389413295296
hardware_session0,2275,0.5148532180663459
hardware_session0,2276,0.9080950855298773
hardware_session0,2277,1.3636758205510844
hardware_session0,2278,1.6800948197925167
hardware_session0,2279,1.0852044745500666
hardware_session0,2280,0.9230914343433528
hardware_session0,2281,1.2266618896210588
hardware_session0,2282,1.350664005505533
hardware_session0,2283,1.1715489871032545
hardware_session0,2284,0.545122086176932
hardware_session0,2285,1.2829085005221033
hardware_session0,2286,1.1611710637318495
hardware_session0,2287,1.2739214237490648
hardware_session0,2288,0.9693631258363079
hardware_session0,2289,0.5739549116489805
hardware_session0,2290,0.5044289996410778
hardware_session0,2291,0.5294004071124352
hardware_session0,2292,0.7477677199533476
hardware_session0,2293,0.734895458773793
hardware_session0,2294,1.0285568390186268
hardware_session0,2295,1.4514445988828106
hardware_session0,2296,1.7106172795310368
hardware_session0,2297,0.8927120584493944
hardware_session0,2298,1.262151096520826
hardware_session0,2299,1.1168129271577745
hardware_session0,2300,1.0326897881591446
hardware_session0,2301,1.7242988570017708
hardware_session0,2302,1.2993293931706482
hardware_session0,2303,0.6265637385448003
hardware_session0,2304,1.1065380624570322
hardware_session0,2305,1.6248069437957098
hardware_session0,2306,1.888718678674713
hardware_session0,2307,0.7019988391716673
hardware_session0,2308,0.5480799584225332
hardware_session0,2309,0.6265830925637763
hardware_session0,2310,2.624614651803244
hardware_session0,2311,0.8301503136617171
hardware_session0,2312,0.5195563945910453
hardware_session0,2313,0.6218725344830796
hardware_session0,2314,1.4572674998488906
hardware_session0,2315,0.8640827292771184
hardware_session0,2316,0.701107189326554
hardware_session0,2317,1.8511528410654534
hardware_session0,2318,1.2652375251328678
hardware_session0,2319,0.8285834182288501
hardware_session0,2320,0.4497860124953285
hardware_session0,2321,0.5578123013747209
hardware_session0,2322,1.5491013807929135
hardware_session0,2323,1.5356787591598196
hardware_session0,2324,1.8816530096880741
hardware_session0,2325,0.4379210858654291
hardware_session0,2326,1.0735764011284172
hardware_session0,2327,1.6712523397377517
hardware_session0,2328,0.8552515664251693
hardware_session0,2329,0.5361475193136586
hardware_session0,2330,1.3477931373154788
hardware_session0,2331,0.7383668037842632
hardware_session0,2332,0.7267513873000995
hardware_session0,2333,1.3457759286728104
hardware_session0,2334,1.7671913295400241
hardware_session0,2335,0.5898929953580577
hardware_session0,2336,1.4826564515457528
hardware_session0,2337,0.6077908374166716
hardware_session0,2338,1.6064232400996794
hardware_session0,2339,0.5706061472910291
hardware_session0,2340,1.5941979442633918
hardware_session0,2341,0.8722685437828281
hardware_session0,2342,0.9357155113713682
hardware_session0,2343,1.9057807512626936
hardware_session0,2344,0.8205929410687407
hardware_session0,2345,1.4549112376514726
hardware_session0,2346,0.8423335144377456
hardware_session0,2347,1.22968477548876
hardware_session0,2348,1.1881102345321628
hardware_session0,2349,0.8914908396131492
hardware_session0,2350,0.9557737479417414
hardware_session0,2351,2.681252257383566
hardware_session0,2352,0.8031756012529315
hardware_session0,2353,1.374078296408081
hardware_session0,2354,0.48215099805462236
hardware_session0,2355,1.6226308947364931
hardware_session0,2356,0.9671244492832993
hardware_session0,2357,1.238746867926212
hardware_session0,2358,1.273529382366083
hardware_session0,2359,0.7990883554202678
hardware_session0,2360,1.1820437494008607
hardware_session0,2361,0.9455129854080345
hardware_session0,2362,2.3145284072615735
hardware_session0,2363,1.7277832767001136
hardware_session0,2364,2.295488332026969
hardware_session0,2365,0.7441552001278343
hardware_session0,2366,2.177681104488349
hardware_session0,2367,0.7984358947700437
hardware_session0,2368,0.8128421631464064
hardware_session0,2369,0.5216337378816457
hardware_session0,2370,1.7881539491340492
hardware_session0,2371,1.1084223880210864
hardware_session0,2372,0.8088763154846093
hardware_session0,2373,0.5197527778985578
hardware_session0,2374,1.4391605428571501
hardware_session0,2375,0.5478691022440915
hardware_session0,2376,0.9675509600433404
hardware_session0,2377,0.3532857422278572
hardware_session0,2378,0.3818435979720365
hardware_session0,2379,0.4353060581775678
hardware_session0,2380,0.9841847581864259
hardware_session0,2381,0.5827482843589803
hardware_session0,2382,0.7775145843326616
hardware_session0,2383,1.7900100536720698
hardware_session0,2384,0.858197804510242
hardware_session0,2385,1.000411345289259
hardware_session0,2386,0.7741003272191843
hardware_session0,2387,1.144189918605672
hardware_session0,2388,1.829850415220427
hardware_session0,2389,0.9181097898722992
hardware_session0,2390,0.9552209762219394
hardware_session0,2391,0.476282785639801
hardware_session0,2392,0.7365025522817998
hardware_session0,2393,1.496531746645536
hardware_session0,2394,1.3133521035953701
hardware_session0,2395,2.1325977083874004
hardware_session0,2396,1.0484008107907803
hardware_session0,2397,0.5709338310317448
hardware_session0,2398,1.3511965235186143
hardware_session0,2399,0.6267398118410821
hardware_session0,2400,0.8827377537609803
hardware_session0,2401,1.2179937703164907
hardware_session0,2402,1.4337869163224415
hardware_session0,2403,0.6926635595499526
hardware_session0,2404,1.2599050510243737
hardware_session0,2405,1.9563280792870767
hardware_session0,2406,0.45427437293680634
hardware_session0,2407,1.9289333626111183
hardware_session0,2408,1.3952633666544632
hardware_session0,2409,0.616778726492325
hardware_session0,2410,0.8653318216885485
hardware_session0,2411,1.2003390016082491
hardware_session0,2412,1.5975578097241003
hardware_session0,2413,1.2884283803316414
hardware_session0,2414,1.8215576876153838
hardware_session0,2415,1.25533514247161
hardware_session0,2416,0.4874436062463672
hardware_session0,2417,1.032228634784202
hardware_session0,2418,0.7517401669469034
hardware_session0,2419,3.14736708089553
hardware_session0,2420,1.006970241118149
hardware_session0,2421,1.1688683694248938
hardware_session0,2422,2.2345336779248712
hardware_session0,2423,1.9776268677375535
hardware_session0,2424,0.9122821359903751
hardware_session0,2425,1.1103239317418576
hardware_session0,2426,2.3564051346999166
hardware_session0,2427,1.9780845386004455
hardware_session0,2428,2.350980921316587
hardware_session0,2429,1.2456385820877343
hardware_session0,2430,1.9220682233741275
hardware_session0,2431,0.7349595403080093
hardware_session0,2432,1.6967276646118
hardware_session0,2433,1.970340754312478
hardware_session0,2434,0.5872775318729733
hardware_session0,2435,0.5297614931778176
hardware_session0,2436,1.5773648357299006
hardware_session0,2437,0.7265636967720133
hardware_session0,2438,0.9756158858183656
hardware_session0,2439,1.0234035370603403
hardware_session0,2440,0.7748522400003586
hardware_session0,2441,1.6749135782521307
hardware_session0,2442,1.2679769910662289
hardware_session0,2443,1.5531601019619639
hardware_session0,2444,0.9368199546182372
hardware_session0,2445,1.0446047162614491
hardware_session0,2446,0.7847778910547937
hardware_session0,2447,1.9704668020546117
hardware_session0,2448,1.0272283837517902
hardware_session0,2449,1.9388528135869638
hardware_session0,2450,1.184741976497548
hardware_session0,2451,0.6250873033716212
hardware_session0,2452,1.5014720728662276
hardware_session0,2453,2.229865587662562
hardware_session0,2454,0.7813732394256132
hardware_session0,2455,0.7278598650955261
hardware_session0,2456,0.7847837659730894
hardware_session0,2457,2.273249927578592
hardware_session0,2458,0.5871939172533641
hardware_session0,2459,1.0822988550393897
hardware_session0,2460,0.7084641481319132
hardware_session0,2461,0.8171147465709627
hardware_session0,2462,0.8813939130297312
hardware_session0,2463,0.8883042639540814
hardware_session0,2464,0.4607823171049685
hardware_session0,2465,1.3323632898811273
hardware_session0,2466,1.187951025976466
hardware_session0,2467,0.8023502094168588
hardware_session0,2468,0.5773376437973687
hardware_session0,2469,0.871372995674347
hardware_session0,2470,0.8960245916732149
hardware_session0,2471,0.6689521531620013
hardware_session0,2472,0.7899545108425372
hardware_session0,2473,0.4424945233114882
hardware_session0,2474,1.2572091069455738
hardware_session0,2475,0.5107929609522937
hardware_session0,2476,1.5576069034631224
hardware_session0,2477,0.5842770848943499
hardware_session0,2478,0.7491410239658508
hardware_session0,2479,0.8489630465512216
hardware_session0,2480,1.4632636040359401
hardware_session0,2481,0.7127978917281331
hardware_session0,2482,1.3293003985664749
hardware_session0,2483,1.456324004464132
hardware_session0,2484,0.439169556521293
hardware_session0,2485,0.7548133797437867
hardware_session0,2486,2.2829966769910865
hardware_session0,2487,1.4479798344142014
hardware_session0,2488,0.640120831577049
hardware_session0,2489,0.9078967766597997
hardware_session0,2490,0.6363631032568272
hardware_session0,2491,1.7297909289410647
hardware_session0,2492,2.381437484161822
hardware_session0,2493,1.0854626056932257
hardware_session0,2494,3.191036361171547
hardware_session0,2495,0.5462469196882999
hardware_session0,2496,0.6404840082983637
hardware_session0,2497,2.0277924886578935
hardware_session0,2498,0.4007142573310566
hardware_session0,2499,1.1007676192416405
hardware_session0,2500,0.5609828904587049
hardware_session0,2501,1.2313568669561488
hardware_session0,2502,0.5639682950294488
hardware_session0,2503,1.4875850627285852
hardware_session0,2504,0.41766621359679423
hardware_session0,2505,1.0001740363042968
hardware_session0,2506,1.063696731748461
hardware_session0,2507,0.679375411132095
hardware_session0,2508,1.144300532974419
hardware_session0,2509,1.6505435783449431
hardware_session0,2510,1.0586572762683362
hardware_session0,2511,1.4117585165199151
hardware_session0,2512,0.4960488995891028
hardware_session0,2513,0.7717248413897506
hardware_session0,2514,1.2392128758879912
hardware_session0,2515,0.6058474707435547
hardware_session0,2516,1.136752049908098
hardware_session0,2517,1.7564694629261157
hardware_session0,2518,0.8189490129376323
hardware_session0,2519,2.285687956620799
hardware_session0,2520,0.948415296900159
hardware_session0,2521,1.897915134130374
hardware_session0,2522,3.035547711269359
hardware_session0,2523,0.8685641730576252
hardware_session0,2524,0.5875283344626262
hardware_session0,2525,0.6317051671910805
hardware_session0,2526,1.719757173175528
hardware_session0,2527,0.9405753739517692
hardware_session0,2528,1.6175662193465938
hardware_session0,2529,1.0711607080778698
hardware_session0,2530,0.5817134296450801
hardware_session0,2531,0.902867977775528
hardware_session0,2532,1.416693674702925
hardware_session0,2533,2.8876591398396387
hardware_session0,2534,1.7785656459781405
hardware_session0,2535,1.8280713460294467
hardware_session0,2536,0.5896626837164952
hardware_session0,2537,0.30030343754340744
hardware_session0,2538,1.4781593362956202
hardware_session0,2539,1.0259037919722755
hardware_session0,2540,0.9819433036309704
hardware_session0,2541,0.6629924318995537
hardware_session0,2542,1.8026206804159588
hardware_session0,2543,0.5816286142679346
hardware_session0,2544,0.673281298188908
hardware_session0,2545,0.6493237124469075
hardware_session0,2546,0.6895101082785889
hardware_session0,2547,1.6070824450547234
hardware_session0,2548,1.6057179392938274
hardware_session0,2549,0.95957075675942
hardware_session0,2550,1.7705476482302547
hardware_session0,2551,1.4411671015243959
hardware_session0,2552,1.0930640235738895
hardware_session0,2553,1.806551428368114
hardware_session0,2554,0.8894324169266485
hardware_session0,2555,1.406264927979803
hardware_session0,2556,0.7263951534806226
hardware_session0,2557,1.3640130372962183
hardware_session0,2558,1.8617713904961684
hardware_session0,2559,0.9767687465987684
hardware_session0,2560,2.1014022220707513
hardware_session0,2561,0.5648283388379437
hardware_session0,2562,1.5922192592476394
hardware_session0,2563,1.7190020200304656
hardware_session0,2564,2.2722280208156156
hardware_session0,2565,0.9318215190574197
hardware_session0,2566,0.6165725648677832
hardware_session0,2567,0.5221062338172656
hardware_session0,2568,0.561570256427059
hardware_session0,2569,1.4258828167973217
hardware_session0,2570,0.670815125173469
hardware_session0,2571,0.5116489375147467
hardware_session0,2572,0.729414309621847
hardware_session0,2573,1.5465279875680942
hardware_session0,2574,1.9811390370022912
hardware_session0,2575,1.837855096758211
hardware_session0,2576,0.8339949789650443
hardware_session0,2577,0.8610879310049373
hardware_session0,2578,0.5687287512347077
hardware_session0,2579,1.0891162758658635
hardware_session0,2580,1.1298314743711257
hardware_session0,2581,2.047808029079026
hardware_session0,2582,1.3120767539630813
hardware_session0,2583,0.886195428747586
hardware_session0,2584,1.3310667903327287
hardware_session0,2585,0.7137247801887459
hardware_session0,2586,0.6202918950625
hardware_session0,2587,0.5265680722226127
hardware_session0,2588,1.023533448363009
hardware_session0,2589,1.0170393210534148
hardware_session0,2590,0.8583752715142743
hardware_session0,2591,0.6753173277184995
hardware_session0,2592,1.1592190312129529
hardware_session0,2593,1.221336670755093
hardware_session0,2594,1.0582119559414542
hardware_session0,2595,1.127981068099907
hardware_session0,2596,1.1659857208623112
hardware_session0,2597,1.2570271816414806
hardware_session0,2598,2.2682768959079893
hardware_session0,2599,0.8557128941539527
hardware_session0,2600,0.5034785821410056
hardware_session0,2601,1.2193296625770607
hardware_session0,2602,1.4445554128091365
hardware_session0,2603,0.9722325279668202
hardware_session0,2604,0.9784798817247812
hardware_session0,2605,0.7592879942571774
hardware_session0,2606,0.46502012734848885
hardware_session0,2607,1.0402242075607953
hardware_session0,2608,2.151470395970341
hardware_session0,2609,0.6180006455216722
hardware_session0,2610,1.5630336085221948
hardware_session0,2611,1.8387748717172414
hardware_session0,2612,0.8346987418699878
hardware_session0,2613,0.4992664039107328
hardware_session0,2614,1.7527236902325372
hardware_session0,2615,1.6590113638654773
hardware_session0,2616,1.7490848626045077
hardware_session0,2617,1.3017177651636371
hardware_session0,2618,2.6587974257161346
hardware_session0,2619,0.7154789320851214
hardware_session0,2620,0.6805944622600691
hardware_session0,2621,1.5416909488737978
hardware_session0,2622,1.6213223945468116
hardware_session0,2623,1.630093351196436
hardware_session0,2624,0.8217695788791124
hardware_session0,2625,1.6759711861103819
hardware_session0,2626,2.4876588491561873
hardware_session0,2627,1.1271001410615098
hardware_session0,2628,0.5862928097851517
hardware_session0,2629,1.8614266126815302
hardware_session0,2630,0.483054471324955
hardware_session0,2631,1.2094160272228733
hardware_session0,2632,1.2556085363236362
hardware_session0,2633,1.0543754818583162
hardware_session0,2634,1.7741843539929136
hardware_session0,2635,1.5940091907429565
hardware_session0,2636,0.8286322344420988
hardware_session0,2637,0.5903517879385493
hardware_session0,2638,0.779302698298443
hardware_session0,2639,0.9902681604572443
hardware_session0,2640,1.9570377825105518
hardware_session0,2641,1.350056278548362
hardware_session0,2642,1.3152951732057487
hardware_session0,2643,0.6534112288334452
hardware_session0,2644,0.6344235205484708
hardware_session0,2645,1.3772567658664807
hardware_session0,2646,0.6454836429797598
hardware_session0,2647,0.7262495322098327
hardware_session0,2648,1.073671942273063
hardware_session0,2649,1.3479552794611587
hardware_session0,2650,1.2173776918624195
hardware_session0,2651,1.3603753301984995
hardware_session0,2652,0.6695561097325412
hardware_session0,2653,2.216515740855698
hardware_session0,2654,1.1769714489330694
hardware_session0,2655,1.298094804934542
hardware_session0,2656,0.6457016021004385
hardware_session0,2657,0.7637136364780519
hardware_session0,2658,1.3881629824852473
hardware_session0,2659,1.2534066999709508
hardware_session0,2660,0.43773799675208624
hardware_session0,2661,1.5709243559127855
hardware_session0,2662,1.901307622529453
hardware_session0,2663,0.6411241629485732
hardware_session0,2664,1.8595535173461244
hardware_session0,2665,0.7828432677564606
hardware_session0,2666,0.39466884531675855
hardware_session0,2667,0.8890540501596618
hardware_session0,2668,1.157957985671897
hardware_session0,2669,0.9724917500694678
hardware_session0,2670,0.6261116721854162
hardware_session0,2671,1.0599114827000153
hardware_session0,2672,0.6245285386329212
hardware_session0,2673,0.6675865114173954
hardware_session0,2674,2.2964056033273548
hardware_session0,2675,1.9055887342005342
hardware_session0,2676,0.7515440059571593
hardware_session0,2677,1.2877358381149375
hardware_session0,2678,0.4897115925355401
hardware_session0,2679,0.6711563302336747
hardware_session0,2680,0.613226259942084
hardware_session0,2681,1.0821458013711924
hardware_session0,2682,0.6025158703610475
hardware_session0,2683,1.085320808122401
hardware_session0,2684,0.8162012771680132
hardware_session0,2685,1.3981898554983487
hardware_session0,2686,1.4446503145051446
hardware_session0,2687,1.6102966707106818
hardware_session0,2688,0.6564366060000497
hardware_session0,2689,0.692769775415299
hardware_session0,2690,0.8005483089331864
hardware_session0,2691,1.0702448996075853
hardware_session0,2692,0.9769600549241342
hardware_session0,2693,0.7149379603037044
hardware_session0,2694,0.5634700019406073
hardware_session0,2695,0.5206895583616284
hardware_session0,2696,0.8859392225862663
hardware_session0,2697,0.8287896550712761
hardware_session0,2698,0.43680095776020045
hardware_session0,2699,1.0693246184481215
hardware_session0,2700,1.4741498742407515
hardware_session0,2701,0.9525511253456338
hardware_session0,2702,0.5880524695925929
hardware_session0,2703,1.354032563147419
hardware_session0,2704,1.2993265317585656
hardware_session0,2705,0.8349825609637224
hardware_session0,2706,0.8411524236635974
hardware_session0,2707,0.9409094672806421
hardware_session0,2708,0.7282646710758646
hardware_session0,2709,1.5042684611233075
hardware_session0,2710,0.6782200568840255
hardware_session0,2711,1.2799601034435164
hardware_session0,2712,0.47231486208102014
hardware_session0,2713,1.333822018660385
hardware_session0,2714,0.9105798784796164
hardware_session0,2715,0.706000723996737
hardware_session0,2716,0.5279677938418981
hardware_session0,2717,1.1778990418512498
hardware_session0,2718,0.9184472496757444
hardware_session0,2719,0.8698448048164943
hardware_session0,2720,2.1981378168454073
hardware_session0,2721,1.4036149919093577
hardware_session0,2722,0.6146310378207583
hardware_session0,2723,0.8900709679518872
hardware_session0,2724,0.6598775328389195
hardware_session0,2725,1.0469991916996313
hardware_session0,2726,0.6382549839864136
hardware_session0,2727,1.3596426184106825
hardware_session0,2728,1.9670402599243182
hardware_session0,2729,1.019775866964407
hardware_session0,2730,1.0358728907142265
hardware_session0,2731,2.2042425954046747
hardware_session0,2732,0.7160331039503897
hardware_session0,2733,0.7065727846451793
hardware_session0,2734,1.0512269464870925
hardware_session0,2735,1.5487817889120765
hardware_session0,2736,1.5859905064764839
hardware_session0,2737,0.7616519460285144
hardware_session0,2738,0.7054188907765087
hardware_session0,2739,1.3446854286197134
hardware_session0,2740,1.5283192518043849
hardware_session0,2741,1.3770398797272037
hardware_session0,2742,0.8612649669161786
hardware_session0,2743,0.6407175923020484
hardware_session0,2744,1.2345027052497888
hardware_session0,2745,1.395151360394764
hardware_session0,2746,1.6231639735838745
hardware_session0,2747,0.8902018190107421
hardware_session0,2748,1.1465234627838108
hardware_session0,2749,1.456423259099148
hardware_session0,2750,0.8773540776956091
hardware_session0,2751,0.5391464894180729
hardware_session0,2752,0.9007993015897997
hardware_session0,2753,0.8588226911652792
hardware_session0,2754,1.1433522155832898
hardware_session0,2755,2.6925837627624762
hardware_session0,2756,0.7540278923475577
hardware_session0,2757,1.6680450283769468
hardware_session0,2758,1.7832363946724368
hardware_session0,2759,0.9374860880881115
hardware_session0,2760,2.547858339180748
hardware_session0,2761,0.7654683769469792
hardware_session0,2762,1.0857782541928405
hardware_session0,2763,1.6407814976263206
hardware_session0,2764,1.5866982583184923
hardware_session0,2765,0.6450546426529742
hardware_session0,2766,1.5814510762426703
hardware_session0,2767,0.8843533310238589
hardware_session0,2768,1.4192101689324665
hardware_session0,2769,0.820389007559365
hardware_session0,2770,1.4568290928190724
hardware_session0,2771,1.3676324233363062
hardware_session0,2772,0.5004936318267281
hardware_session0,2773,1.0928132593133655
hardware_session0,2774,2.731078181201358
hardware_session0,2775,0.5765557587678456
hardware_session0,2776,0.5810883694459745
hardware_session0,2777,1.4787883242629831
hardware_session0,2778,2.936769075147355
hardware_session0,2779,1.0427708018198352
hardware_session0,2780,1.7916073345910788
hardware_session0,2781,1.2379737470013306
hardware_session0,2782,2.0721139235825965
hardware_session0,2783,0.513836909994286
hardware_session0,2784,0.6535527042755415
hardware_session0,2785,0.48398640793358255
hardware_session0,2786,1.3300771049546172
hardware_session0,2787,0.7293668784780102
hardware_session0,2788,0.9419196004135524
hardware_session0,2789,1.4171466223626856
hardware_session0,2790,0.7416866665585647
hardware_session0,2791,1.932011037058819
hardware_session0,2792,1.954031925103036
hardware_session0,2793,0.48342286033869997
hardware_session0,2794,1.302192940115882
hardware_session0,2795,0.9082328536241797
hardware_session0,2796,0.6887342611498394
hardware_session0,2797,1.3539434558265173
hardware_session0,2798,1.0293298620906417
hardware_session0,2799,0.8897238018580248
hardware_session0,2800,0.40114493456069167
hardware_session0,2801,1.3802917726772792
hardware_session0,2802,0.7717142863972956
hardware_session0,2803,0.7000854473200111
hardware_session0,2804,0.7346434292389448
hardware_session0,2805,0.6641299514124009
hardware_session0,2806,0.9789472048684317
hardware_session0,2807,1.0820995095776433
hardware_session0,2808,1.334609574450861
hardware_session0,2809,2.1941476819182335
hardware_session0,2810,1.1500595521546724
hardware_session0,2811,0.792935959383951
hardware_session0,2812,0.46338769106856914
hardware_session0,2813,0.7897858913651215
hardware_session0,2814,1.5812817179020444
hardware_session0,2815,1.3772460726260756
hardware_session0,2816,1.3658279801945754
hardware_session0,2817,2.0748829897510888
hardware_session0,2818,1.356974115599969
hardware_session0,2819,0.7497146052619017
hardware_session0,2820,0.8441220237031535
hardware_session0,2821,0.9128821587930886
hardware_session0,2822,0.7012222839642154
hardware_session0,2823,0.6703023872473499
hardware_session0,2824,1.302345290390377
hardware_session0,2825,0.9004440222368182
hardware_session0,2826,0.5782564435385775
hardware_session0,2827,1.683322570836037
hardware_session0,2828,1.9943097616478127
hardware_session0,2829,0.7572592267460477
hardware_session0,2830,0.6633238352983188
hardware_session0,2831,1.0640285355104468
hardware_session0,2832,1.4015597291689892
hardware_session0,2833,0.8221139673854116
hardware_session0,2834,1.5919634282694113
hardware_session0,2835,1.4207933291509185
hardware_session0,2836,0.4182287214087013
hardware_session0,2837,1.4076585205086576
hardware_session0,2838,1.3463989666494707
hardware_session0,2839,0.9533938452521148
hardware_session0,2840,0.8942805921719401
hardware_session0,2841,0.76266842826978
hardware_session0,2842,0.8015357704340237
hardware_session0,2843,2.05695416177042
hardware_session0,2844,2.355154594617939
hardware_session0,2845,2.0672712955783203
hardware_session0,2846,0.5069769552486204
hardware_session0,2847,0.5819152221400519
hardware_session0,2848,1.3586588875872734
hardware_session0,2849,0.8110837180103735
hardware_session0,2850,0.6943770765876573
hardware_session0,2851,2.018861627038879
hardware_session0,2852,1.7709329191867185
hardware_session0,2853,1.5922997088306752
hardware_session0,2854,0.86028931191541
hardware_session0,2855,0.8475516336053449
hardware_session0,2856,0.4261031323838618
hardware_session0,2857,0.4335446950952249
hardware_session0,2858,0.7203989727768974
hardware_session0,2859,0.5954932688666071
hardware_session0,2860,1.55182475656129
hardware_session0,2861,1.807050376788647
hardware_session0,2862,0.6269437565764141
hardware_session0,2863,1.3714307419198744
hardware_session0,2864,1.5891635931008963
hardware_session0,2865,1.1567705436755598
hardware_session0,2866,0.6973036095857733
hardware_session0,2867,0.7245159875592665
hardware_session0,2868,0.5916353221860965
hardware_session0,2869,1.058063298564565
hardware_session0,2870,1.7313270498518332
hardware_session0,2871,0.8689421387950464
hardware_session0,2872,1.3645039430389407
hardware_session0,2873,1.6437684666532648
hardware_session0,2874,0.9528441417130341
hardware_session0,2875,2.189392647292971
hardware_session0,2876,1.518211869831964
hardware_session0,2877,1.7752741794428746
hardware_session0,2878,1.1459894690393486
hardware_session0,2879,2.420739613966853
hardware_session0,2880,2.0581251330973886
hardware_session0,2881,1.543039154332115
hardware_session0,2882,1.4243375860512502
hardware_session0,2883,0.9038645832881211
hardware_session0,2884,1.1213093549629933
hardware_session0,2885,1.1421522340293335
hardware_session0,2886,1.7920364307289425
hardware_session0,2887,1.1222873260801631
hardware_session0,2888,0.8218554699438089
hardware_session0,2889,0.9066458378931157
hardware_session0,2890,1.113899747023552
hardware_session0,2891,0.7110099768984128
hardware_session0,2892,1.0363803566918468
hardware_session0,2893,1.3665871389054685
hardware_session0,2894,1.6677939190297457
hardware_session0,2895,0.7794773084883885
hardware_session0,2896,0.7517925659215279
hardware_session0,2897,1.1606837385791127
hardware_session0,2898,1.2944969565022206
hardware_session0,2899,1.573734880283155
hardware_session0,2900,0.8203621631210208
hardware_session0,2901,1.1109470302351439
hardware_session0,2902,0.5362672358617919
hardware_session0,2903,1.2050358546206166
hardware_session0,2904,1.4621495266548046
hardware_session0,2905,1.852340961682065
hardware_session0,2906,1.9141760177012888
hardware_session0,2907,2.374185955264096
hardware_session0,2908,1.8615394419341909
hardware_session0,2909,1.0132781919238603
hardware_session0,2910,1.2752159088731474
hardware_session0,2911,0.8121310148609538
hardware_session0,2912,2.102870391936123
hardware_session0,2913,2.0923666748170797
hardware_session0,2914,0.9157581113159668
hardware_session0,2915,0.5450934525649025
hardware_session0,2916,1.0272283837517902
hardware_session0,2917,0.5711954910360244
hardware_session0,2918,1.7201303731995694
hardware_session0,2919,0.6765229990030303
hardware_session0,2920,1.4392875689147973
hardware_session0,2921,0.7863950675374223
hardware_session0,2922,1.2683173775305316
hardware_session0,2923,1.8830009001788708
hardware_session0,2924,1.9164113775490328
hardware_session0,2925,0.8026688643287938
hardware_session0,2926,2.150554345991537
hardware_session0,2927,0.6061475979809975
hardware_session0,2928,0.7220415972104659
hardware_session0,2929,0.5157506772236787
hardware_session0,2930,1.562893035607508
hardware_session0,2931,0.634290404815012
hardware_session0,2932,3.392304925830977
hardware_session0,2933,0.7755605835803521
hardware_session0,2934,0.674334870096962
hardware_session0,2935,0.8187640541230471
hardware_session0,2936,1.144064441254144
hardware_session0,2937,0.9447500335091309
hardware_session0,2938,1.799059923429923
hardware_session0,2939,1.849896534875857
hardware_session0,2940,1.3385821108923377
hardware_session0,2941,1.520193094827973
hardware_session0,2942,0.8275739252507494
hardware_session0,2943,1.0002365556989197
hardware_session0,2944,1.9694521239781082
hardware_session0,2945,1.03451906614146
hardware_session0,2946,1.0873998317017841
hardware_session0,2947,0.7579944816477749
hardware_session0,2948,0.7572187229004539
hardware_session0,2949,0.6000265432326493
hardware_session0,2950,0.5333139277576674
hardware_session0,2951,0.8059712232800599
hardware_session0,2952,0.8790270550282627
hardware_session0,2953,0.7738106028418333
hardware_session0,2954,0.6711681395270679
hardware_session0,2955,1.1564008104142334
hardware_session0,2956,0.9633428479812159
hardware_session0,2957,1.2407763940912335
hardware_session0,2958,0.3991823873219578
hardware_session0,2959,0.813207771104477
hardware_session0,2960,3.2217115988500753
hardware_session0,2961,0.8516056217455757
hardware_session0,2962,1.5330210844436822
hardware_session0,2963,1.3633640867374157
hardware_session0,2964,0.9497174633235803
hardware_session0,2965,0.6126747337390678
hardware_session0,2966,0.4465258225578621
hardware_session0,2967,0.890853707809725
hardware_session0,2968,0.8256225746388279
hardware_session0,2969,1.7458310059753934
hardware_session0,2970,1.293403063407139
hardware_session0,2971,0.9398466151515299
hardware_session0,2972,1.4653039805825954
hardware_session0,2973,0.5944840018926197
hardware_session0,2974,1.0337120326743157
hardware_session0,2975,1.2137742711021087
hardware_session0,2976,1.150527715920724
hardware_session0,2977,0.6362510041374585
hardware_session0,2978,0.35739462027083324
hardware_session0,2979,0.6485705667181293
hardware_session0,2980,1.495770543444258
hardware_session0,2981,0.9782435829184588
hardware_session0,2982,2.085625661932554
hardware_session0,2983,1.1950775917481677
hardware_session0,2984,1.2368419280101208
hardware_session0,2985,0.662886636853033
hardware_session0,2986,0.533093868681423
hardware_session0,2987,1.2484406430301886
hardware_session0,2988,1.0681349590922047
hardware_session0,2989,0.7617308147160942
hardware_session0,2990,0.9859670477511202
hardware_session0,2991,0.694931472152387
hardware_session0,2992,1.4578002039356537
hardware_session0,2993,1.165064049808991
hardware_session0,2994,0.7266285293563989
hardware_session0,2995,1.548490889867469
hardware_session0,2996,1.982372729410652
hardware_session0,2997,0.5478528468976585
hardware_session0,2998,0.5687913980613529
hardware_session0,2999,1.0446416349361691
hardware_session0,3000,0.6498555811253791
hardware_session0,3001,1.2445245636166902
hardware_session0,3002,1.3679905486647779
hardware_session0,3003,0.8842332877193076
hardware_session0,3004,1.9766573653929327
hardware_session0,3005,0.780550904864399
hardware_session0,3006,1.3347873278654865
hardware_session0,3007,0.6739455850935652
hardware_session0,3008,1.169990440083466
hardware_session0,3009,0.4104332301687129
hardware_session0,3010,0.5077061209404614
hardware_session0,3011,0.4670788057686664
hardware_session0,3012,1.4259064855435983
hardware_session0,3013,1.5197523279649594
hardware_session0,3014,0.5083910223827309
hardware_session0,3015,0.5742411846978341
hardware_session0,3016,1.6503448254780066
hardware_session0,3017,0.7228564374698289
hardware_session0,3018,0.9405133648732568
hardware_session0,3019,1.8998578788880813
hardware_session0,3020,0.7196000550254071
hardware_session0,3021,1.807597219490831
hardware_session0,3022,1.653907046130447
hardware_session0,3023,1.2396734062639905
hardware_session0,3024,0.5770061866196647
hardware_session0,3025,1.3709629586488834
hardware_session0,3026,1.1221329825738064
hardware_session0,3027,0.5897899081043868
hardware_session0,3028,1.096894336366462
hardware_session0,3029,0.9928421298929567
hardware_session0,3030,0.5919465252539874
hardware_session0,3031,1.4763353699151633
hardware_session0,3032,1.0121538554481626
hardware_session0,3033,2.002805005633738
hardware_session0,3034,1.649455693771183
hardware_session0,3035,0.6395862744611799
hardware_session0,3036,0.9785052646831431
hardware_session0,3037,0.9437653888174812
hardware_session0,3038,2.215493764927882
hardware_session0,3039,0.9575421106482223
hardware_session0,3040,0.8448317232701467
hardware_session0,3041,1.6938959453743303
hardware_session0,3042,0.810227665728877
hardware_session0,3043,1.512617947598448
hardware_session0,3044,0.8580154215270519
hardware_session0,3045,0.7545591412811836
hardware_session0,3046,0.6612428036747018
hardware_session0,3047,1.1548332743002547
hardware_session0,3048,1.4502925057315634
hardware_session0,3049,0.40630558887808405
hardware_session0,3050,1.5983817919150647
hardware_session0,3051,0.7424600713161241
hardware_session0,3052,0.45839320648024956
hardware_session0,3053,1.959624244731923
hardware_session0,3054,1.2424398206761982
hardware_session0,3055,1.1205701759625155
hardware_session0,3056,1.0005710487621229
hardware_session0,3057,1.176807274054145
hardware_session0,3058,0.6864585919712507
hardware_session0,3059,1.4814599149305827
hardware_session0,3060,1.1343485176004053
hardware_session0,3061,1.540504564315542
hardware_session0,3062,0.5455232041738312
hardware_session0,3063,1.0381747311849727
hardware_session0,3064,2.052990103033987
hardware_session0,3065,0.8132300173398544
hardware_session0,3066,1.7634876260839072
hardware_session0,3067,0.9890203849277729
hardware_session0,3068,1.3776091560969894
hardware_session0,3069,0.5968822966414773
hardware_session0,3070,0.6677641543945458
hardware_session0,3071,1.1263754069538088
hardware_session0,3072,0.8123330525770385
hardware_session0,3073,0.6062606008614152
hardware_session0,3074,1.3211305329644114
hardware_session0,3075,0.8417667693299148
hardware_session0,3076,0.8531424382385404
hardware_session0,3077,1.4903861594116967
hardware_session0,3078,1.415897483406084
hardware_session0,3079,1.352313104078456
hardware_session0,3080,0.7903751056474388
hardware_session0,3081,0.7078251715542578
hardware_session0,3082,1.2938559312128328
hardware_session0,3083,0.559891382048364
hardware_session0,3084,1.4181038084315163
hardware_session0,3085,1.893491039120752
hardware_session0,3086,1.8011560936305258
hardware_session0,3087,1.4903858238350538
hardware_session0,3088,1.30625518868743
hardware_session0,3089,0.6944543429375771
hardware_session0,3090,1.557376967133104
hardware_session0,3091,0.6491563209958308
hardware_session0,3092,0.7239254096820926
hardware_session0,3093,0.4231800480427569
hardware_session0,3094,1.2243596004980053
hardware_session0,3095,0.8549718899857368
hardware_session0,3096,1.1044672286897639
hardware_session0,3097,1.53796774840912
hardware_session0,3098,0.588301933474452
hardware_session0,3099,1.5005047080648959
hardware_session0,3100,1.5687325897210305
hardware_session0,3101,1.4120837943280422
hardware_session0,3102,1.5177428600991307
hardware_session0,3103,1.3278669004670938
hardware_session0,3104,1.2015633025827495
hardware_session0,3105,1.0039891407469457
hardware_session0,3106,0.7657552160447345
hardware_session0,3107,0.49256730095256224
hardware_session0,3108,1.0806897541125695
hardware_session0,3109,1.462050287173534
hardware_session0,3110,1.1957987519336395
hardware_session0,3111,1.3055905597455153
hardware_session0,3112,1.5622687020587018
hardware_session0,3113,0.9164147184265192
hardware_session0,3114,0.926574844520581
hardware_session0,3115,0.627274787070473
hardware_session0,3116,0.42046595917035645
hardware_session0,3117,1.2752805261604805
hardware_session0,3118,0.5130822379165743
hardware_session0,3119,0.46763840119089084
hardware_session0,3120,1.331829188550025
hardware_session0,3121,1.0296113448918351
hardware_session0,3122,0.7144837672330764
hardware_session0,3123,1.1205859207586149
hardware_session0,3124,0.46502098398456193
hardware_session0,3125,0.625093215430918
hardware_session0,3126,0.6137952154956849
hardware_session0,3127,1.1453164891791112
hardware_session0,3128,0.5587671905037421
hardware_session0,3129,1.2465071726426424
hardware_session0,3130,1.0699315007570938
hardware_session0,3131,0.9761330632376285
hardware_session0,3132,0.9280825025385375
hardware_session0,3133,0.6276792521936572
hardware_session0,3134,1.7885125342503667
hardware_session0,3135,1.841163831161665
hardware_session0,3136,1.8778569329589616
hardware_session0,3137,1.073530562683367
hardware_session0,3138,0.5877526903665827
hardware_session0,3139,2.4300540857162845
hardware_session0,3140,1.989712902964682
hardware_session0,3141,1.4151562339136257
hardware_session0,3142,0.36371897651400165
hardware_session0,3143,1.0236850041076693
hardware_session0,3144,0.3244749890162917
hardware_session0,3145,0.6617301904054097
hardware_session0,3146,1.1755280209244838
hardware_session0,3147,1.0015399030471646
hardware_session0,3148,1.3413198594082147
hardware_session0,3149,0.7422703572230821
hardware_session0,3150,1.1075517174006893
hardware_session0,3151,0.5448366160174056
hardware_session0,3152,1.119991730741479
hardware_session0,3153,0.9806844355210312
hardware_session0,3154,0.761660355022563
hardware_session0,3155,1.5379179733999786
hardware_session0,3156,1.3580978400709935
hardware_session0,3157,0.6171890152060618
hardware_session0,3158,1.0658031296627621
hardware_session0,3159,0.6148218694321199
hardware_session0,3160,1.685617122570084
hardware_session0,3161,0.747392137205388
hardware_session0,3162,0.9938539994483145
hardware_session0,3163,0.5452147257006162
hardware_session0,3164,0.45808283503001385
hardware_session0,3165,1.5920350943668853
hardware_session0,3166,0.9436970733500372
hardware_session0,3167,1.3978403034141345
hardware_session0,3168,0.9134867230028438
hardware_session0,3169,0.7554032847651594
hardware_session0,3170,0.999388406507744
hardware_session0,3171,1.1135119978049388
hardware_session0,3172,1.2016408249494461
hardware_session0,3173,0.7755352967417426
hardware_session0,3174,0.9068340082550125
hardware_session0,3175,0.6018892758875235
hardware_session0,3176,1.302384924231092
hardware_session0,3177,0.6666310521212749
hardware_session0,3178,0.6131756127736537
hardware_session0,3179,1.3585804810755597
hardware_session0,3180,0.7357586491373787
hardware_session0,3181,1.9774935204617607
hardware_session0,3182,1.6486199527045526
hardware_session0,3183,1.0597064418325532
hardware_session0,3184,0.6950228068779424
hardware_session0,3185,0.9880268371308006
hardware_session0,3186,0.8991536682584509
hardware_session0,3187,1.2506916785343365
hardware_session0,3188,1.5962245721280874
hardware_session0,3189,0.7124476043133181
hardware_session0,3190,1.4366161841066993
hardware_session0,3191,1.8757401389715853
hardware_session0,3192,0.5484669583787658
hardware_session0,3193,1.452869236410255
hardware_session0,3194,1.497325265391689
hardware_session0,3195,0.49548590227072636
hardware_session0,3196,0.6934876721254881
hardware_session0,3197,0.8650966697411885
hardware_session0,3198,0.4680279526184494
hardware_session0,3199,1.0277263162282715
hardware_session0,3200,0.7889972832889333
hardware_session0,3201,0.4686336138552564
hardware_session0,3202,1.276050074230955
hardware_session0,3203,1.782690775350439
hardware_session0,3204,1.3642326089125425
hardware_session0,3205,1.3209726354288853
hardware_session0,3206,1.0557557985282566
hardware_session0,3207,1.5358059331836849
hardware_session0,3208,0.40326722699577616
hardware_session0,3209,1.423893779149177
hardware_session0,3210,1.7669650495465246
hardware_session0,3211,0.8565603115939351
hardware_session0,3212,0.691162427661177
hardware_session0,3213,1.8493484071039732
hardware_session0,3214,1.7735325614013833
hardware_session0,3215,0.5997161374869503
hardware_session0,3216,0.5875447170503867
hardware_session0,3217,0.9066584892859356
hardware_session0,3218,0.6712956125615763
hardware_session0,3219,1.026151526831037
hardware_session0,3220,0.6129914612525977
hardware_session0,3221,1.2561987600843854
hardware_session0,3222,0.8526172588391419
hardware_session0,3223,0.9630989637490444
hardware_session0,3224,0.7922296473787003
hardware_session0,3225,0.8492864138820604
hardware_session0,3226,0.3449415105340565
hardware_session0,3227,0.7829943317542727
hardware_session0,3228,1.1018569959131237
hardware_session0,3229,1.4993794593207785
hardware_session0,3230,0.6242364520939713
hardware_session0,3231,1.9991107826719159
hardware_session0,3232,0.5949751418267166
hardware_session0,3233,1.700324043824431
hardware_session0,3234,0.9611729619780921
hardware_session0,3235,0.6882263585511602
hardware_session0,3236,0.5288934607358144
hardware_session0,3237,2.10495659891276
hardware_session0,3238,0.921588787700444
hardware_session0,3239,0.8781426749969602
hardware_session0,3240,0.9619334642281262
hardware_session0,3241,0.5064516596025501
hardware_session0,3242,0.9385796734522217
hardware_session0,3243,0.9142448155731093
hardware_session0,3244,0.7464528406732309
hardware_session0,3245,1.9832272438480747
hardware_session0,3246,2.7239861487887107
hardware_session0,3247,1.8997080147717735
hardware_session0,3248,0.43195091248003087
hardware_session0,3249,1.6289796285053613
hardware_session0,3250,1.329220399792664
hardware_session0,3251,0.5515284274057404
hardware_session0,3252,1.0194824008879908
hardware_session0,3253,1.9360084872137322
hardware_session0,3254,0.8572615323041379
hardware_session0,3255,1.9461711481050818
hardware_session0,3256,0.769284776685395
hardware_session0,3257,0.8652431392628995
hardware_session0,3258,0.5865084285355223
hardware_session0,3259,1.0397179102363396
hardware_session0,3260,1.2332685567663444
hardware_session0,3261,0.9254749608498561
hardware_session0,3262,1.007663532220694
hardware_session0,3263,0.3459335164495612
hardware_session0,3264,1.775141593340046
hardware_session0,3265,2.0199814466827593
hardware_session0,3266,1.9375917350811886
hardware_session0,3267,0.9216524313169167
hardware_session0,3268,0.7145179782503682
hardware_session0,3269,1.3901781804742608
hardware_session0,3270,0.8784274823046803
hardware_session0,3271,1.5328752569748694
hardware_session0,3272,0.6388597264379352
hardware_session0,3273,2.4402446639478588
hardware_session0,3274,0.7213680433885475
hardware_session0,3275,1.3139847746304207
hardware_session0,3276,1.3855895674522767
hardware_session0,3277,2.0270609315962687
hardware_session0,3278,0.4708038157037929
hardware_session0,3279,0.5316963654746151
hardware_session0,3280,0.5358980364074571
hardware_session0,3281,0.9751897598295332
hardware_session0,3282,1.4677217752846816
hardware_session0,3283,1.2515862052202278
hardware_session0,3284,0.9495528859608324
hardware_session0,3285,1.2056332170262363
hardware_session0,3286,1.2705003698322277
hardware_session0,3287,1.767169168727399
hardware_session0,3288,0.8298544043589101
hardware_session0,3289,0.6356937155996878
hardware_session0,3290,1.107371871995501
hardware_session0,3291,1.0423719220335175
hardware_session0,3292,1.2598293369622284
hardware_session0,3293,1.1423112894272391
hardware_session0,3294,0.5164414108012636
hardware_session0,3295,0.6274698818874597
hardware_session0,3296,0.8587737154441698
hardware_session0,3297,0.800677807454853
hardware_session0,3298,0.958706756014721
hardware_session0,3299,1.0348028727187464
hardware_session0,3300,0.7441286841063295
hardware_session0,3301,0.6980462346975456
hardware_session0,3302,0.6351649409772095
hardware_session0,3303,1.5192629652544336
hardware_session0,3304,2.256628355143597
hardware_session0,3305,0.6377639555038792
hardware_session0,3306,0.4276787261566919
hardware_session0,3307,1.3360517077726533
hardware_session0,3308,0.7773289700580056
hardware_session0,3309,0.766332036432889
hardware_session0,3310,1.370548026574275
hardware_session0,3311,1.9171079783355018
hardware_session0,3312,1.3533979587429843
hardware_session0,3313,0.6921142644263614
hardware_session0,3314,2.1230588037341085
hardware_session0,3315,1.0867589195994594
hardware_session0,3316,0.5475377262970673
hardware_session0,3317,1.5186497448848821
hardware_session0,3318,0.7466960461326921
hardware_session0,3319,0.9984332719228022
hardware_session0,3320,1.5300505096001655
hardware_session0,3321,0.4406513813540889
hardware_session0,3322,0.9437022292511961
hardware_session0,3323,1.035933960696882
hardware_session0,3324,0.7868762553734826
hardware_session0,3325,1.1425291298923923
hardware_session0,3326,0.4179758069619143
hardware_session0,3327,1.9789497998015668
hardware_session0,3328,0.8488468288415536
hardware_session0,3329,2.152696281395414
hardware_session0,3330,0.6084316583329379
hardware_session0,3331,0.9992776122779795
hardware_session0,3332,0.8111019513964285
hardware_session0,3333,1.6092357602031349
hardware_session0,3334,0.34073999703832003
hardware_session0,3335,0.7223957806300503
hardware_session0,3336,0.7407744935884715
hardware_session0,3337,0.5783361712632205
hardware_session0,3338,1.2396120913985447
hardware_session0,3339,2.0995356498631352
hardware_session0,3340,1.7412938550288624
hardware_session0,3341,1.0611032033612267
hardware_session0,3342,0.9331687468124331
hardware_session0,3343,1.2513287695981088
hardware_session0,3344,0.6370134558538266
hardware_session0,3345,0.4485778191528593
hardware_session0,3346,0.5094684912144091
hardware_session0,3347,1.4671087588145124
hardware_session0,3348,1.205110434169482
hardware_session0,3349,1.0541803015982754
hardware_session0,3350,0.6653760327708762
hardware_session0,3351,0.5547928846480763
hardware_session0,3352,0.5709109595273794
hardware_session0,3353,0.8974825520815484
hardware_session0,3354,1.2799666259855016
hardware_session0,3355,1.3475163485998118
hardware_session0,3356,1.5407098574430034
hardware_session0,3357,0.8415348983263055
hardware_session0,3358,0.8123870621028252
hardware_session0,3359,1.1102351797133003
hardware_session0,3360,3.3314669913349184
hardware_session0,3361,1.1122950012750694
hardware_session0,3362,0.8236760017837568
hardware_session0,3363,1.714641654880716
hardware_session0,3364,0.6651795517068085
hardware_session0,3365,0.5351314897614335
hardware_session0,3366,0.7460026544684859
hardware_session0,3367,0.6338680538719946
hardware_session0,3368,1.0725693010699877
hardware_session0,3369,1.1016251363513536
hardware_session0,3370,1.3325528732995175
hardware_session0,3371,1.0105851064854807
hardware_session0,3372,1.6919810977714902
hardware_session0,3373,0.9587234357223473
hardware_session0,3374,1.505378512918813
hardware_session0,3375,0.4704861526071854
hardware_session0,3376,1.4609937151553465
hardware_session0,3377,0.9023265192501463
hardware_session0,3378,1.0164425488640183
hardware_session0,3379,1.1934573486462412
hardware_session0,3380,0.9732894971080496
hardware_session0,3381,0.8494279777934014
hardware_session0,3382,0.9238370764793847
hardware_session0,3383,1.282709811079038
hardware_session0,3384,0.6653669282764184
hardware_session0,3385,0.3632218230744279
hardware_session0,3386,0.4878219791429558
hardware_session0,3387,1.252112827326866
hardware_session0,3388,0.6889012531552706
hardware_session0,3389,0.585764149961965
hardware_session0,3390,0.5770791129573712
hardware_session0,3391,1.1423620897087476
hardware_session0,3392,1.2474507807514894
hardware_session0,3393,1.5509626155879546
hardware_session0,3394,1.21242416585626
hardware_session0,3395,2.2859817794752555
hardware_session0,3396,0.5569398042641045
hardware_session0,3397,0.43326343576711934
hardware_session0,3398,1.5853554133034837
hardware_session0,3399,0.8870851289540829
hardware_session0,3400,0.9880235799929055
hardware_session0,3401,0.559934740958321
hardware_session0,3402,0.7062626815472004
hardware_session0,3403,0.4299714652132643
hardware_session0,3404,1.8054104002160436
hardware_session0,3405,0.42938259550749597
hardware_session0,3406,1.369300210775608
hardware_session0,3407,1.055346428200462
hardware_session0,3408,1.2825341418359204
hardware_session0,3409,0.5792493241554252
hardware_session0,3410,1.1554547731214868
hardware_session0,3411,0.8541016739549299
hardware_session0,3412,1.4006929664954124
hardware_session0,3413,1.5006855587338994
hardware_session0,3414,0.6366298073647956
hardware_session0,3415,2.0477229146791527
hardware_session0,3416,1.5748420397834373
hardware_session0,3417,0.9949107497214885
hardware_session0,3418,2.0002671774141105
hardware_session0,3419,1.0720211835202678
hardware_session0,3420,1.5058303190563318
hardware_session0,3421,0.5179773587834283
hardware_session0,3422,0.5612974806429109
hardware_session0,3423,1.0975895839860281
hardware_session0,3424,0.5849123853525114
hardware_session0,3425,0.4658985947126523
hardware_session0,3426,0.7650699477994342
hardware_session0,3427,0.7396492638585702
hardware_session0,3428,1.5637119091990703
hardware_session0,3429,1.9020650596043103
hardware_session0,3430,1.153052333173322
hardware_session0,3431,1.1605607313723927
hardware_session0,3432,0.8775494045589063
hardware_session0,3433,0.5799718861940885
hardware_session0,3434,0.6609174730108887
hardware_session0,3435,1.0883644162617754
hardware_session0,3436,1.1997187431294196
hardware_session0,3437,1.2931457794635899
hardware_session0,3438,1.3725522078966361
hardware_session0,3439,0.8514045855824286
hardware_session0,3440,1.6214329673456829
hardware_session0,3441,0.8415754279400559
hardware_session0,3442,1.3692882093914895
hardware_session0,3443,1.2996657652248491
hardware_session0,3444,0.42933108325438163
hardware_session0,3445,0.8197019220376467
hardware_session0,3446,1.2873131196645378
hardware_session0,3447,0.7406602859277361
hardware_session0,3448,1.6191583272246126
hardware_session0,3449,1.181682784903317
hardware_session0,3450,0.7803372818811094
hardware_session0,3451,0.5859407081920864
hardware_session0,3452,0.7052999335296437
hardware_session0,3453,0.9815394308004806
hardware_session0,3454,0.7751085436757438
hardware_session0,3455,1.547158659828601
hardware_session0,3456,1.4610916223026071
hardware_session0,3457,0.43984051153678305
hardware_session0,3458,1.2147892817479191
hardware_session0,3459,0.9734700047775553
hardware_session0,3460,0.8050675989725337
hardware_session0,3461,0.5999125288583558
hardware_session0,3462,1.1073242781602548
hardware_session0,3463,1.5276442306992026
hardware_session0,3464,1.406657191270091
hardware_session0,3465,0.861717422951152
hardware_session0,3466,0.32847362783904943
hardware_session0,3467,0.9586468123976553
hardware_session0,3468,2.0332838505284676
hardware_session0,3469,1.3502690238500037
hardware_session0,3470,1.746988868595667
hardware_session0,3471,1.0840000873833582
hardware_session0,3472,0.5209345285576814
hardware_session0,3473,0.7178300036730617
hardware_session0,3474,1.0284322114442916
hardware_session0,3475,1.2405835777019203
hardware_session0,3476,0.4985860695884318
hardware_session0,3477,0.6982051266062631
hardware_session0,3478,0.7410305224553373
hardware_session0,3479,0.8680540606953712
hardware_session0,3480,1.0804643225737802
hardware_session0,3481,0.8323970583935179
hardware_session0,3482,1.0186578506660244
hardware_session0,3483,0.5851364592750473
hardware_session0,3484,0.44908710502761956
hardware_session0,3485,0.5501212544619338
hardware_session0,3486,1.2375596348888267
hardware_session0,3487,1.1916242701235724
hardware_session0,3488,0.6723327888285767
hardware_session0,3489,1.1350485960951548
hardware_session0,3490,1.7198055539822763
hardware_session0,3491,1.6208837168095962
hardware_session0,3492,1.3174978424551493
hardware_session0,3493,0.8110184636594818
hardware_session0,3494,0.787247429730672
hardware_session0,3495,0.7261305677078125
hardware_session0,3496,0.7177152136318823
hardware_session0,3497,1.8730844968171723
hardware_session0,3498,0.8320352328760371
hardware_session0,3499,0.7872335062493757
hardware_session0,3500,1.507848818522569
hardware_session0,3501,0.5996258816754617
hardware_session0,3502,0.8689957089685576
hardware_session0,3503,1.7406043663721567
hardware_session0,3504,0.8938113891895934
hardware_session0,3505,0.7139429155353039
hardware_session0,3506,1.0312743016393564
hardware_session0,3507,0.871132042655206
hardware_session0,3508,0.5522873696556959
hardware_session0,3509,1.5130931353911539
hardware_session0,3510,1.9656683842389182
hardware_session0,3511,1.5237923252579588
hardware_session0,3512,1.4906654855653536
hardware_session0,3513,0.897293688994384
hardware_session0,3514,1.5497325792331118
hardware_session0,3515,1.0642442133620593
hardware_session0,3516,2.351653856836944
hardware_session0,3517,0.7596539926056564
hardware_session0,3518,0.7798517782602782
hardware_session0,3519,0.4318720851999237
hardware_session0,3520,0.4099677852327332
hardware_session0,3521,1.2685085937649714
hardware_session0,3522,1.0453112882564148
hardware_session0,3523,2.029221091183742
hardware_session0,3524,1.563334065653197
hardware_session0,3525,1.2067529322175443
hardware_session0,3526,1.1179468915929638
hardware_session0,3527,0.5178332991634099
hardware_session0,3528,1.3449673428110194
hardware_session0,3529,0.7000059611367301
hardware_session0,3530,1.0308940921078176
hardware_session0,3531,1.2113163147151984
hardware_session0,3532,1.6351129123992845
hardware_session0,3533,0.5792384267790053
hardware_session0,3534,2.176486876394145
hardware_session0,3535,1.4947659817006562
hardware_session0,3536,1.100786870044309
hardware_session0,3537,0.758701479053105
hardware_session0,3538,0.5046285384023602
hardware_session0,3539,0.49733215302695344
hardware_session0,3540,1.0910875055831242
hardware_session0,3541,2.2611987563426625
hardware_session0,3542,0.8746132882412134
hardware_session0,3543,0.525714319426028
hardware_session0,3544,1.6584989469186284
hardware_session0,3545,1.051205514024835
hardware_session0,3546,0.9186599100867097
hardware_session0,3547,1.8373214842180723
hardware_session0,3548,1.0639305443465874
hardware_session0,3549,1.6681129791536895
hardware_session0,3550,1.585311421469203
hardware_session0,3551,0.9349130983715015
hardware_session0,3552,0.6906917745493566
hardware_session0,3553,1.5579877617450106
hardware_session0,3554,1.1328900574276792
hardware_session0,3555,1.6714418153923376
hardware_session0,3556,1.3569282763485908
hardware_session0,3557,1.3336306042445063
hardware_session0,3558,1.9462865084045287
hardware_session0,3559,0.8035103593015834
hardware_session0,3560,1.4090167092419925
hardware_session0,3561,1.7639057784241587
hardware_session0,3562,1.4934922234797896
hardware_session0,3563,0.5703919541771756
hardware_session0,3564,0.6635668148189539
hardware_session0,3565,1.4328590733508346
hardware_session0,3566,0.43212755650308576
hardware_session0,3567,0.45646738365317063
hardware_session0,3568,2.1663818079384236
hardware_session0,3569,1.183851658082773
hardware_session0,3570,0.854468509232374
hardware_session0,3571,0.6907996636664586
hardware_session0,3572,0.6289953093573144
hardware_session0,3573,2.1485797067591648
hardware_session0,3574,1.3979364187883887
hardware_session0,3575,0.9610523546841387
hardware_session0,3576,1.535138301096792
hardware_session0,3577,0.49672042704111474
hardware_session0,3578,1.8914989734169494
hardware_session0,3579,0.9515514726870075
hardware_session0,3580,1.0100455910132193
hardware_session0,3581,2.010983410426213
hardware_session0,3582,1.153463118577144
hardware_session0,3583,1.6981574529072874
hardware_session0,3584,1.2853637397251916
hardware_session0,3585,1.5851686886624399
hardware_session0,3586,0.768040783276826
hardware_session0,3587,0.6610988426403063
hardware_session0,3588,0.9934732990412566
hardware_session0,3589,2.2616689170134197
hardware_session0,3590,0.3556687449845327
hardware_session0,3591,0.4854558742338644
hardware_session0,3592,0.5031960924606852
hardware_session0,3593,1.7955560804910873
hardware_session0,3594,0.70294881897161
hardware_session0,3595,0.7486759861377581
hardware_session0,3596,0.8945587445768147
hardware_session0,3597,2.0464207362707887
hardware_session0,3598,0.4603053793142584
hardware_session0,3599,0.6394518054325005
hardware_session0,3600,2.2342247252997502
hardware_session0,3601,1.2150182184451916
hardware_session0,3602,1.4097445046098203
hardware_session0,3603,1.6271983107735741
hardware_session0,3604,1.1618076227255663
hardware_session0,3605,1.7049864384458617
hardware_session0,3606,1.2131410330312282
hardware_session0,3607,0.733327399180744
hardware_session0,3608,1.9869245942824423
hardware_session0,3609,0.7563630736737686
hardware_session0,3610,0.6139624905872397
hardware_session0,3611,0.933439507925745
hardware_session0,3612,0.6547799479353351
hardware_session0,3613,1.1381587868685286
hardware_session0,3614,0.8123537075307073
hardware_session0,3615,1.1066867131402383
hardware_session0,3616,1.1295810613706345
hardware_session0,3617,0.6753186383700386
hardware_session0,3618,1.2701736379812991
hardware_session0,3619,0.6519655708911096
hardware_session0,3620,1.3296829004745585
hardware_session0,3621,1.4149941227456482
hardware_session0,3622,0.7670294906659674
hardware_session0,3623,1.2373306916592244
hardware_session0,3624,1.2036096114910544
hardware_session0,3625,0.8204775060614373
hardware_session0,3626,1.3306121683288072
hardware_session0,3627,1.3053498642242027
hardware_session0,3628,0.6964002702905847
hardware_session0,3629,1.2018506323117448
hardware_session0,3630,0.7954254837734748
hardware_session0,3631,0.5589765476434659
hardware_session0,3632,1.0349232393682135
hardware_session0,3633,0.9707015860582409
hardware_session0,3634,1.5583324785679662
hardware_session0,3635,0.7937218860994305
hardware_session0,3636,0.7360782692498651
hardware_session0,3637,2.2257723851647637
hardware_session0,3638,1.561466814324047
hardware_session0,3639,1.8226101582883572
hardware_session0,3640,0.6273826867348252
hardware_session0,3641,0.6844516027058221
hardware_session0,3642,0.7928726506866692
hardware_session0,3643,0.9856341317306567
hardware_session0,3644,0.7073252943549018
hardware_session0,3645,1.4623969727912964
hardware_session0,3646,1.0149720236528739
hardware_session0,3647,0.5768068057223372
hardware_session0,3648,0.8628427451812131
hardware_session0,3649,1.828484644404218
hardware_session0,3650,1.4386153249549598
hardware_session0,3651,0.64449460448066
hardware_session0,3652,0.680831422162292
hardware_session0,3653,1.4884831753359669
hardware_session0,3654,1.7615944427197794
hardware_session0,3655,2.0237919018162343
hardware_session0,3656,0.6511822523035378
hardware_session0,3657,0.688509865925114
hardware_session0,3658,0.9663275901510856
hardware_session0,3659,2.137314265687521
hardware_session0,3660,1.5645795107043456
hardware_session0,3661,1.9763818713817085
hardware_session0,3662,1.124478706986495
hardware_session0,3663,1.4523188935290279
hardware_session0,3664,0.774757633078062
hardware_session0,3665,1.0271816217529643
hardware_session0,3666,2.1237799839732854
hardware_session0,3667,0.8903388447783003
hardware_session0,3668,0.6047874215363782
hardware_session0,3669,2.0025299107649954
hardware_session0,3670,1.161143237802629
hardware_session0,3671,0.6623564449765976
hardware_session0,3672,0.8828815333854252
hardware_session0,3673,1.0150752850000173
hardware_session0,3674,0.5710088271241806
hardware_session0,3675,0.6346894066283351
hardware_session0,3676,1.2514984934938922
hardware_session0,3677,1.3213980096077256
hardware_session0,3678,0.9577467453097994
hardware_session0,3679,0.3124271182240892
hardware_session0,3680,0.5987520942890302
hardware_session0,3681,1.052174138334692
hardware_session0,3682,0.47916916945275156
hardware_session0,3683,1.3254154998869998
hardware_session0,3684,0.7071522728733743
hardware_session0,3685,0.5117718373914815
hardware_session0,3686,0.8037897155833725
hardware_session0,3687,0.40483574968496655
hardware_session0,3688,1.0736828481488474
hardware_session0,3689,1.3465705605570648
hardware_session0,3690,0.7792308234545027
hardware_session0,3691,1.241515568012213
hardware_session0,3692,0.8184445188662735
hardware_session0,3693,0.7639369344231076
hardware_session0,3694,0.6266327846530805
hardware_session0,3695,0.8213346754380835
hardware_session0,3696,1.015108366220562
hardware_session0,3697,1.3092267454631266
hardware_session0,3698,0.9545017980618005
hardware_session0,3699,0.9446809946125502
hardware_session0,3700,0.7402499504444604
hardware_session0,3701,1.399593045169689
hardware_session0,3702,0.7695083647521335
hardware_session0,3703,1.846828843727566
hardware_session0,3704,0.4547206851789505
hardware_session0,3705,0.6983404736528828
hardware_session0,3706,1.1291370251212192
hardware_session0,3707,1.1081750546703615
hardware_session0,3708,1.6065110154334865
hardware_session0,3709,1.3739447175138504
hardware_session0,3710,1.4893446354608104
hardware_session0,3711,0.4949390838141121
hardware_session0,3712,0.46472907531891333
hardware_session0,3713,1.3430903124958466
hardware_session0,3714,1.0968000081366225
hardware_session0,3715,0.6054075345278918
hardware_session0,3716,0.9241025833916672
hardware_session0,3717,0.5168866053262305
hardware_session0,3718,1.1251823299170356
hardware_session0,3719,1.1779403892354923
hardware_session0,3720,2.1348496291131154
hardware_session0,3721,1.3413747737659583
hardware_session0,3722,1.067395124955842
hardware_session0,3723,0.5345886374253973
hardware_session0,3724,1.4853236104596999
hardware_session0,3725,1.395462546314769
hardware_session0,3726,0.5391210318006947
hardware_session0,3727,0.6894322883847194
hardware_session0,3728,0.8133939520619885
hardware_session0,3729,1.1697506755568332
hardware_session0,3730,0.6851430228961005
hardware_session0,3731,1.1098037914603553
hardware_session0,3732,1.3438934755741831
hardware_session0,3733,0.619569864685414
hardware_session0,3734,0.8534581356948717
hardware_session0,3735,1.1850431055542252
hardware_session0,3736,0.8008335280828072
hardware_session0,3737,1.0473292503284655
hardware_session0,3738,0.5705031638493677
hardware_session0,3739,1.073573452047753
hardware_session0,3740,1.0170046374247619
hardware_session0,3741,1.9429183163600436
hardware_session0,3742,1.2792240008751719
hardware_session0,3743,1.8025936076302755
hardware_session0,3744,1.4596918575783573
hardware_session0,3745,0.7783397995577644
hardware_session0,3746,1.0938873438623749
hardware_session0,3747,0.6249759301376043
hardware_session0,3748,0.9363486251062592
hardware_session0,3749,0.8224552997480092
hardware_session0,3750,0.9844056586295133
hardware_session0,3751,0.9754585104060374
hardware_session0,3752,1.7828687548533535
hardware_session0,3753,0.9186533662188402
hardware_session0,3754,0.563311313019897
hardware_session0,3755,1.0861552255187739
hardware_session0,3756,0.5403954392858891
hardware_session0,3757,0.8572951823583018
hardware_session0,3758,0.5701920198144194
hardware_session0,3759,0.41883935459970617
hardware_session0,3760,1.1000077637007593
hardware_session0,3761,0.586496291250024
hardware_session0,3762,1.4993413500314916
hardware_session0,3763,0.660352375388496
hardware_session0,3764,0.6341180140050571
hardware_session0,3765,1.727958052055269
hardware_session0,3766,0.9723143941318293
hardware_session0,3767,2.6374897882253934
hardware_session0,3768,1.1905795185760992
hardware_session0,3769,0.811718057093293
hardware_session0,3770,1.444553364319153
hardware_session0,3771,0.7442165934670146
hardware_session0,3772,0.9068918488190628
hardware_session0,3773,0.7095195408231925
hardware_session0,3774,0.98124434110394
hardware_session0,3775,0.4604092529530239
hardware_session0,3776,1.3163038752689198
hardware_session0,3777,1.397249978724834
hardware_session0,3778,1.6335097818510693
hardware_session0,3779,0.49052818820380717
hardware_session0,3780,0.8985031691925994
hardware_session0,3781,1.6735425760331797
hardware_session0,3782,1.2333371899799657
hardware_session0,3783,0.7653557416703708
hardware_session0,3784,0.6975599836567176
hardware_session0,3785,1.542299213207626
hardware_session0,3786,0.44426119415763143
hardware_session0,3787,0.9526275407085749
hardware_session0,3788,0.7276037541935467
hardware_session0,3789,0.8225543734019368
hardware_session0,3790,0.7040681050828554
hardware_session0,3791,0.5574880147726201
hardware_session0,3792,2.2018998457075587
hardware_session0,3793,1.6243309440673053
hardware_session0,3794,0.5870141558255589
hardware_session0,3795,0.5393372886822325
hardware_session0,3796,0.5654299478065442
hardware_session0,3797,1.2407395033988025
hardware_session0,3798,0.45237815510463714
hardware_session0,3799,0.8942851847152818
hardware_session0,3800,1.1904289530794452
hardware_session0,3801,0.4646514024735042
hardware_session0,3802,1.224794744224811
hardware_session0,3803,1.8911065832159202
hardware_session0,3804,1.8683789358322886
hardware_session0,3805,0.6705526628434092
hardware_session0,3806,1.2310706003092104
hardware_session0,3807,2.056522131617412
hardware_session0,3808,0.57829470826959
hardware_session0,3809,0.8233422413008185
hardware_session0,3810,1.2172431127984495
hardware_session0,3811,0.7379594373649921
hardware_session0,3812,0.8636292504517024
hardware_session0,3813,1.2298037321449833
hardware_session0,3814,1.3404884154484737
hardware_session0,3815,0.6399518921711455
hardware_session0,3816,1.837490997535872
hardware_session0,3817,1.4544844749145298
hardware_session0,3818,1.237171200839714
hardware_session0,3819,1.0489425184459031
hardware_session0,3820,0.9278823874241524
hardware_session0,3821,1.33147867808692
hardware_session0,3822,0.9334272783158462
hardware_session0,3823,0.6795781190907257
hardware_session0,3824,0.4980335091678674
hardware_session0,3825,1.7251309233699985
hardware_session0,3826,0.7708547647114847
hardware_session0,3827,1.299997315023385
hardware_session0,3828,0.4578037404765073
hardware_session0,3829,1.0068123326586267
hardware_session0,3830,0.708367778986484
hardware_session0,3831,0.6102850984248659
hardware_session0,3832,1.9991926538836
hardware_session0,3833,0.6468045248844783
hardware_session0,3834,0.7779629414044387
hardware_session0,3835,0.5542934585963001
hardware_session0,3836,1.162590448757455
hardware_session0,3837,1.6928199546907978
hardware_session0,3838,0.9092730992340562
hardware_session0,3839,0.9742306876740453
hardware_session0,3840,1.227701738135277
hardware_session0,3841,1.2641025266075323
hardware_session0,3842,1.158431746496236
hardware_session0,3843,0.6065396197018659
hardware_session0,3844,1.3290474164580657
hardware_session0,3845,1.0452809135601613
hardware_session0,3846,0.692561307801517
hardware_session0,3847,0.6554988678853314
hardware_session0,3848,0.6390430185230753
hardware_session0,3849,1.80457076774778
hardware_session0,3850,0.5183727227947968
hardware_session0,3851,0.7058407028525874
hardware_session0,3852,0.8745250796015471
hardware_session0,3853,0.7902319823423312
hardware_session0,3854,0.6005107114674538
hardware_session0,3855,0.698381953470304
hardware_session0,3856,0.7038807348794917
hardware_session0,3857,1.4622250117654132
hardware_session0,3858,0.7694237331122947
hardware_session0,3859,1.0216451451285395
hardware_session0,3860,0.8067450077333935
hardware_session0,3861,0.9814296374330309
hardware_session0,3862,0.5697661712015716
hardware_session0,3863,0.9393845973267522
hardware_session0,3864,0.6773926404240769
hardware_session0,3865,1.3467062227254074
hardware_session0,3866,1.7912905727033117
hardware_session0,3867,1.3651304219823923
hardware_session0,3868,0.7025888972567117
hardware_session0,3869,0.5938423396334241
hardware_session0,3870,1.1895575925157706
hardware_session0,3871,0.9459214179080628
hardware_session0,3872,0.48110638731640926
hardware_session0,3873,0.5825840356826621
hardware_session0,3874,0.6450641808500801
hardware_session0,3875,0.5753985689619335
hardware_session0,3876,1.5074674022988428
hardware_session0,3877,1.9177079226696627
hardware_session0,3878,0.5961055858788222
hardware_session0,3879,0.9352667097914001
hardware_session0,3880,1.1236324108404108
hardware_session0,3881,0.7770760755999586
hardware_session0,3882,0.8668304392998437
hardware_session0,3883,0.9088448971915012
hardware_session0,3884,1.457531349526456
hardware_session0,3885,0.8486732372612821
hardware_session0,3886,1.1201320762169817
hardware_session0,3887,0.9905224355496265
hardware_session0,3888,0.7343580515553496
hardware_session0,3889,0.6863597565940874
hardware_session0,3890,1.6548912045760769
hardware_session0,3891,0.5322653669818522
hardware_session0,3892,0.4892809366259707
hardware_session0,3893,0.6638435249381808
hardware_session0,3894,0.9197037326505525
hardware_session0,3895,0.6315257932102251
hardware_session0,3896,0.9560891226776487
hardware_session0,3897,0.7549003477908068
hardware_session0,3898,0.686520458934989
hardware_session0,3899,0.7647683613120404
hardware_session0,3900,0.8631345693965655
hardware_session0,3901,1.1370033301634996
hardware_session0,3902,0.9672425617184802
hardware_session0,3903,0.5469490935207697
hardware_session0,3904,0.5273738619521611
hardware_session0,3905,0.7392496712089844
hardware_session0,3906,2.0749567651172773
hardware_session0,3907,1.9893247102868636
hardware_session0,3908,0.6616831099171805
hardware_session0,3909,0.6856346348761129
hardware_session0,3910,0.7230642093508111
hardware_session0,3911,0.679457696630844
hardware_session0,3912,0.39838860196658954
hardware_session0,3913,0.3975757279238938
hardware_session0,3914,0.9915118114304866
hardware_session0,3915,0.5920286657557926
hardware_session0,3916,0.9931203790247757
hardware_session0,3917,1.1245895222209668
hardware_session0,3918,0.5627435718401715
hardware_session0,3919,1.4719081644927416
hardware_session0,3920,1.2132536927628579
hardware_session0,3921,1.0216362537713966
hardware_session0,3922,1.36467517924247
hardware_session0,3923,0.44799282465654894
hardware_session0,3924,0.49458813920492395
hardware_session0,3925,0.5598745034190951
hardware_session0,3926,1.462136115907254
hardware_session0,3927,1.8003591764299907
hardware_session0,3928,1.1147127320352972
hardware_session0,3929,1.35612966177574
hardware_session0,3930,1.883580691178687
hardware_session0,3931,1.0185582467220213
hardware_session0,3932,0.5820529986937377
hardware_session0,3933,1.421132581284573
hardware_session0,3934,0.5733108439944217
hardware_session0,3935,0.6699613111754327
hardware_session0,3936,1.5642174116172751
hardware_session0,3937,0.5047759528065557
hardware_session0,3938,0.7484032696107531
hardware_session0,3939,1.290862415021369
hardware_session0,3940,0.7665456720766682
hardware_session0,3941,1.5596461774164265
hardware_session0,3942,1.6737669026096509
hardware_session0,3943,0.8177375354817628
hardware_session0,3944,1.3258467255414539
hardware_session0,3945,0.6057976141448395
hardware_session0,3946,0.6206839502786422
hardware_session0,3947,0.9563850838861178
hardware_session0,3948,1.4236507080327085
hardware_session0,3949,0.5528935615579256
hardware_session0,3950,1.7281476956191804
hardware_session0,3951,0.8657853144305941
hardware_session0,3952,1.3133041226903168
hardware_session0,3953,1.6273314072320824
hardware_session0,3954,1.2448630721810272
hardware_session0,3955,1.1533529730572456
hardware_session0,3956,1.1584944775373174
hardware_session0,3957,1.6866012680162146
hardware_session0,3958,0.48019121106884594
hardware_session0,3959,1.1169195145080077
hardware_session0,3960,0.8026973635466877
hardware_session0,3961,1.6916484714512108
hardware_session0,3962,0.5866356249992267
hardware_session0,3963,1.4827513573037883
hardware_session0,3964,1.1720460481419772
hardware_session0,3965,1.7944215214099395
hardware_session0,3966,1.298422850578728
hardware_session0,3967,0.7126077612834498
hardware_session0,3968,1.3441840955950823
hardware_session0,3969,2.483500194501162
hardware_session0,3970,0.5915434358459696
hardware_session0,3971,0.46040340758207765
hardware_session0,3972,0.8325499373058929
hardware_session0,3973,2.0815278520965936
hardware_session0,3974,1.7098329735775537
hardware_session0,3975,1.8543845749344372
hardware_session0,3976,1.3113251863854427
hardware_session0,3977,1.332119146405483
hardware_session0,3978,0.8078710985638754
hardware_session0,3979,1.0267027421029085
hardware_session0,3980,0.8184546980922801
hardware_session0,3981,1.40789984675138
hardware_session0,3982,1.384171932771297
hardware_session0,3983,0.7299254562787955
hardware_session0,3984,0.5400353814993811
hardware_session0,3985,0.45428825223447356
hardware_session0,3986,0.8845760829919577
hardware_session0,3987,0.9187639433113679
hardware_session0,3988,1.415793348044034
hardware_session0,3989,1.0078476474232971
hardware_session0,3990,0.43921848027569776
hardware_session0,3991,1.3930003819293368
hardware_session0,3992,0.8685368306897757
hardware_session0,3993,2.198647939905235
hardware_session0,3994,0.7840047085137464
hardware_session0,3995,0.7685549450633894
hardware_session0,3996,1.0190109516643338
hardware_session0,3997,1.2506899484556866
hardware_session0,3998,1.2831012831809048
hardware_session0,3999,0.5479064920410511
hardware_session0,4000,0.9591379205450307
hardware_session0,4001,1.8536653004109291
hardware_session0,4002,0.41132428513960045
hardware_session0,4003,1.0415932495829245
hardware_session0,4004,0.7133938571212325
hardware_session0,4005,1.6422595294036508
hardware_session0,4006,1.0074609598312614
hardware_session0,4007,1.6030681781842275
hardware_session0,4008,0.8635055821163279
hardware_session0,4009,0.8591386736835179
hardware_session0,4010,1.316022042259256
hardware_session0,4011,0.8980305814453841
hardware_session0,4012,0.6968193601408385
hardware_session0,4013,0.871135547901002
hardware_session0,4014,1.1010747834190142
hardware_session0,4015,0.6980817858925006
hardware_session0,4016,0.9724796592686559
hardware_session0,4017,1.1167456459314375
hardware_session0,4018,2.4240893458064474
hardware_session0,4019,0.6458739150094323
hardware_session0,4020,0.8949875417669371
hardware_session0,4021,1.8529528524397472
hardware_session0,4022,1.898825667499211
hardware_session0,4023,0.9580278884584228
hardware_session0,4024,1.453981340364429
hardware_session0,4025,0.9475657251386693
hardware_session0,4026,1.5934732619858192
hardware_session0,4027,1.3433777218495941
hardware_session0,4028,1.423375746284846
hardware_session0,4029,1.0493790651742159
hardware_session0,4030,0.827718049864077
hardware_session0,4031,0.9098926272024818
hardware_session0,4032,0.49341017651153807
hardware_session0,4033,0.867917917219772
hardware_session0,4034,0.8016039661059282
hardware_session0,4035,1.454774531829162
hardware_session0,4036,1.5781418793808413
hardware_session0,4037,0.608755560910493
hardware_session0,4038,1.7561381261934685
hardware_session0,4039,2.3478324230720062
hardware_session0,4040,0.359230321651979
hardware_session0,4041,0.6051220101073942
hardware_session0,4042,0.5144279054246969
hardware_session0,4043,1.5112405089417515
hardware_session0,4044,0.5368904427397075
hardware_session0,4045,1.039368007752191
hardware_session0,4046,0.7668896357224982
hardware_session0,4047,0.8129515231309804
hardware_session0,4048,0.91369182451265
hardware_session0,4049,2.167493609321838
hardware_session0,4050,0.7052480324974234
hardware_session0,4051,0.8709034741474739
hardware_session0,4052,1.0807463183982222
hardware_session0,4053,0.5585498839467302
hardware_session0,4054,1.6344927985478246
hardware_session0,4055,1.8939944828449213
hardware_session0,4056,0.7962976897507161
hardware_session0,4057,2.4091467910999738
hardware_session0,4058,0.7923714388684331
hardware_session0,4059,0.5132750923314875
hardware_session0,4060,0.5872527375457354
hardware_session0,4061,0.6523861910471173
hardware_session0,4062,0.30824305676318864
hardware_session0,4063,0.5283462925672802
hardware_session0,4064,0.8458870533464374
hardware_session0,4065,0.3916859655079735
hardware_session0,4066,2.223461233765531
hardware_session0,4067,1.1070811556171831
hardware_session0,4068,0.8112078263255983
hardware_session0,4069,1.9837752103930624
hardware_session0,4070,1.2818060955869686
hardware_session0,4071,1.1173099235514903
hardware_session0,4072,0.8457353697519693
hardware_session0,4073,1.015656255002033
hardware_session0,4074,0.7829308474416787
hardware_session0,4075,0.5316395659932128
hardware_session0,4076,1.0115503175279321
hardware_session0,4077,0.5843930294301308
hardware_session0,4078,0.44518620772106665
hardware_session0,4079,0.702953124273435
hardware_session0,4080,1.0708760370528418
hardware_session0,4081,1.9944172096619777
hardware_session0,4082,0.909599672641822
hardware_session0,4083,0.5012340120251476
hardware_session0,4084,1.4948122646878115
hardware_session0,4085,0.5193329740830483
hardware_session0,4086,1.2318158392426244
hardware_session0,4087,1.2851806392282892
hardware_session0,4088,1.454361685810519
hardware_session0,4089,0.9771615763485679
hardware_session0,4090,1.6633067545779865
hardware_session0,4091,1.1170570144824512
hardware_session0,4092,0.5977724634496208
hardware_session0,4093,0.6296261228754352
hardware_session0,4094,1.039565166049024
hardware_session0,4095,0.9362499525246928
hardware_session0,4096,0.9985678002800978
hardware_session0,4097,0.38298609441150083
hardware_session0,4098,0.6245285386329212
hardware_session0,4099,1.2562963199310233
hardware_session0,4100,1.7690528519451565
hardware_session0,4101,1.1129677894440373
hardware_session0,4102,0.574460950206472
hardware_session0,4103,0.6899633060668456
hardware_session0,4104,1.0701532100080877
hardware_session0,4105,1.7534094985941207
hardware_session0,4106,0.9243141705326814
hardware_session0,4107,1.1954409022307508
hardware_session0,4108,0.974207454161473
hardware_session0,4109,1.4103222943371225
hardware_session0,4110,0.728229712944754
hardware_session0,4111,1.6104122019305547
hardware_session0,4112,0.9244756648943241
hardware_session0,4113,0.8147667648990002
hardware_session0,4114,1.002804615346546
hardware_session0,4115,0.9729479758386232
hardware_session0,4116,1.7772731189914166
hardware_session0,4117,1.357973479112514
hardware_session0,4118,1.0239092134885175
hardware_session0,4119,1.1061665023516896
hardware_session0,4120,0.47072978531726484
hardware_session0,4121,1.7833268892480238
hardware_session0,4122,1.4147384402624898
hardware_session0,4123,1.340556692295031
hardware_session0,4124,1.2329915660335413
hardware_session0,4125,1.4947042651748672
hardware_session0,4126,1.531549072125386
hardware_session0,4127,0.48434640549764885
hardware_session0,4128,0.7438758103481731
hardware_session0,4129,0.5165039737688736
hardware_session0,4130,0.7481939743222747
hardware_session0,4131,0.8371336688609585
hardware_session0,4132,1.1690848836094616
hardware_session0,4133,0.6471394684220064
hardware_session0,4134,1.9862269242291675
hardware_session0,4135,1.9187369517264878
hardware_session0,4136,0.492647654502302
hardware_session0,4137,0.9129443355068385
hardware_session0,4138,1.2092345575922312
hardware_session0,4139,1.1966885066011654
hardware_session0,4140,1.3086893824905936
hardware_session0,4141,0.6100579800477502
hardware_session0,4142,0.9280686084919473
hardware_session0,4143,1.4564765863723006
hardware_session0,4144,1.1357077649319771
hardware_session0,4145,0.7017398045246727
hardware_session0,4146,1.0514071678073094
hardware_session0,4147,1.2459768918488772
hardware_session0,4148,1.2263465247156295
hardware_session0,4149,0.9785761072281084
hardware_session0,4150,1.1998248492183843
hardware_session0,4151,0.4880232754352482
hardware_session0,4152,1.459973011736504
hardware_session0,4153,0.6455187686979971
hardware_session0,4154,0.5960432604354905
hardware_session0,4155,0.4156109573364573
hardware_session0,4156,1.6041010710153942
hardware_session0,4157,0.4960398081695391
hardware_session0,4158,0.9640714711381352
hardware_session0,4159,0.5526905595647418
hardware_session0,4160,1.3025873362927873
hardware_session0,4161,0.6644669385175013
hardware_session0,4162,2.340078721159027
hardware_session0,4163,2.156524240713779
hardware_session0,4164,1.8448155310138512
hardware_session0,4165,2.336595878645022
hardware_session0,4166,0.6552667968804036
hardware_session0,4167,0.7803006188643565
hardware_session0,4168,0.5853361653619898
hardware_session0,4169,1.270969347167139
hardware_session0,4170,0.7984770420162719
hardware_session0,4171,0.48496948848189697
hardware_session0,4172,1.6710392854882858
hardware_session0,4173,2.172942279098256
hardware_session0,4174,0.46671170731977085
hardware_session0,4175,0.5983464753845961
hardware_session0,4176,0.526690712027091
hardware_session0,4177,0.9354835184413866
hardware_session0,4178,1.7991661862545756
hardware_session0,4179,0.9700775624399205
hardware_session0,4180,1.3825604934839415
hardware_session0,4181,0.49119419660847863
hardware_session0,4182,0.9595542944870121
hardware_session0,4183,0.5064781807584596
hardware_session0,4184,0.65033246266571
hardware_session0,4185,1.2832208778962058
hardware_session0,4186,1.5373598001185607
hardware_session0,4187,2.2983368891194376
hardware_session0,4188,0.29221691774368136
hardware_session0,4189,0.8899474526157017
hardware_session0,4190,0.8842006551630563
hardware_session0,4191,1.5785847526213397
hardware_session0,4192,0.9914808530482773
hardware_session0,4193,1.555086938356928
hardware_session0,4194,2.1537009302618
hardware_session0,4195,0.5888102664681322
hardware_session0,4196,1.5437666036844115
hardware_session0,4197,0.8143840855074759
hardware_session0,4198,0.7609732038683115
hardware_session0,4199,1.0312858326052772
hardware_session0,4200,1.7112398334508756
hardware_session0,4201,1.8164862202885188
hardware_session0,4202,0.7786270950944342
hardware_session0,4203,1.0520790854324116
hardware_session0,4204,0.721677114492193
hardware_session0,4205,1.0381209777694227
hardware_session0,4206,1.00560492972415
hardware_session0,4207,0.9569797438749181
hardware_session0,4208,0.9884916819573485
hardware_session0,4209,0.5696367067242042
hardware_session0,4210,2.54267725158419
hardware_session0,4211,0.4933177973292701
hardware_session0,4212,2.363537529994722
hardware_session0,4213,0.8371369804614801
hardware_session0,4214,1.1647147821212038
hardware_session0,4215,0.9933167951354641
hardware_session0,4216,1.240708453791608
hardware_session0,4217,0.828627641305833
hardware_session0,4218,1.0211959444079755
hardware_session0,4219,2.2845903161492758
hardware_session0,4220,0.6955718468237013
hardware_session0,4221,0.4479741029329612
hardware_session0,4222,0.7418363102012654
hardware_session0,4223,0.7087115769184523
hardware_session0,4224,1.3054385808201892
hardware_session0,4225,1.4987678434558214
hardware_session0,4226,0.8482761476798936
hardware_session0,4227,1.0017548479252216
hardware_session0,4228,0.8870648103896062
hardware_session0,4229,2.0741835493134415
hardware_session0,4230,1.2708860622004448
hardware_session0,4231,0.5834824467755328
hardware_session0,4232,1.4828856425139447
hardware_session0,4233,1.079457145746449
hardware_session0,4234,0.7891666894177061
hardware_session0,4235,1.5539827460804432
hardware_session0,4236,0.5646931570884438
hardware_session0,4237,3.3527518977544086
hardware_session0,4238,0.49800021708175846
hardware_session0,4239,1.3062031400139338
hardware_session0,4240,0.5342234948619027
hardware_session0,4241,1.6306334142358603
hardware_session0,4242,1.8021485232734948
hardware_session0,4243,1.8310137099666033
hardware_session0,4244,0.6299910794426514
hardware_session0,4245,1.486626534636025
hardware_session0,4246,1.2642039795845457
hardware_session0,4247,1.186626851314072
hardware_session0,4248,0.908776446732012
hardware_session0,4249,0.616786270795273
hardware_session0,4250,0.8378335952569714
hardware_session0,4251,1.00044832459092
hardware_session0,4252,1.869069921417441
hardware_session0,4253,0.5793316071949276
hardware_session0,4254,1.7285548140847753
hardware_session0,4255,0.5555719993948927
hardware_session0,4256,0.6196321707407592
hardware_session0,4257,0.7668896357224982
hardware_session0,4258,0.4731163119132423
hardware_session0,4259,0.49533521362745786
hardware_session0,4260,0.6880126223120443
hardware_session0,4261,0.5962830409810638
hardware_session0,4262,0.3756661900113784
hardware_session0,4263,1.02375468976815
hardware_session0,4264,1.3938200112728458
hardware_session0,4265,0.9038702738894506
hardware_session0,4266,0.5138515799320681
hardware_session0,4267,1.7156302324636152
hardware_session0,4268,0.483995353446066
hardware_session0,4269,0.9411418092114957
hardware_session0,4270,1.2519288628591154
hardware_session0,4271,0.8311460789045008
hardware_session0,4272,0.6443731567569665
hardware_session0,4273,0.506481883098819
hardware_session0,4274,1.1677665586909256
hardware_session0,4275,1.162864442799305
hardware_session0,4276,0.7045230165371918
hardware_session0,4277,1.2609876170705048
hardware_session0,4278,1.2594639639042857
hardware_session0,4279,0.9773242096559712
hardware_session0,4280,1.259317165381841
hardware_session0,4281,1.5993573313501106
hardware_session0,4282,1.0880562272355327
hardware_session0,4283,1.3893520980517058
hardware_session0,4284,1.0289925445667114
hardware_session0,4285,0.6233848898455828
hardware_session0,4286,0.8841535479002051
hardware_session0,4287,1.4304682718287651
hardware_session0,4288,1.3780035663624828
hardware_session0,4289,0.9867629207532717
hardware_session0,4290,1.2332141848887297
hardware_session0,4291,0.6226815131132278
hardware_session0,4292,0.75463546505476
hardware_session0,4293,1.191445757768218
hardware_session0,4294,1.7124120919903347
hardware_session0,4295,2.0194612453386585
hardware_session0,4296,0.9152966457086988
hardware_session0,4297,1.7010324323257695
hardware_session0,4298,1.4696384334516757
hardware_session0,4299,1.1425451524912393
hardware_session0,4300,0.8781958001274291
hardware_session0,4301,0.424247790203054
hardware_session0,4302,1.226885900940398
hardware_session0,4303,0.5507278481183754
hardware_session0,4304,0.5537499448014668
hardware_session0,4305,0.5708566731077107
hardware_session0,4306,1.9849159334806024
hardware_session0,4307,1.009738634524062
hardware_session0,4308,0.7396801280187631
hardware_session0,4309,0.7764059671992533
hardware_session0,4310,0.7327282532842967
hardware_session0,4311,0.8589961171930779
hardware_session0,4312,1.3670301234833533
hardware_session0,4313,1.0715427545988632
hardware_session0,4314,1.2497804131391743
hardware_session0,4315,1.085684875865868
hardware_session0,4316,0.759886994101105
hardware_session0,4317,0.7131077662073669
hardware_session0,4318,0.7536286811213122
hardware_session0,4319,1.7275922331113338
hardware_session0,4320,0.6243434450743137
hardware_session0,4321,0.681754712714789
hardware_session0,4322,0.5492399378654834
hardware_session0,4323,1.1486042957978715
hardware_session0,4324,1.9642433209161279
hardware_session0,4325,0.9952137819975965
hardware_session0,4326,1.0374101832903186
hardware_session0,4327,1.0259057119245478
hardware_session0,4328,1.0760858703981258
hardware_session0,4329,0.6402344497249499
hardware_session0,4330,0.9084826954741332
hardware_session0,4331,0.5423741294214662
hardware_session0,4332,1.619375046825812
hardware_session0,4333,0.5262744663493618
hardware_session0,4334,1.3272842572090515
hardware_session0,4335,0.7836514521879167
hardware_session0,4336,0.7472665209167558
hardware_session0,4337,0.5021246300533762
hardware_session0,4338,0.317859817436861
hardware_session0,4339,2.0415032851968506
hardware_session0,4340,0.9638701667726762
hardware_session0,4341,0.6811240716381308
hardware_session0,4342,0.7470851257480005
hardware_session0,4343,1.5662314192852826
hardware_session0,4344,0.7174094521693485
hardware_session0,4345,1.8279178113501002
hardware_session0,4346,0.6157038624979023
hardware_session0,4347,0.6347159499266354
hardware_session0,4348,1.2739001774991001
hardware_session0,4349,2.686761252684015
hardware_session0,4350,1.5915559992289157
hardware_session0,4351,1.0079239246961371
hardware_session0,4352,1.6047800942950434
hardware_session0,4353,0.5346772406445267
hardware_session0,4354,1.5176852187661192
hardware_session0,4355,1.1429047445305218
hardware_session0,4356,1.3324412472575218
hardware_session0,4357,2.3627385203845908
hardware_session0,4358,0.8876425261775875
hardware_session0,4359,0.6576193699204487
hardware_session0,4360,0.46565574089839085
hardware_session0,4361,1.7191757336597655
hardware_session0,4362,0.8636514733427693
hardware_session0,4363,0.6708336300656351
hardware_session0,4364,1.4291434906048557
hardware_session0,4365,0.6761625335367167
hardware_session0,4366,0.9700280190591669
hardware_session0,4367,2.11329460800627
hardware_session0,4368,1.6851937155052508
hardware_session0,4369,0.564105659390389
hardware_session0,4370,1.092417167023349
hardware_session0,4371,1.1312284931155585
hardware_session0,4372,0.9669397469609385
hardware_session0,4373,1.005771415861644
hardware_session0,4374,0.6591163140588994
hardware_session0,4375,1.1833251190358711
hardware_session0,4376,1.7220818482990383
hardware_session0,4377,0.7545104870884833
hardware_session0,4378,0.9922354453390027
hardware_session0,4379,0.5276468880125026
hardware_session0,4380,1.311094326401023
hardware_session0,4381,1.2381255028926719
hardware_session0,4382,0.6155956225592353
hardware_session0,4383,1.2620035238383398
hardware_session0,4384,1.0559851050655589
hardware_session0,4385,0.6650296060076236
hardware_session0,4386,0.9456792930028584
hardware_session0,4387,1.3663555197056159
hardware_session0,4388,0.6933661445462204
hardware_session0,4389,1.013946739183157
hardware_session0,4390,0.5003059420681448
hardware_session0,4391,0.9165138588175251
hardware_session0,4392,0.9539250712756137
hardware_session0,4393,0.4931918166255028
hardware_session0,4394,1.183320139700443
hardware_session0,4395,1.4466994940214097
hardware_session0,4396,0.9667346318316742
hardware_session0,4397,0.9519593352309551
hardware_session0,4398,0.5345546900772167
hardware_session0,4399,1.7963246213185038
hardware_session0,4400,0.5252496222568145
hardware_session0,4401,0.6576643141068432
hardware_session0,4402,0.9266359636695229
hardware_session0,4403,0.956935921953369
hardware_session0,4404,1.4165852504160918
hardware_session0,4405,0.7257261796480633
hardware_session0,4406,0.9241756067057006
hardware_session0,4407,1.859898837800284
hardware_session0,4408,0.7288763808024882
hardware_session0,4409,1.1342347894889295
hardware_session0,4410,1.7144556879303314
hardware_session0,4411,3.0232061861894746
hardware_session0,4412,0.5129400656322712
hardware_session0,4413,0.9013326204262826
hardware_session0,4414,1.4623047283403332
hardware_session0,4415,1.5356129359949122
hardware_session0,4416,2.0617464965147327
hardware_session0,4417,0.4242502883909611
hardware_session0,4418,0.6656246121016561
hardware_session0,4419,1.2140858744463285
hardware_session0,4420,0.5462645309610603
hardware_session0,4421,1.1744715461558752
hardware_session0,4422,1.0442605263035756
hardware_session0,4423,0.9373230338799742
hardware_session0,4424,1.7340807768971105
hardware_session0,4425,0.7140206617142688
hardware_session0,4426,1.667260739200419
hardware_session0,4427,1.9562242647702275
hardware_session0,4428,0.8135213661157724
hardware_session0,4429,1.0322995608367764
hardware_session0,4430,0.5107355504282765
hardware_session0,4431,0.9137844474889136
hardware_session0,4432,1.6843476227618563
hardware_session0,4433,0.5655623891491657
hardware_session0,4434,0.8135982029361749
hardware_session0,4435,1.5995044545560133
hardware_session0,4436,1.4797333285696175
hardware_session0,4437,0.5964589013410752
hardware_session0,4438,1.5457550843931576
hardware_session0,4439,1.5777759067683712
hardware_session0,4440,1.0045898050743736
hardware_session0,4441,0.6729586641303289
hardware_session0,4442,0.8124360027651973
hardware_session0,4443,1.4652028716733585
hardware_session0,4444,0.48028678437490174
hardware_session0,4445,0.904485775661411
hardware_session0,4446,1.8152063903024132
hardware_session0,4447,0.48087153908057106
hardware_session0,4448,0.7239473198423184
hardware_session0,4449,1.308793312845737
hardware_session0,4450,0.9396401878352715
hardware_session0,4451,1.0146429037312896
hardware_session0,4452,0.924709515961615
hardware_session0,4453,0.7253435794276464
hardware_session0,4454,1.1216454633618038
hardware_session0,4455,0.5017653655225466
hardware_session0,4456,2.2773650150779976
hardware_session0,4457,0.5739623185875724
hardware_session0,4458,2.132040655289558
hardware_session0,4459,1.2075623646073252
hardware_session0,4460,0.5947158836675291
hardware_session0,4461,1.2471810660854354
hardware_session0,4462,0.6882160592566879
hardware_session0,4463,0.7171046640524816
hardware_session0,4464,1.0857385192888926
hardware_session0,4465,0.610781357443316
hardware_session0,4466,0.9914126938612915
hardware_session0,4467,0.9537569099116292
hardware_session0,4468,0.7997876132740681
hardware_session0,4469,1.3113718957132405
hardware_session0,4470,1.3362669758433054
hardware_session0,4471,0.7337997565904125
hardware_session0,4472,0.4149317167238138
hardware_session0,4473,1.6086492018872665
hardware_session0,4474,1.4579038617857485
hardware_session0,4475,1.620350916265879
hardware_session0,4476,1.2191977384107928
hardware_session0,4477,0.6842341854768665
hardware_session0,4478,1.3057453484093584
hardware_session0,4479,1.861041483584888
hardware_session0,4480,1.1551982154610565
hardware_session0,4481,2.090391346269592
hardware_session0,4482,0.5594501686316479
hardware_session0,4483,1.735071544278935
hardware_session0,4484,0.916200697449838
hardware_session0,4485,1.687059015558571
hardware_session0,4486,0.8198632650354392
hardware_session0,4487,2.1369605746827967
hardware_session0,4488,2.6881799916395908
hardware_session0,4489,2.3561264416244883
hardware_session0,4490,2.4932782053678477
hardware_session0,4491,0.5424081920797963
hardware_session0,4492,0.4631570336478187
hardware_session0,4493,0.8729409429643534
hardware_session0,4494,0.9351302013065536
hardware_session0,4495,1.6711279318323464
hardware_session0,4496,1.8453841659257713
hardware_session0,4497,1.2544176307766908
hardware_session0,4498,1.3135743483316622
hardware_session0,4499,1.5532857455318265
hardware_session0,4500,0.7393243752553008
hardware_session0,4501,0.49484474785487875
hardware_session0,4502,1.278865775432555
hardware_session0,4503,1.029997767480519
hardware_session0,4504,0.4843559484279078
hardware_session0,4505,0.4878248367899273
hardware_session0,4506,1.7843112897570101
hardware_session0,4507,1.0424371154066772
hardware_session0,4508,0.8075488654461435
hardware_session0,4509,1.714175505250785
hardware_session0,4510,0.6726784382097295
hardware_session0,4511,1.2647534188528498
hardware_session0,4512,1.1544707980597435
hardware_session0,4513,0.8954113824161493
hardware_session0,4514,2.3778368091196103
hardware_session0,4515,0.5700592682552653
hardware_session0,4516,0.5682062253804263
hardware_session0,4517,2.286798486948825
hardware_session0,4518,0.99242713445034
hardware_session0,4519,1.039521689813139
hardware_session0,4520,1.2609580887081977
hardware_session0,4521,0.8629622326105736
hardware_session0,4522,1.1528292852954076
hardware_session0,4523,0.7556298752557403
hardware_session0,4524,1.853642886400505
hardware_session0,4525,1.8060566216411194
hardware_session0,4526,1.179678450953936
hardware_session0,4527,1.847081004487179
hardware_session0,4528,1.055346987223878
hardware_session0,4529,0.9371129238640623
hardware_session0,4530,2.0917136581277003
hardware_session0,4531,0.4953430872543286
hardware_session0,4532,1.5318119791064433
hardware_session0,4533,0.9995087419224848
hardware_session0,4534,0.6390286061432812
hardware_session0,4535,0.9750138626934264
hardware_session0,4536,0.7023125847233873
hardware_session0,4537,1.7896209063429385
hardware_session0,4538,0.6497684042332111
hardware_session0,4539,0.7424607562863137
hardware_session0,4540,1.1474723242142992
hardware_session0,4541,0.6592012106863132
hardware_session0,4542,2.480875284327884
hardware_session0,4543,1.841900845732225
hardware_session0,4544,0.7394410363188173
hardware_session0,4545,1.0436672071864157
hardware_session0,4546,1.0640563409958312
hardware_session0,4547,1.3080562562854547
hardware_session0,4548,0.33540517716051776
hardware_session0,4549,0.6332087219469641
hardware_session0,4550,1.2369076590171924
hardware_session0,4551,0.7852346897184539
hardware_session0,4552,1.171213188921234
hardware_session0,4553,0.7344161137814657
hardware_session0,4554,0.8090822021534454
hardware_session0,4555,1.2742582718565798
hardware_session0,4556,0.6140874084143704
hardware_session0,4557,0.6009877598346409
hardware_session0,4558,1.6674911172824265
hardware_session0,4559,1.4463544508278465
hardware_session0,4560,0.7180954647429951
hardware_session0,4561,1.3659418259273708
hardware_session0,4562,0.6515149972220191
hardware_session0,4563,1.7752358343657961
hardware_session0,4564,1.8093674219962137
hardware_session0,4565,0.6785045282515954
hardware_session0,4566,0.7040285889705515
hardware_session0,4567,0.419259501202067
hardware_session0,4568,2.2677372344245423
hardware_session0,4569,0.8290247541412522
hardware_session0,4570,0.5455400678938613
hardware_session0,4571,2.449706771542961
hardware_session0,4572,1.2340630741658167
hardware_session0,4573,1.4933618360355334
hardware_session0,4574,1.257761817784135
hardware_session0,4575,0.7349624386714008
hardware_session0,4576,1.2910400307643703
hardware_session0,4577,1.2374637551642118
hardware_session0,4578,1.7002994336445694
hardware_session0,4579,0.9869011547550429
hardware_session0,4580,1.5769535842376747
hardware_session0,4581,1.594193076819619
hardware_session0,4582,1.1888552545624589
hardware_session0,4583,1.8323833582241258
hardware_session0,4584,0.7524965705745816
hardware_session0,4585,2.0141638183225674
hardware_session0,4586,1.3603410026955587
hardware_session0,4587,0.5562716490162056
hardware_session0,4588,0.9812572685518758
hardware_session0,4589,1.095505420445728
hardware_session0,4590,1.4811517751851777
hardware_session0,4591,1.5417224077688547
hardware_session0,4592,0.5206046215375889
hardware_session0,4593,1.103497669716608
hardware_session0,4594,0.8729320684672347
hardware_session0,4595,1.722814211478915
hardware_session0,4596,0.48436359825661024
hardware_session0,4597,0.6011051620303347
hardware_session0,4598,1.6655508724578274
hardware_session0,4599,0.8125132199839713
hardware_session0,4600,0.8494273983717969
hardware_session0,4601,1.713617354468959
hardware_session0,4602,1.8939727195955918
hardware_session0,4603,1.283618781772257
hardware_session0,4604,1.0082254357646614
hardware_session0,4605,1.8971071332892682
hardware_session0,4606,0.9289794700179083
hardware_session0,4607,1.2538895016425609
hardware_session0,4608,0.7591176257378319
hardware_session0,4609,0.53090949380398
hardware_session0,4610,0.8368891263916778
hardware_session0,4611,1.0103211616140724
hardware_session0,4612,1.282681251125203
hardware_session0,4613,0.6581747370061245
hardware_session0,4614,0.8429133492465298
hardware_session0,4615,0.8902348977651802
hardware_session0,4616,1.6071338555687034
hardware_session0,4617,0.7490741622796345
hardware_session0,4618,0.8213936090248799
hardware_session0,4619,0.45677041998408285
hardware_session0,4620,0.5144042517228434
hardware_session0,4621,1.5135394777707505
hardware_session0,4622,0.8239175439285097
hardware_session0,4623,1.5607588797281806
hardware_session0,4624,0.49223851863025225
hardware_session0,4625,1.561599562521557
hardware_session0,4626,0.9876620374616462
hardware_session0,4627,1.0796065273644848
hardware_session0,4628,1.4300788688302994
hardware_session0,4629,1.032780555035494
hardware_session0,4630,1.0358240317127378
hardware_session0,4631,1.619541314289475
hardware_session0,4632,1.0982491395311016
hardware_session0,4633,0.8699741675768712
hardware_session0,4634,1.7335199041538683
hardware_session0,4635,1.4883012785588154
hardware_session0,4636,1.4474066198447688
hardware_session0,4637,2.30275309392479
hardware_session0,4638,0.45257979162652345
hardware_session0,4639,0.7960277713775373
hardware_session0,4640,0.9833249250786587
hardware_session0,4641,0.6004839926017442
hardware_session0,4642,0.7448287106535059
hardware_session0,4643,1.1525063787106826
hardware_session0,4644,0.955317620697793
hardware_session0,4645,1.1827391523277815
hardware_session0,4646,1.4063447670190066
hardware_session0,4647,0.5818570441411286
hardware_session0,4648,0.9926566183576713
hardware_session0,4649,0.9359070761682989
hardware_session0,4650,2.6871806328692744
hardware_session0,4651,0.9711719868260095
hardware_session0,4652,0.5133493301544825
hardware_session0,4653,0.7888929344702258
hardware_session0,4654,1.007858411512771
hardware_session0,4655,1.0061709418346467
hardware_session0,4656,1.4268461966127675
hardware_session0,4657,0.9166078468029978
hardware_session0,4658,1.338714499767469
hardware_session0,4659,0.9972663581629323
hardware_session0,4660,1.3866719296031813
hardware_session0,4661,1.6596087608020047
hardware_session0,4662,0.9953075665898321
hardware_session0,4663,1.1758837079838556
hardware_session0,4664,0.8057744681681882
hardware_session0,4665,1.039118297686758
hardware_session0,4666,0.661500924909554
hardware_session0,4667,1.076890586806246
hardware_session0,4668,1.287383915590829
hardware_session0,4669,0.7719097157760535
hardware_session0,4670,1.6749236904679585
hardware_session0,4671,1.0126360079722612
hardware_session0,4672,1.5619088312044511
hardware_session0,4673,1.108468887600705
hardware_session0,4674,1.0142593961713415
hardware_session0,4675,1.0186467843957228
hardware_session0,4676,1.6309521765519162
hardware_session0,4677,0.6950984720019867
hardware_session0,4678,1.5095326962660052
hardware_session0,4679,2.284243501673676
hardware_session0,4680,0.8567254267422304
hardware_session0,4681,1.0203706369494328
hardware_session0,4682,1.4038419412634715
hardware_session0,4683,1.487761473525065
hardware_session0,4684,0.5735531826373694
hardware_session0,4685,0.45170157831101604
hardware_session0,4686,1.1298346531147963
hardware_session0,4687,1.3280089905110375
hardware_session0,4688,1.900908740743876
hardware_session0,4689,1.0485891646933778
hardware_session0,4690,0.9098162128205636
hardware_session0,4691,1.0150865955452155
hardware_session0,4692,0.6141821729425381
hardware_session0,4693,1.4297305053667175
hardware_session0,4694,0.5282707158501426
hardware_session0,4695,0.5739161272615417
hardware_session0,4696,0.9685634630256221
hardware_session0,4697,1.4637825289864637
hardware_session0,4698,0.6987344294584106
hardware_session0,4699,0.892481336646732
hardware_session0,4700,0.6548789860927162
hardware_session0,4701,1.2449090177867057
hardware_session0,4702,1.3222981690615891
hardware_session0,4703,1.0171683233963644
hardware_session0,4704,1.904201502576492
hardware_session0,4705,0.4757106789528076
hardware_session0,4706,1.5456635388820068
hardware_session0,4707,0.583792967527378
hardware_session0,4708,0.7525149966686772
hardware_session0,4709,1.0222515541076973
hardware_session0,4710,1.3224836694199675
hardware_session0,4711,0.7317748085224366
hardware_session0,4712,1.1149665886527282
hardware_session0,4713,2.3504706740366146
hardware_session0,4714,1.2062580395262272
hardware_session0,4715,2.18495849395508
hardware_session0,4716,0.7688194220269001
hardware_session0,4717,1.43183699735978
hardware_session0,4718,0.7601516292314209
hardware_session0,4719,0.405174679295147
hardware_session0,4720,1.4205902100646235
hardware_session0,4721,1.31496771606447
hardware_session0,4722,0.6180157525173268
hardware_session0,4723,0.9305235641717582
hardware_session0,4724,0.9685533572167276
hardware_session0,4725,0.5925364694098049
hardware_session0,4726,0.5415648943141128
hardware_session0,4727,0.5490965007564141
hardware_session0,4728,1.2191223682733425
hardware_session0,4729,0.7735308861817192
hardware_session0,4730,2.1426309179623213
hardware_session0,4731,0.46772639973699454
hardware_session0,4732,1.128923139147414
hardware_session0,4733,0.923112621437109
hardware_session0,4734,1.6132847253192095
hardware_session0,4735,1.0967849115947301
hardware_session0,4736,0.7629772978742861
hardware_session0,4737,1.5407945338225804
hardware_session0,4738,1.6692069938431453
hardware_session0,4739,0.6899587089242096
hardware_session0,4740,0.36979957064988106
hardware_session0,4741,1.9173971888253345
hardware_session0,4742,0.7086821884195167
hardware_session0,4743,1.0348021045280689
hardware_session0,4744,0.6646757199021434
hardware_session0,4745,1.5754869424440028
hardware_session0,4746,2.1979132504746315
hardware_session0,4747,0.8773986329891394
hardware_session0,4748,0.5348301731043732
hardware_session0,4749,1.4863915953522717
hardware_session0,4750,1.243941927785257
hardware_session0,4751,1.5827158596767885
hardware_session0,4752,1.6374339328520462
hardware_session0,4753,0.5795699458554984
hardware_session0,4754,0.7478526072962595
hardware_session0,4755,0.8294601714893122
hardware_session0,4756,1.3149799343916884
hardware_session0,4757,0.5760003585862189
hardware_session0,4758,1.0816840953198477
hardware_session0,4759,0.446485242123003
hardware_session0,4760,1.1360853993409732
hardware_session0,4761,0.7162540595505635
hardware_session0,4762,1.356187829000236
hardware_session0,4763,3.8522461978121956
hardware_session0,4764,0.489045985986075
hardware_session0,4765,1.01666635462057
hardware_session0,4766,1.2501897486543692
hardware_session0,4767,1.0572407641432127
hardware_session0,4768,0.9093097666131484
hardware_session0,4769,0.9883889905041044
hardware_session0,4770,1.7300620373063165
hardware_session0,4771,1.428980450184826
hardware_session0,4772,2.053133417106512
hardware_session0,4773,1.082289767688966
hardware_session0,4774,0.6955296945189748
hardware_session0,4775,1.2334699613324376
hardware_session0,4776,0.955959196049307
hardware_session0,4777,1.5542705703888595
hardware_session0,4778,1.2160030426869666
hardware_session0,4779,0.8502350546604482
hardware_session0,4780,2.2655462499197405
hardware_session0,4781,2.0177805254071233
hardware_session0,4782,1.0554442947604779
hardware_session0,4783,1.031527788168309
hardware_session0,4784,0.6228580933774355
hardware_session0,4785,1.0539309996280029
hardware_session0,4786,1.4222521760299305
hardware_session0,4787,0.6197632777755181
hardware_session0,4788,0.4750268165035076
hardware_session0,4789,0.9954820521707813
hardware_session0,4790,0.6276208867437575
hardware_session0,4791,1.5523000825910873
hardware_session0,4792,0.8100285612318795
hardware_session0,4793,0.6557626935185004
hardware_session0,4794,1.7717618087721396
hardware_session0,4795,0.9724486537418342
hardware_session0,4796,1.4299872367215007
hardware_session0,4797,2.56456028154582
hardware_session0,4798,0.9465740519305039
hardware_session0,4799,0.7387667267519955
hardware_session0,4800,0.9549500591904719
hardware_session0,4801,0.7310755839693152
hardware_session0,4802,0.6785692486498027
hardware_session0,4803,0.7547417652463901
hardware_session0,4804,0.40694493258507713
hardware_session0,4805,0.9840082528593903
hardware_session0,4806,1.224679097952833
hardware_session0,4807,0.933901992323306
hardware_session0,4808,0.649625277556417
hardware_session0,4809,0.5352413275678521
hardware_session0,4810,1.2092545481140957
hardware_session0,4811,0.6759207070837062
hardware_session0,4812,1.533024487746435
hardware_session0,4813,1.1610862098716177
hardware_session0,4814,2.213180317065156
hardware_session0,4815,1.1830748038433223
hardware_session0,4816,1.1210076090821453
hardware_session0,4817,0.4453439228209313
hardware_session0,4818,0.7290362377127554
hardware_session0,4819,1.227432170186564
hardware_session0,4820,1.2022595625642734
hardware_session0,4821,0.9196721931796568
hardware_session0,4822,0.9214052409992582
hardware_session0,4823,0.47745362496860383
hardware_session0,4824,1.1491975309456046
hardware_session0,4825,1.2605598074649804
hardware_session0,4826,1.6474253196761688
hardware_session0,4827,1.5445112002315733
hardware_session0,4828,0.8802584476936816
hardware_session0,4829,0.6651203226782161
hardware_session0,4830,0.9474778341396826
hardware_session0,4831,1.75142336242925
hardware_session0,4832,0.6788099183300228
hardware_session0,4833,0.5998080790225898
hardware_session0,4834,0.8367053402357352
hardware_session0,4835,1.4143908671750753
hardware_session0,4836,0.6223536578110588
hardware_session0,4837,0.6818155760041837
hardware_session0,4838,1.16936289919643
hardware_session0,4839,1.3989112066874512
hardware_session0,4840,1.3980036446797859
hardware_session0,4841,0.9400771169815212
hardware_session0,4842,0.6300261707788948
hardware_session0,4843,1.1333794755400028
hardware_session0,4844,1.4989979551734076
hardware_session0,4845,0.9471198961686892
hardware_session0,4846,0.7282645113340298
hardware_session0,4847,1.0917758159948536
hardware_session0,4848,0.7643486268007589
hardware_session0,4849,1.0018592580842647
hardware_session0,4850,1.7723839282408522
hardware_session0,4851,1.6627191593427004
hardware_session0,4852,1.0183110986905122
hardware_session0,4853,0.9776945012506597
hardware_session0,4854,1.312783937979952
hardware_session0,4855,1.5407194406550333
hardware_session0,4856,0.42751570865679467
hardware_session0,4857,0.855001646111471
hardware_session0,4858,1.1310172093618018
hardware_session0,4859,0.731654750175699
hardware_session0,4860,1.7973097281184447
hardware_session0,4861,0.7642782893121811
hardware_session0,4862,1.07046840082203
hardware_session0,4863,0.9662474952123035
hardware_session0,4864,1.0056604396393385
hardware_session0,4865,1.493146348003355
hardware_session0,4866,1.640696348050329
hardware_session0,4867,0.9578663778708458
hardware_session0,4868,0.8447380139670048
hardware_session0,4869,0.6826729208978409
hardware_session0,4870,0.8214042354237948
hardware_session0,4871,0.9996194968811299
hardware_session0,4872,1.1145701244788733
hardware_session0,4873,0.4926902430568917
hardware_session0,4874,1.7172517279011867
hardware_session0,4875,1.191471394180536
hardware_session0,4876,0.7322842602873465
hardware_session0,4877,1.3044824535519508
hardware_session0,4878,0.7319330900572555
hardware_session0,4879,1.2850430694365649
hardware_session0,4880,1.2045063023551503
hardware_session0,4881,0.7246286968352762
hardware_session0,4882,1.7218737939824749
hardware_session0,4883,1.1866061607527638
hardware_session0,4884,1.4633389990879686
hardware_session0,4885,1.4633266778382916
hardware_session0,4886,1.7522134015108264
hardware_session0,4887,2.4962719567756477
hardware_session0,4888,0.744980686441924
hardware_session0,4889,1.5747501583076395
hardware_session0,4890,1.1427048091074417
hardware_session0,4891,0.8643561652510316
hardware_session0,4892,0.6981599094247785
hardware_session0,4893,1.5582335401938718
hardware_session0,4894,0.9859862607696018
hardware_session0,4895,1.8252077334980623
hardware_session0,4896,0.6059714143292552
hardware_session0,4897,0.8395579481464517
hardware_session0,4898,1.997435679796234
hardware_session0,4899,1.413005800863582
hardware_session0,4900,0.6836478166310884
hardware_session0,4901,1.5823376875496433
hardware_session0,4902,1.397739621677492
hardware_session0,4903,0.6174343914724072
hardware_session0,4904,0.7991618188065137
hardware_session0,4905,0.4410314803336709
hardware_session0,4906,0.5138701003043192
hardware_session0,4907,0.5236147933061447
hardware_session0,4908,1.1212682689667137
hardware_session0,4909,2.086504397978807
hardware_session0,4910,0.586793019539022
hardware_session0,4911,1.012407076252732
hardware_session0,4912,0.5062548160240042
hardware_session0,4913,1.8068310916080381
hardware_session0,4914,1.3550910616858522
hardware_session0,4915,0.7241932014859652
hardware_session0,4916,0.5296914914395773
hardware_session0,4917,1.636261842534168
hardware_session0,4918,1.3448759068063627
hardware_session0,4919,0.794286026145611
hardware_session0,4920,0.561757219378458
hardware_session0,4921,2.1942175510852446
hardware_session0,4922,0.9363219937814279
hardware_session0,4923,1.3817801927648092
hardware_session0,4924,1.01283649874609
hardware_session0,4925,1.4018955328050102
hardware_session0,4926,0.31889224449146203
hardware_session0,4927,0.7608181051143239
hardware_session0,4928,1.4345933164511688
hardware_session0,4929,1.1486803286881502
hardware_session0,4930,1.7078044089088344
hardware_session0,4931,1.4360495510583964
hardware_session0,4932,1.2276705311901668
hardware_session0,4933,0.6769103002305231
hardware_session0,4934,0.9988068647727767
hardware_session0,4935,0.562804064255057
hardware_session0,4936,1.4783547536446977
hardware_session0,4937,2.1832626926327827
hardware_session0,4938,1.0274435334721228
hardware_session0,4939,0.3879685668557402
hardware_session0,4940,1.7246074417551769
hardware_session0,4941,0.8188512264937776
hardware_session0,4942,1.1091609368018807
hardware_session0,4943,1.8319865555216979
hardware_session0,4944,2.3426579702836103
hardware_session0,4945,0.9202808927872168
hardware_session0,4946,1.973689789171663
hardware_session0,4947,1.1017231503657858
hardware_session0,4948,1.0682982444734688
hardware_session0,4949,1.001011429490216
hardware_session0,4950,0.9883452289888394
hardware_session0,4951,1.5707384832298807
hardware_session0,4952,1.6732578567677905
hardware_session0,4953,1.258527257065641
hardware_session0,4954,1.263785505318189
hardware_session0,4955,2.143737837002617
hardware_session0,4956,0.5880551915031819
hardware_session0,4957,0.544357587139797
hardware_session0,4958,1.8556751093040116
hardware_session0,4959,0.6975009410359518
hardware_session0,4960,1.5905118538353673
hardware_session0,4961,0.8313202540418763
hardware_session0,4962,0.6013698648417344
hardware_session0,4963,1.138551457391081
hardware_session0,4964,1.6126753297546763
hardware_session0,4965,3.264296354594433
hardware_session0,4966,0.9199304287398437
hardware_session0,4967,0.5128340705373143
hardware_session0,4968,0.520024564321199
hardware_session0,4969,1.6649348887613136
hardware_session0,4970,0.7341033378560115
hardware_session0,4971,0.40849520795013655
hardware_session0,4972,1.5051835792557355
hardware_session0,4973,1.168766706791807
hardware_session0,4974,0.9518942077488448
hardware_session0,4975,0.7458375721218853
hardware_session0,4976,1.002643811346303
hardware_session0,4977,0.8881874157286435
hardware_session0,4978,1.324060413654571
hardware_session0,4979,0.7398159632639553
hardware_session0,4980,0.8582299590297471
hardware_session0,4981,0.5660231140438977
hardware_session0,4982,0.9241874649032956
hardware_session0,4983,1.324292529728293
hardware_session0,4984,1.730805588219845
hardware_session0,4985,1.1507191284302973
hardware_session0,4986,1.264133663295977
hardware_session0,4987,0.7342624636881759
hardware_session0,4988,0.7516874765030116
hardware_session0,4989,1.093962594114305
hardware_session0,4990,0.31739571851152615
hardware_session0,4991,1.1183815619646447
hardware_session0,4992,0.8173445179076948
hardware_session0,4993,1.114189729407729
hardware_session0,4994,1.2358494449374249
hardware_session0,4995,0.6281719414278875
hardware_session0,4996,1.841937430489884
hardware_session0,4997,1.2823824383472529
hardware_session0,4998,0.3673599877931166
hardware_session0,4999,1.1914023465704033
hardware_session0,5000,0.8159699383082419
hardware_session0,5001,0.6975632188188567
hardware_session0,5002,1.2305841559807125
hardware_session0,5003,0.41428855372835016
hardware_session0,5004,0.6386726703742714
hardware_session0,5005,1.6577825859336588
hardware_session0,5006,0.7068558020645286
hardware_session0,5007,1.3812676738583296
hardware_session0,5008,1.5129342245455963
hardware_session0,5009,1.2378509371433999
hardware_session0,5010,1.1125086366011958
hardware_session0,5011,1.188621854107793
hardware_session0,5012,0.620075201564683
hardware_session0,5013,0.5630757913816471
hardware_session0,5014,0.5297614931778176
hardware_session0,5015,0.7761326343631375
hardware_session0,5016,0.6701857303907554
hardware_session0,5017,1.9907554093612336
hardware_session0,5018,1.0676549803034352
hardware_session0,5019,0.5805109208077689
hardware_session0,5020,1.1110135268044339
hardware_session0,5021,2.053804838773997
hardware_session0,5022,1.5198929188603854
hardware_session0,5023,1.0272800193442395
hardware_session0,5024,0.8878012196395418
hardware_session0,5025,0.8959632924456095
hardware_session0,5026,1.5769247094995869
hardware_session0,5027,0.9543635600861401
hardware_session0,5028,0.7557860679309792
hardware_session0,5029,0.6819470187343543
hardware_session0,5030,1.0706943315887154
hardware_session0,5031,1.5989705392363445
hardware_session0,5032,0.6167848400833326
hardware_session0,5033,0.5482258735007525
hardware_session0,5034,0.9666228941702434
hardware_session0,5035,0.776672556059976
hardware_session0,5036,0.9638928480676546
hardware_session0,5037,0.874705403053196
hardware_session0,5038,0.6698118283045775
hardware_session0,5039,0.8146135401792743
hardware_session0,5040,1.9281982337072836
hardware_session0,5041,0.5502506352091366
hardware_session0,5042,1.231594438134353
hardware_session0,5043,0.7207611975336571
hardware_session0,5044,1.2079415216162661
hardware_session0,5045,0.5730526095685817
hardware_session0,5046,1.0512183639992136
hardware_session0,5047,1.202756123220991
hardware_session0,5048,1.5682341118990035
hardware_session0,5049,1.4335134646402385
hardware_session0,5050,0.7762344601168871
hardware_session0,5051,1.2898911818291878
hardware_session0,5052,0.3151674687487587
hardware_session0,5053,1.4025209466695328
hardware_session0,5054,1.9883799296289137
hardware_session0,5055,0.7686904016995586
hardware_session0,5056,0.8431514755957736
hardware_session0,5057,0.7187679515540032
hardware_session0,5058,0.5387525015097214
hardware_session0,5059,1.316406575427435
hardware_session0,5060,0.9830670707260089
hardware_session0,5061,1.1394967950345305
hardware_session0,5062,0.9799658565246455
hardware_session0,5063,0.4177129239871771
hardware_session0,5064,0.7801021562391797
hardware_session0,5065,0.8703599780142204
hardware_session0,5066,0.4414905127593266
hardware_session0,5067,1.4871914372943693
hardware_session0,5068,0.9749662284503134
hardware_session0,5069,0.7994876930535316
hardware_session0,5070,0.9797397480731966
hardware_session0,5071,1.5018082330101021
hardware_session0,5072,1.3054352600941272
hardware_session0,5073,0.5789721127444682
hardware_session0,5074,2.0007882913012893
hardware_session0,5075,0.6525912214304112
hardware_session0,5076,1.1639318969785135
hardware_session0,5077,2.4023575922368234
hardware_session0,5078,0.9456226809557045
hardware_session0,5079,0.8188538687292041
hardware_session0,5080,0.4314020414234002
hardware_session0,5081,0.7957160526709243
hardware_session0,5082,2.707819315464373
hardware_session0,5083,1.3348313813890813
hardware_session0,5084,1.3530524739655727
hardware_session0,5085,1.0973559814302687
hardware_session0,5086,0.40535283635647074
hardware_session0,5087,1.4270103931079985
hardware_session0,5088,1.235627735430714
hardware_session0,5089,0.955869351168665
hardware_session0,5090,0.7589208873024523
hardware_session0,5091,1.6927175797665595
hardware_session0,5092,1.6001792815984963
hardware_session0,5093,1.020836557504504
hardware_session0,5094,0.6512174564025233
hardware_session0,5095,1.2011194118538693
hardware_session0,5096,2.2598395730938514
hardware_session0,5097,1.8744194798751375
hardware_session0,5098,0.7705834793801654
hardware_session0,5099,1.012491662128602
hardware_session0,5100,1.5087628754605507
hardware_session0,5101,0.6624030003856526
hardware_session0,5102,0.5253703306555285
hardware_session0,5103,1.1186734883563296
hardware_session0,5104,0.3559521627553012
hardware_session0,5105,0.9202744631074169
hardware_session0,5106,1.4378106075649
hardware_session0,5107,0.7744641717117152
hardware_session0,5108,0.32408381402378544
hardware_session0,5109,1.7028957554193282
hardware_session0,5110,1.3214072519879214
hardware_session0,5111,1.5629844930809993
hardware_session0,5112,1.1319999275133157
hardware_session0,5113,0.6965903198943901
hardware_session0,5114,0.6718750821777343
hardware_session0,5115,0.9575796267086996
hardware_session0,5116,0.5700286393556689
hardware_session0,5117,0.990169965539056
hardware_session0,5118,0.5119206751358963
hardware_session0,5119,0.9522477978946869
hardware_session0,5120,2.6346547231531874
hardware_session0,5121,0.3596520836978527
hardware_session0,5122,0.7757668400586111
hardware_session0,5123,1.1684039735097813
hardware_session0,5124,0.5647700561415989
hardware_session0,5125,0.883455116271698
hardware_session0,5126,0.8088778383197889
hardware_session0,5127,0.8198797135831517
hardware_session0,5128,0.9964815316895577
hardware_session0,5129,1.6337132964502556
hardware_session0,5130,1.7231549915619646
hardware_session0,5131,1.0179411335372734
hardware_session0,5132,0.7798002567512599
hardware_session0,5133,0.8810280629896753
hardware_session0,5134,0.9689954957410009
hardware_session0,5135,1.0287731582967925
hardware_session0,5136,0.7417052279127473
hardware_session0,5137,0.6106085329876707
hardware_session0,5138,0.5340616014779743
hardware_session0,5139,0.5995060909574732
hardware_session0,5140,1.4519867580774652
hardware_session0,5141,0.7849937211983622
hardware_session0,5142,1.4312616897016728
hardware_session0,5143,0.7600088504632113
hardware_session0,5144,0.732252561780709
hardware_session0,5145,0.839371201239021
hardware_session0,5146,0.908238783934729
hardware_session0,5147,0.7008602124534334
hardware_session0,5148,0.38247097224680165
hardware_session0,5149,0.31923457692300633
hardware_session0,5150,0.9146511341009202
hardware_session0,5151,0.3916622119672805
hardware_session0,5152,1.6266748724610713
hardware_session0,5153,1.4709764163386305
hardware_session0,5154,2.0688337367268588
hardware_session0,5155,0.5545597226851169
hardware_session0,5156,1.8077964032764042
hardware_session0,5157,1.113121962119459
hardware_session0,5158,0.47966047222967784
hardware_session0,5159,1.5801592460570741
hardware_session0,5160,1.3314844238153432
hardware_session0,5161,0.5948002531698665
hardware_session0,5162,1.799395065704631
hardware_session0,5163,2.2613006283528603
hardware_session0,5164,0.6832554768022708
hardware_session0,5165,1.896328967106106
hardware_session0,5166,0.921719869386887
hardware_session0,5167,2.2511366370600423
hardware_session0,5168,1.5204674611861173
hardware_session0,5169,1.9708092418833378
hardware_session0,5170,1.0904395440194008
hardware_session0,5171,1.1348719955119013
hardware_session0,5172,0.772119005273733
hardware_session0,5173,1.4341722619233706
hardware_session0,5174,0.9201786471395988
hardware_session0,5175,1.266522936288139
hardware_session0,5176,1.0000577861778255
hardware_session0,5177,0.6407635441589804
hardware_session0,5178,0.9166194587248752
hardware_session0,5179,0.6034930960805737
hardware_session0,5180,1.079385871195049
hardware_session0,5181,0.826060384683732
hardware_session0,5182,1.0418883005967536
hardware_session0,5183,0.6533545711107605
hardware_session0,5184,1.1318640142451184
hardware_session0,5185,0.759879406210122
hardware_session0,5186,0.927211532707898
hardware_session0,5187,0.7539861942003129
hardware_session0,5188,0.6235625283770089
hardware_session0,5189,1.5161185002354112
hardware_session0,5190,0.969470554487114
hardware_session0,5191,1.2379274592118183
hardware_session0,5192,1.5445187017093907
hardware_session0,5193,1.622824928778565
hardware_session0,5194,1.5088371507195084
hardware_session0,5195,1.469276406274463
hardware_session0,5196,0.8153351491610494
hardware_session0,5197,0.9428039009486201
hardware_session0,5198,1.2860637618143347
hardware_session0,5199,0.8482117971311034
hardware_session0,5200,1.3891384972095862
hardware_session0,5201,1.0115110440531867
hardware_session0,5202,1.281500699554921
hardware_session0,5203,0.8485289383372855
hardware_session0,5204,0.3908530994960579
hardware_session0,5205,1.5123174620715898
hardware_session0,5206,1.0943375341275208
hardware_session0,5207,0.7211972828952942
hardware_session0,5208,0.9010341785959027
hardware_session0,5209,1.3925186383881887
hardware_session0,5210,1.1225381907517233
hardware_session0,5211,1.534490654345323
hardware_session0,5212,0.46542972918063963
hardware_session0,5213,0.7623254840639877
hardware_session0,5214,1.2859523867320917
hardware_session0,5215,0.4706612804119506
hardware_session0,5216,0.641561659669128
hardware_session0,5217,0.4797237329174296
hardware_session0,5218,0.6905086506263446
hardware_session0,5219,1.258508371462553
hardware_session0,5220,1.6166537412965791
hardware_session0,5221,0.559756257881103
hardware_session0,5222,0.8406000171903494
hardware_session0,5223,1.6310439166476771
hardware_session0,5224,0.7226452559799411
hardware_session0,5225,1.0011251377276675
hardware_session0,5226,1.6418599446756819
hardware_session0,5227,0.673214678861193
hardware_session0,5228,0.7278537421171607
hardware_session0,5229,1.2107484598142084
hardware_session0,5230,1.1551881674175941
hardware_session0,5231,1.9593902594339294
hardware_session0,5232,2.2177008935964087
hardware_session0,5233,2.059080650963886
hardware_session0,5234,0.8646289343978317
hardware_session0,5235,1.1609079622416876
hardware_session0,5236,2.0063343320564013
hardware_session0,5237,0.8592571187058088
hardware_session0,5238,0.8271034112431369
hardware_session0,5239,1.0922107172141555
hardware_session0,5240,1.0050485515245915
hardware_session0,5241,1.2089250640717957
hardware_session0,5242,0.9273781456385591
hardware_session0,5243,0.6584616872312175
hardware_session0,5244,1.3176515897325254
hardware_session0,5245,1.15155665461923
hardware_session0,5246,0.4954039860974596
hardware_session0,5247,2.2937978765775817
hardware_session0,5248,1.0634210521404333
hardware_session0,5249,0.6816577855801501
hardware_session0,5250,0.8399403014204837
hardware_session0,5251,0.9182521268328138
hardware_session0,5252,1.4422927140656696
hardware_session0,5253,1.525299951443624
hardware_session0,5254,0.9541067308713738
hardware_session0,5255,0.5157056858988706
hardware_session0,5256,1.2315761929546776
hardware_session0,5257,1.7813781870706855
hardware_session0,5258,1.5517656111215041
hardware_session0,5259,0.8816239277873628
hardware_session0,5260,1.2216525308277701
hardware_session0,5261,0.6553758042939161
hardware_session0,5262,1.0366467362439262
hardware_session0,5263,0.9804204661874865
hardware_session0,5264,0.5162149531868699
hardware_session0,5265,0.8211854662158863
hardware_session0,5266,0.9480817943798464
hardware_session0,5267,1.824101649388955
hardware_session0,5268,0.8799117602414374
hardware_session0,5269,1.330828855172689
hardware_session0,5270,1.119486368895293
hardware_session0,5271,0.7185666827944603
hardware_session0,5272,0.6354275352894592
hardware_session0,5273,0.4268352268456048
hardware_session0,5274,0.7335736775964721
hardware_session0,5275,1.4029929606896414
hardware_session0,5276,0.8779808062851959
hardware_session0,5277,1.6811412859043415
hardware_session0,5278,1.1331509268701734
hardware_session0,5279,0.8803056682925381
hardware_session0,5280,1.1110554522306584
hardware_session0,5281,1.0416697033732272
hardware_session0,5282,1.0821366930920127
hardware_session0,5283,0.8535696571532908
hardware_session0,5284,0.8693104034501793
hardware_session0,5285,0.9619044421896535
hardware_session0,5286,1.2500058399075165
hardware_session0,5287,0.7399115702972722
hardware_session0,5288,0.718911877033508
hardware_session0,5289,1.980351785118303
hardware_session0,5290,0.8470048504753082
hardware_session0,5291,0.5910573735062373
hardware_session0,5292,1.674589042340846
hardware_session0,5293,0.5685092169750011
hardware_session0,5294,0.7944058143087442
hardware_session0,5295,0.8208681435777808
hardware_session0,5296,0.9644108210531724
hardware_session0,5297,0.7730621758829368
hardware_session0,5298,2.6491692820372506
hardware_session0,5299,0.8345195541868322
hardware_session0,5300,0.7927290652498389
hardware_session0,5301,0.9234285404263747
hardware_session0,5302,0.8045700691920049
hardware_session0,5303,1.756304060094672
hardware_session0,5304,0.8814620233113388
hardware_session0,5305,1.0146810410781997
hardware_session0,5306,0.742047996812336
hardware_session0,5307,1.4293110299894103
hardware_session0,5308,0.7766762641831436
hardware_session0,5309,2.157224366204253
hardware_session0,5310,1.7111470089014031
hardware_session0,5311,2.2350351449671577
hardware_session0,5312,1.005372826938325
hardware_session0,5313,1.4444043627763457
hardware_session0,5314,1.4011308317054536
hardware_session0,5315,0.5497936276807986
hardware_session0,5316,1.0805204880216845
hardware_session0,5317,0.6967851815535491
hardware_session0,5318,0.42594240466745464
hardware_session0,5319,1.49748223441025
hardware_session0,5320,0.9197308090318256
hardware_session0,5321,1.3919215376186942
hardware_session0,5322,0.6848491047589375
hardware_session0,5323,2.4367657708363333
hardware_session0,5324,1.6190656791804279
hardware_session0,5325,1.3903946658762634
hardware_session0,5326,0.7773874258590753
hardware_session0,5327,0.8906820858159962
hardware_session0,5328,1.5135090544810288
hardware_session0,5329,0.48951181601489036
hardware_session0,5330,0.4251915016418461
hardware_session0,5331,0.6284390106974643
hardware_session0,5332,0.9200715260413784
hardware_session0,5333,0.970066332173759
hardware_session0,5334,1.2298086570107063
hardware_session0,5335,0.7134076077849868
hardware_session0,5336,1.7298736381585966
hardware_session0,5337,0.5787478684506895
hardware_session0,5338,0.9378923975782949
hardware_session0,5339,0.5670873091826477
hardware_session0,5340,0.6234173453783035
hardware_session0,5341,1.0623696543533216
hardware_session0,5342,1.4104759067112527
hardware_session0,5343,1.0404896350994102
hardware_session0,5344,0.8845331240142886
hardware_session0,5345,0.9723313793969859
hardware_session0,5346,0.7634443781058962
hardware_session0,5347,0.569460607405533
hardware_session0,5348,0.4854037338650836
hardware_session0,5349,0.5173912061381899
hardware_session0,5350,1.4336193236531132
hardware_session0,5351,1.677282401829772
hardware_session0,5352,0.7184530925706455
hardware_session0,5353,1.5107268775319989
hardware_session0,5354,0.9469950371153653
hardware_session0,5355,0.9682696779345537
hardware_session0,5356,0.8542909758236348
hardware_session0,5357,1.133827684623194
hardware_session0,5358,0.7054189176179292
hardware_session0,5359,0.3502826999309512
hardware_session0,5360,0.7607199771365317
hardware_session0,5361,0.6054913459514575
hardware_session0,5362,1.4775323703701186
hardware_session0,5363,1.4434556913255305
hardware_session0,5364,2.4718541093230586
hardware_session0,5365,0.3942737747930695
hardware_session0,5366,1.1833567176518254
hardware_session0,5367,1.2953465611678034
hardware_session0,5368,0.5142768975436544
hardware_session0,5369,1.1838426338019075
hardware_session0,5370,0.7109363225885617
hardware_session0,5371,0.6504908384329048
hardware_session0,5372,1.150749973980355
hardware_session0,5373,1.4420972075043765
hardware_session0,5374,0.7824936866332263
hardware_session0,5375,1.2656676621068113
hardware_session0,5376,0.5537279353365472
hardware_session0,5377,1.0441877437385936
hardware_session0,5378,1.243442012908991
hardware_session0,5379,1.4484200750659604
hardware_session0,5380,1.54110281124887
hardware_session0,5381,1.1751828781826357
hardware_session0,5382,0.5881542217557962
hardware_session0,5383,0.6493317031058801
hardware_session0,5384,0.8234852914513163
hardware_session0,5385,1.011262072723659
hardware_session0,5386,0.6693522115493331
hardware_session0,5387,1.3717473753716092
hardware_session0,5388,0.9348237225294838
hardware_session0,5389,1.1344352243406648
hardware_session0,5390,0.5437270022859678
hardware_session0,5391,0.9955896156225115
hardware_session0,5392,0.9544474776625022
hardware_session0,5393,0.7899280549304024
hardware_session0,5394,1.3051463316153251
hardware_session0,5395,1.3099358779153762
hardware_session0,5396,1.0487823278712398
hardware_session0,5397,1.1497965183350758
hardware_session0,5398,1.0844588479332973
hardware_session0,5399,0.9212720542785094
hardware_session0,5400,0.727561950853175
hardware_session0,5401,0.776523509383633
hardware_session0,5402,1.1285862031143916
hardware_session0,5403,1.094140021720616
hardware_session0,5404,0.9619778972949771
hardware_session0,5405,1.0326201318226151
hardware_session0,5406,0.4765408813033286
hardware_session0,5407,0.6909637158575589
hardware_session0,5408,0.9316493569007718
hardware_session0,5409,1.1487379393763946
hardware_session0,5410,0.9957398717219427
hardware_session0,5411,2.061113246914812
hardware_session0,5412,1.7905893326879516
hardware_session0,5413,2.4968794025691503
hardware_session0,5414,1.7936891548210983
hardware_session0,5415,1.0546324542284222
hardware_session0,5416,0.6231731217681672
hardware_session0,5417,1.1893057208610405
hardware_session0,5418,0.6153778442522014
hardware_session0,5419,1.1399255103833044
hardware_session0,5420,0.4308655359694809
hardware_session0,5421,2.486807469910741
hardware_session0,5422,1.5382134170222137
hardware_session0,5423,0.7082896352695354
hardware_session0,5424,0.6998449829975368
hardware_session0,5425,0.6969007008221003
hardware_session0,5426,1.1224673706640949
hardware_session0,5427,1.1465071593006648
hardware_session0,5428,0.7406631422558443
hardware_session0,5429,0.5939383684392782
hardware_session0,5430,0.7559212159829155
hardware_session0,5431,2.0120777037284396
hardware_session0,5432,2.0056647665032994
hardware_session0,5433,1.5423449676027041
hardware_session0,5434,1.4831328213138553
hardware_session0,5435,1.441729242851814
hardware_session0,5436,0.5881712135869571
hardware_session0,5437,1.6332378524335995
hardware_session0,5438,1.3750580233167349
hardware_session0,5439,0.7198136917626878
hardware_session0,5440,0.6193527325104428
hardware_session0,5441,0.963873735119301
hardware_session0,5442,0.5735371936970133
hardware_session0,5443,0.9233405668024711
hardware_session0,5444,0.6480441848401658
hardware_session0,5445,1.3538807442077212
hardware_session0,5446,1.063291378840726
hardware_session0,5447,1.6153760327513507
hardware_session0,5448,1.0234009292843684
hardware_session0,5449,1.056873573859841
hardware_session0,5450,0.6448679024625346
hardware_session0,5451,0.7013668971214584
hardware_session0,5452,0.74924703244502
hardware_session0,5453,0.4709403425572225
hardware_session0,5454,2.4929089025665494
hardware_session0,5455,1.9133141577684638
hardware_session0,5456,1.028577351744714
hardware_session0,5457,0.6411426947529131
hardware_session0,5458,1.479339987269101
hardware_session0,5459,0.7599119793135573
hardware_session0,5460,0.9338146981679081
hardware_session0,5461,0.7456948637276817
hardware_session0,5462,0.7324397811254117
hardware_session0,5463,0.7292465297022579
hardware_session0,5464,0.8981799841024172
hardware_session0,5465,1.1670191909637568
hardware_session0,5466,1.7276143067666585
hardware_session0,5467,1.1776272316924508
hardware_session0,5468,1.9318027955945256
hardware_session0,5469,1.4314357562544735
hardware_session0,5470,1.43539415555208
hardware_session0,5471,2.16943226427655
hardware_session0,5472,1.2170460116201023
hardware_session0,5473,0.6693248291171405
hardware_session0,5474,1.9575772592518599
hardware_session0,5475,0.45989150833841996
hardware_session0,5476,0.5326614370380998
hardware_session0,5477,1.0923251873053716
hardware_session0,5478,1.1005818268992333
hardware_session0,5479,0.8240540812193131
hardware_session0,5480,2.1043099639491585
hardware_session0,5481,1.376456291292309
hardware_session0,5482,1.8635655932787047
hardware_session0,5483,1.1822254609841814
hardware_session0,5484,0.7860325768385608
hardware_session0,5485,2.116264789927034
hardware_session0,5486,0.9003204555549871
hardware_session0,5487,0.6355576028720546
hardware_session0,5488,0.7786117922999567
hardware_session0,5489,2.064535039854367
hardware_session0,5490,0.38286121111631943
hardware_session0,5491,0.8675368127180906
hardware_session0,5492,0.9741096241214545
hardware_session0,5493,0.4074845181356842
hardware_session0,5494,1.8213708004098221
hardware_session0,5495,0.6798072163798379
hardware_session0,5496,0.7057365201381256
hardware_session0,5497,0.8067656782205135
hardware_session0,5498,1.0988357792650805
hardware_session0,5499,0.847823720948193
hardware_session0,5500,1.201691613848299
hardware_session0,5501,0.7616657313930021
hardware_session0,5502,1.1646080557246052
hardware_session0,5503,1.9444820360151502
hardware_session0,5504,0.5604494625526839
hardware_session0,5505,1.331340846282966
hardware_session0,5506,0.5806177372875069
hardware_session0,5507,1.2070858875882884
hardware_session0,5508,1.6651522926137
hardware_session0,5509,1.0275319599470414
hardware_session0,5510,0.9461976132736081
hardware_session0,5511,1.9320909973198215
hardware_session0,5512,1.225656870312899
hardware_session0,5513,1.1702532714043625
hardware_session0,5514,1.0681161468893539
hardware_session0,5515,0.5212895268133598
hardware_session0,5516,0.8335272042679616
hardware_session0,5517,0.7478162650322377
hardware_session0,5518,0.6494097921410713
hardware_session0,5519,0.7413960526872065
hardware_session0,5520,0.987070682296312
hardware_session0,5521,0.9649058783238532
hardware_session0,5522,0.8659676644069116
hardware_session0,5523,1.9356285704700276
hardware_session0,5524,0.7798282111487939
hardware_session0,5525,1.5023095146676158
hardware_session0,5526,1.1227315514954015
hardware_session0,5527,0.6383753204580456
hardware_session0,5528,0.8501735328721938
hardware_session0,5529,1.0664334306711012
hardware_session0,5530,1.7601041702758742
hardware_session0,5531,1.8225524763887668
hardware_session0,5532,0.6846886472633245
hardware_session0,5533,0.7642166208497989
hardware_session0,5534,1.6384997473227905
hardware_session0,5535,2.1294444714122642
hardware_session0,5536,1.2078174969356417
hardware_session0,5537,1.3030340353098318
hardware_session0,5538,1.4683107537889326
hardware_session0,5539,0.5685901152974712
hardware_session0,5540,2.5913071778413115
hardware_session0,5541,2.0921834342370675
hardware_session0,5542,0.7627793410436287
hardware_session0,5543,1.376054924660058
hardware_session0,5544,0.9513760975163752
hardware_session0,5545,0.7138992284201673
hardware_session0,5546,1.2802437263325261
hardware_session0,5547,1.2353790964052513
hardware_session0,5548,0.5034319146858297
hardware_session0,5549,3.2700349406751252
hardware_session0,5550,0.45962665195533403
hardware_session0,5551,0.834521120504519
hardware_session0,5552,2.5485216119706178
hardware_session0,5553,0.9663296511850376
hardware_session0,5554,0.6027136462100244
hardware_session0,5555,1.7983837175359725
hardware_session0,5556,1.193903747831
hardware_session0,5557,1.7228210284147225
hardware_session0,5558,1.6428760937683982
hardware_session0,5559,1.1264575725147121
hardware_session0,5560,0.7333052308591094
hardware_session0,5561,1.4447345608396065
hardware_session0,5562,0.6068363616065241
hardware_session0,5563,0.6101728026770525
hardware_session0,5564,1.6738952668350826
hardware_session0,5565,0.6160939204676519
hardware_session0,5566,0.7229925024607107
hardware_session0,5567,1.5587566131857964
hardware_session0,5568,1.3400449903814406
hardware_session0,5569,1.730658462507085
hardware_session0,5570,1.305317505426415
hardware_session0,5571,0.5311017275641472
hardware_session0,5572,1.1656971462243457
hardware_session0,5573,1.098358812439844
hardware_session0,5574,1.3791142125917988
hardware_session0,5575,0.9542052597239906
hardware_session0,5576,1.564647636799807
hardware_session0,5577,1.2282775526455663
hardware_session0,5578,0.8289941322555338
hardware_session0,5579,0.7631323477652903
hardware_session0,5580,1.4567050977839262
hardware_session0,5581,0.8638630686573553
hardware_session0,5582,0.7479483370180707
hardware_session0,5583,0.9349741385116384
hardware_session0,5584,1.44405656869166
hardware_session0,5585,1.4914751876171666
hardware_session0,5586,1.0644584778034765
hardware_session0,5587,1.0787156236782507
hardware_session0,5588,1.2607875620250362
hardware_session0,5589,1.5603204699125717
hardware_session0,5590,1.6842740070024633
hardware_session0,5591,0.6099366938913626
hardware_session0,5592,1.6716944454275016
hardware_session0,5593,1.7323428501269071
hardware_session0,5594,0.9545118821586729
hardware_session0,5595,0.39817432182745083
hardware_session0,5596,0.8071764106888039
hardware_session0,5597,1.4052186903227601
hardware_session0,5598,1.0004599039111237
hardware_session0,5599,0.6125524487535372
hardware_session0,5600,0.9274103210858953
hardware_session0,5601,0.5591664591672634
hardware_session0,5602,1.4813571235531915
hardware_session0,5603,1.9229621035217923
hardware_session0,5604,1.4917838019813263
hardware_session0,5605,0.8370471927036957
hardware_session0,5606,1.3328458444450568
hardware_session0,5607,0.6288201986223202
hardware_session0,5608,1.642772274261968
hardware_session0,5609,0.7072757193420895
hardware_session0,5610,1.2638419648090637
hardware_session0,5611,1.257583361068186
hardware_session0,5612,0.5779914029420025
hardware_session0,5613,0.9589705536338119
hardware_session0,5614,0.5364882438152897
hardware_session0,5615,0.7196757033371943
hardware_session0,5616,1.0886932171102068
hardware_session0,5617,1.0144513901519643
hardware_session0,5618,0.7063746270960946
hardware_session0,5619,1.2276907240938477
hardware_session0,5620,1.434321526582221
hardware_session0,5621,1.0098948402916301
hardware_session0,5622,0.644039493495188
hardware_session0,5623,0.9123994610962763
hardware_session0,5624,1.2429527929852306
hardware_session0,5625,1.7452024064202758
hardware_session0,5626,1.5425654835181104
hardware_session0,5627,0.9008881112526653
hardware_session0,5628,0.7038200756464237
hardware_session0,5629,1.3387396116828834
hardware_session0,5630,1.1048592670627413
hardware_session0,5631,1.4975946263767965
hardware_session0,5632,1.7948535409657633
hardware_session0,5633,0.4213966067486751
hardware_session0,5634,1.7551900389555684
hardware_session0,5635,0.9644097505494051
hardware_session0,5636,0.5712298764163581
hardware_session0,5637,0.6626660443514493
hardware_session0,5638,1.0068800992519948
hardware_session0,5639,1.1541745472404752
hardware_session0,5640,0.7255503622592984
hardware_session0,5641,0.870025233160278
hardware_session0,5642,0.8906378980370995
hardware_session0,5643,2.446464774598413
hardware_session0,5644,1.3574057350792266
hardware_session0,5645,0.5235107114218289
hardware_session0,5646,0.7495002953137684
hardware_session0,5647,1.5519244918918293
hardware_session0,5648,1.0744588707944063
hardware_session0,5649,1.3079763930356416
hardware_session0,5650,1.6473031950937773
hardware_session0,5651,1.4056198887424247
hardware_session0,5652,1.4188877270605698
hardware_session0,5653,0.8075733006552687
hardware_session0,5654,0.5897582194141061
hardware_session0,5655,0.5131940445506353
hardware_session0,5656,0.9426668444405487
hardware_session0,5657,1.0153960101412525
hardware_session0,5658,1.158251187430863
hardware_session0,5659,0.6206596682226194
hardware_session0,5660,0.6890982733703372
hardware_session0,5661,1.6697113205853977
hardware_session0,5662,0.4449791254364147
hardware_session0,5663,1.2370374512694453
hardware_session0,5664,0.6904920215362697
hardware_session0,5665,0.9875266767273768
hardware_session0,5666,1.2882867090089651
hardware_session0,5667,0.4377222220217898
hardware_session0,5668,1.2685408635272153
hardware_session0,5669,1.0093512941664862
hardware_session0,5670,1.9200600252229976
hardware_session0,5671,1.4210487003736862
hardware_session0,5672,0.926715145475644
hardware_session0,5673,1.2637138846852995
hardware_session0,5674,1.2182543655336417
hardware_session0,5675,0.7296540332136493
hardware_session0,5676,1.0588625819926454
hardware_session0,5677,0.7150893727964046
hardware_session0,5678,0.6633616297901117
hardware_session0,5679,1.0270044251671102
hardware_session0,5680,0.4923905525329584
hardware_session0,5681,0.6737408072635594
hardware_session0,5682,0.6960548892323972
hardware_session0,5683,1.0764311866874752
hardware_session0,5684,0.8372703385171884
hardware_session0,5685,1.7161493144826756
hardware_session0,5686,0.9904079305886411
hardware_session0,5687,0.4245098494271629
hardware_session0,5688,1.1938184532805611
hardware_session0,5689,1.5783946276859169
hardware_session0,5690,0.9134007735530448
hardware_session0,5691,0.6055453884053269
hardware_session0,5692,0.31407102674844806
hardware_session0,5693,0.9274812905060366
hardware_session0,5694,0.7211585128702805
hardware_session0,5695,0.6688709678939938
hardware_session0,5696,1.0836259321827422
hardware_session0,5697,0.8630035179467193
hardware_session0,5698,2.4928397062140224
hardware_session0,5699,1.0085980204166853
hardware_session0,5700,1.1727981878654603
hardware_session0,5701,0.8627433306912722
hardware_session0,5702,1.3560960046298765
hardware_session0,5703,0.6522189149629524
hardware_session0,5704,0.69310003382736
hardware_session0,5705,0.5234478010763532
hardware_session0,5706,0.5673667482955032
hardware_session0,5707,0.6395862744611799
hardware_session0,5708,0.34954907528033613
hardware_session0,5709,1.6055547014054792
hardware_session0,5710,1.4579593664707824
hardware_session0,5711,1.093701559129076
hardware_session0,5712,1.0053620769507192
hardware_session0,5713,2.2193723874180846
hardware_session0,5714,1.4105674976654807
hardware_session0,5715,1.1640260971183585
hardware_session0,5716,1.2653362839202968
hardware_session0,5717,0.6624345681448102
hardware_session0,5718,1.2525343861289284
hardware_session0,5719,1.004726283959819
hardware_session0,5720,1.5266925852850024
hardware_session0,5721,0.6372337024408479
hardware_session0,5722,2.7602716326354395
hardware_session0,5723,0.7268665462763708
hardware_session0,5724,1.8324080152115878
hardware_session0,5725,1.4701731956958695
hardware_session0,5726,0.9355039210533623
hardware_session0,5727,1.0966790026460016
hardware_session0,5728,0.5481295177213111
hardware_session0,5729,1.1295131063614776
hardware_session0,5730,0.9969781739768003
hardware_session0,5731,1.1470283962735603
hardware_session0,5732,1.0495197280538018
hardware_session0,5733,0.8170169275782324
hardware_session0,5734,0.5124224710933905
hardware_session0,5735,1.5682191049080554
hardware_session0,5736,1.0703386394024461
hardware_session0,5737,1.5851740557382399
hardware_session0,5738,1.5315791198299862
hardware_session0,5739,1.1124407181030294
hardware_session0,5740,1.3203332279332325
hardware_session0,5741,1.6169362291671743
hardware_session0,5742,1.7048774278054857
hardware_session0,5743,1.1560097070296302
hardware_session0,5744,0.869924929602291
hardware_session0,5745,0.6411590671470622
hardware_session0,5746,0.3853398798429628
hardware_session0,5747,0.6694264335664346
hardware_session0,5748,1.4410564920071027
hardware_session0,5749,1.5924921885796213
hardware_session0,5750,0.49699221655565623
hardware_session0,5751,0.8384906122659792
hardware_session0,5752,2.1109360447078234
hardware_session0,5753,0.805646430884354
hardware_session0,5754,1.4908754354646723
hardware_session0,5755,1.5496405520360226
hardware_session0,5756,1.5625901263558342
hardware_session0,5757,0.7338540998794202
hardware_session0,5758,1.654464893857662
hardware_session0,5759,1.2416827511929542
hardware_session0,5760,1.9349186495737232
hardware_session0,5761,1.4077466406548083
hardware_session0,5762,0.8372534390491367
hardware_session0,5763,0.9758223507743825
hardware_session0,5764,1.0858815262322488
hardware_session0,5765,0.6423188835643254
hardware_session0,5766,1.377921778101628
hardware_session0,5767,2.2504191078598508
hardware_session0,5768,0.8202943545514458
hardware_session0,5769,0.8460609354714134
hardware_session0,5770,1.0271875944801547
hardware_session0,5771,0.684623638425809
hardware_session0,5772,1.8997586146444356
hardware_session0,5773,1.3077993689504175
hardware_session0,5774,1.9618797044126108
hardware_session0,5775,1.1453894811231786
hardware_session0,5776,1.016707934697562
hardware_session0,5777,0.9682042966442695
hardware_session0,5778,0.8618422072311998
hardware_session0,5779,0.614637452539282
hardware_session0,5780,0.7321733100897319
hardware_session0,5781,0.8257461468576447
hardware_session0,5782,0.522224080718876
hardware_session0,5783,1.6357673747692567
hardware_session0,5784,1.171332579968429
hardware_session0,5785,0.6104913886471232
hardware_session0,5786,1.612191736803081
hardware_session0,5787,1.4150102290781614
hardware_session0,5788,1.284286073382255
hardware_session0,5789,1.7199420591136658
hardware_session0,5790,1.8182511613530044
hardware_session0,5791,0.5244122491653527
hardware_session0,5792,0.9532297626872145
hardware_session0,5793,0.7970585365342326
hardware_session0,5794,2.8637370922337824
hardware_session0,5795,1.0589093170212225
hardware_session0,5796,1.385860148816916
hardware_session0,5797,0.6021558079851023
hardware_session0,5798,0.42279940017578654
hardware_session0,5799,0.8560821499006472
hardware_session0,5800,0.602519167213315
hardware_session0,5801,0.5176929902062055
hardware_session0,5802,1.1485240967318955
hardware_session0,5803,0.6983613382421953
hardware_session0,5804,0.8629980509027028
hardware_session0,5805,0.8204597567083287
hardware_session0,5806,0.9691974184084455
hardware_session0,5807,1.740200008699257
hardware_session0,5808,1.095989995760334
hardware_session0,5809,1.1153314058195167
hardware_session0,5810,1.0587929112263375
hardware_session0,5811,0.734123528913191
hardware_session0,5812,0.681366355988014
hardware_session0,5813,0.6700933851697123
hardware_session0,5814,0.7340099542095118
hardware_session0,5815,0.5592963465970116
hardware_session0,5816,0.8501902023288982
hardware_session0,5817,0.9094641169897825
hardware_session0,5818,0.4652955243667293
hardware_session0,5819,0.516777799510924
hardware_session0,5820,1.2958801054334719
hardware_session0,5821,1.8417833694070975
hardware_session0,5822,1.1172677524154269
hardware_session0,5823,2.093998816237395
hardware_session0,5824,1.157259489809036
hardware_session0,5825,0.4843337706831553
hardware_session0,5826,0.7700919536713463
hardware_session0,5827,0.46562217963699337
hardware_session0,5828,0.9761341805078957
hardware_session0,5829,1.753205211629126
hardware_session0,5830,1.2837366841111222
hardware_session0,5831,0.6135584774350574
hardware_session0,5832,0.5138286285787732
hardware_session0,5833,0.8076984255150584
hardware_session0,5834,1.0915742072450987
hardware_session0,5835,1.963118806167609
hardware_session0,5836,1.2166038869860736
hardware_session0,5837,0.7582896428653076
hardware_session0,5838,0.9322578542214333
hardware_session0,5839,0.9709454311977558
hardware_session0,5840,0.5941355232396567
hardware_session0,5841,0.4394182984346045
hardware_session0,5842,1.915966167260644
hardware_session0,5843,1.3473450909226663
hardware_session0,5844,0.6184528815978659
hardware_session0,5845,1.7970016226295362
hardware_session0,5846,0.6135022977906173
hardware_session0,5847,0.7861485074977129
hardware_session0,5848,0.5014322525616188
hardware_session0,5849,1.1247616505330076
hardware_session0,5850,1.763893321030115
hardware_session0,5851,1.09130779017339
hardware_session0,5852,1.8186362200796202
hardware_session0,5853,1.153319304599658
hardware_session0,5854,1.433204181283583
hardware_session0,5855,0.9900384020448731
hardware_session0,5856,1.436926288900759
hardware_session0,5857,1.2357078032827036
hardware_session0,5858,1.7555592848321642
hardware_session0,5859,0.8107391256245834
hardware_session0,5860,0.8129128603974788
hardware_session0,5861,1.0943675520832998
hardware_session0,5862,1.20618366786006
hardware_session0,5863,0.6902879809046306
hardware_session0,5864,0.8637209839611054
hardware_session0,5865,1.0586350916255864
hardware_session0,5866,2.301452142493805
hardware_session0,5867,0.6048185962321065
hardware_session0,5868,0.7329461727228006
hardware_session0,5869,1.2097142555009357
hardware_session0,5870,0.4695630391694916
hardware_session0,5871,1.2855242893626855
hardware_session0,5872,0.3942380668791792
hardware_session0,5873,0.9196259988539777
hardware_session0,5874,0.7138949418238519
hardware_session0,5875,0.5177890877119858
hardware_session0,5876,0.777279843187435
hardware_session0,5877,0.5601495268802309
hardware_session0,5878,1.012512382012866
hardware_session0,5879,0.6490327279540734
hardware_session0,5880,1.548292072539566
hardware_session0,5881,1.141094181450251
hardware_session0,5882,1.1848546159865383
hardware_session0,5883,2.0915263466354617
hardware_session0,5884,1.1663111951604619
hardware_session0,5885,0.8944441034003234
hardware_session0,5886,1.3005482950523912
hardware_session0,5887,0.8552533921210397
hardware_session0,5888,1.6742396881085568
hardware_session0,5889,1.6722471875097527
hardware_session0,5890,1.2913524177158142
hardware_session0,5891,1.4632110349573153
hardware_session0,5892,1.2780035423754812
hardware_session0,5893,0.9655279552407889
hardware_session0,5894,1.7467328163947942
hardware_session0,5895,1.3667253753561492
hardware_session0,5896,0.47194953692375086
hardware_session0,5897,0.8401695591811362
hardware_session0,5898,0.7497915529554265
hardware_session0,5899,1.1507782473559804
hardware_session0,5900,0.5090554491423391
hardware_session0,5901,0.920935062155127
hardware_session0,5902,0.6469256271640008
hardware_session0,5903,1.4577135559425822
hardware_session0,5904,1.918127141440293
hardware_session0,5905,0.8900705330004484
hardware_session0,5906,0.6368700352329987
hardware_session0,5907,1.7305117106607506
hardware_session0,5908,1.2772238842243908
hardware_session0,5909,1.8635149648653264
hardware_session0,5910,0.7055617174922029
hardware_session0,5911,0.7904352386738319
hardware_session0,5912,2.046325799424749
hardware_session0,5913,1.0458910240129982
hardware_session0,5914,1.3409692658624128
hardware_session0,5915,1.0508765503569375
hardware_session0,5916,0.67470018817013
hardware_session0,5917,1.4804527401859622
hardware_session0,5918,0.3649955220557069
hardware_session0,5919,0.47964831101328326
hardware_session0,5920,1.6206130481502106
hardware_session0,5921,1.2141505615068966
hardware_session0,5922,1.4244644909464612
hardware_session0,5923,1.082072096582134
hardware_session0,5924,1.5025490656814402
hardware_session0,5925,0.9125202689113445
hardware_session0,5926,1.0820542841488774
hardware_session0,5927,0.8133547286478342
hardware_session0,5928,1.6099418468848914
hardware_session0,5929,1.433631477912627
hardware_session0,5930,1.6598665211096277
hardware_session0,5931,1.3634924111158386
hardware_session0,5932,1.0210705911794136
hardware_session0,5933,1.2001241185509581
hardware_session0,5934,0.5400526885800844
hardware_session0,5935,1.6843991903575068
hardware_session0,5936,0.682792696095539
hardware_session0,5937,1.4077463685746492
hardware_session0,5938,0.5787598065342843
hardware_session0,5939,0.6891925717161196
hardware_session0,5940,1.659210089782194
hardware_session0,5941,0.5749277352039696
hardware_session0,5942,1.2789156679807376
hardware_session0,5943,1.7472763904076634
hardware_session0,5944,1.985256463344771
hardware_session0,5945,0.6912435742984256
hardware_session0,5946,0.49084042586614807
hardware_session0,5947,1.9322928339160266
hardware_session0,5948,0.9987522080145802
hardware_session0,5949,1.575479837913753
hardware_session0,5950,0.9666744096586709
hardware_session0,5951,1.2898915773803317
hardware_session0,5952,1.2205164014283936
hardware_session0,5953,3.166751941665791
hardware_session0,5954,1.0207858164781611
hardware_session0,5955,1.1045936334651858
hardware_session0,5956,2.513991835297945
hardware_session0,5957,0.935582023066268
hardware_session0,5958,1.1264983363311272
hardware_session0,5959,1.8398908184808096
hardware_session0,5960,0.6380398626739366
hardware_session0,5961,0.5157236025297222
hardware_session0,5962,0.7656203372178083
hardware_session0,5963,0.4705264109031567
hardware_session0,5964,1.5139430686969846
hardware_session0,5965,1.2973856599905007
hardware_session0,5966,1.730078467496475
hardware_session0,5967,1.8647920233638047
hardware_session0,5968,1.128363755619403
hardware_session0,5969,0.7467712385154357
hardware_session0,5970,1.172504122124666
hardware_session0,5971,2.3922315605212154
hardware_session0,5972,1.9095697805023033
hardware_session0,5973,2.639232156887399
hardware_session0,5974,1.4725571915328146
hardware_session0,5975,1.1532372402231599
hardware_session0,5976,1.0743244633584548
hardware_session0,5977,0.6474467776499153
hardware_session0,5978,1.8684792356443387
hardware_session0,5979,1.5900699346453113
hardware_session0,5980,1.7185170413869701
hardware_session0,5981,0.6784895621091298
hardware_session0,5982,0.7365802594214864
hardware_session0,5983,1.4822438741000434
hardware_session0,5984,1.373401536930464
hardware_session0,5985,1.4574932952930981
hardware_session0,5986,0.7061954175310008
hardware_session0,5987,1.1167973284655714
hardware_session0,5988,0.6796632242239968
hardware_session0,5989,1.4129362177982334
hardware_session0,5990,1.5642657512012634
hardware_session0,5991,1.0219899362217346
hardware_session0,5992,0.7778861145084178
hardware_session0,5993,0.9754104581273967
hardware_session0,5994,1.3734895738373951
hardware_session0,5995,1.2911234572506842
hardware_session0,5996,1.0593772682792866
hardware_session0,5997,1.1763864079991493
hardware_session0,5998,0.694809154655573
hardware_session0,5999,1.540001581695438
hardware_session0,6000,1.117727957600318
hardware_session0,6001,0.6009718266385147
hardware_session0,6002,0.6185890752481282
hardware_session0,6003,1.1465073379471329
hardware_session0,6004,1.3529514030374366
hardware_session0,6005,0.6616072088900021
hardware_session0,6006,1.4636917863756118
hardware_session0,6007,1.2707183550109618
hardware_session0,6008,0.6716864097995927
hardware_session0,6009,1.3550704971433694
hardware_session0,6010,0.9529820638880993
hardware_session0,6011,0.5724358066644857
hardware_session0,6012,0.5908805338599601
hardware_session0,6013,0.9202591790743483
hardware_session0,6014,1.2673659575395235
hardware_session0,6015,1.1122950012750694
hardware_session0,6016,0.820001713451519
hardware_session0,6017,1.6304887044937577
hardware_session0,6018,1.056525367600632
hardware_session0,6019,2.9265079575189556
hardware_session0,6020,0.5694504192905224
hardware_session0,6021,0.9890353002464517
hardware_session0,6022,1.7008215207458224
hardware_session0,6023,1.3088030951000595
hardware_session0,6024,0.9463451025010419
hardware_session0,6025,0.4778912081556168
hardware_session0,6026,1.2296983200032712
hardware_session0,6027,0.805031927733345
hardware_session0,6028,0.8735921922086896
hardware_session0,6029,0.6971223321191966
hardware_session0,6030,1.2237742437688495
hardware_session0,6031,0.878062452703882
hardware_session0,6032,1.8907188616480213
hardware_session0,6033,0.5506787457525094
hardware_session0,6034,0.6938243263644613
hardware_session0,6035,1.5698264119158563
hardware_session0,6036,1.1981658297809723
hardware_session0,6037,0.6922940283424588
hardware_session0,6038,1.2515349650585654
hardware_session0,6039,0.5655330566452835
hardware_session0,6040,0.406411046841968
hardware_session0,6041,1.033385648136732
hardware_session0,6042,0.4931726053991831
hardware_session0,6043,2.121347045972719
hardware_session0,6044,2.2817660789102634
hardware_session0,6045,0.6748119587868827
hardware_session0,6046,0.5681307793400985
hardware_session0,6047,0.627726958394494
hardware_session0,6048,0.6742622932314694
hardware_session0,6049,0.3147050237798857
hardware_session0,6050,1.0164934507716847
hardware_session0,6051,1.6060820227535673
hardware_session0,6052,0.7506834484915872
hardware_session0,6053,0.7154702186575808
hardware_session0,6054,1.366961028770539
hardware_session0,6055,0.7805868893410184
hardware_session0,6056,1.0547279163231607
hardware_session0,6057,0.9725897633848622
hardware_session0,6058,1.4406382971486986
hardware_session0,6059,0.8726123815440056
hardware_session0,6060,2.2922343503995495
hardware_session0,6061,1.124525351754166
hardware_session0,6062,0.882185206935489
hardware_session0,6063,0.6554526697769872
hardware_session0,6064,0.8537760351758021
hardware_session0,6065,1.369725284084591
hardware_session0,6066,1.6378894449933536
hardware_session0,6067,1.397471669453771
hardware_session0,6068,0.841990107329242
hardware_session0,6069,0.8534802829203257
hardware_session0,6070,1.773100211250413
hardware_session0,6071,0.42965942948657176
hardware_session0,6072,1.4591333493844103
hardware_session0,6073,0.681347563013221
hardware_session0,6074,1.655298832398513
hardware_session0,6075,0.9679525450087783
hardware_session0,6076,0.8545114032857191
hardware_session0,6077,1.1526554398341242
hardware_session0,6078,0.601610867344768
hardware_session0,6079,1.0072905766581977
hardware_session0,6080,0.6515042174168963
hardware_session0,6081,1.129036779452361
hardware_session0,6082,0.6787227775939193
hardware_session0,6083,1.0988706485459716
hardware_session0,6084,0.7703417851568363
hardware_session0,6085,0.7965060769763986
hardware_session0,6086,1.6636182400509356
hardware_session0,6087,1.2791643368562813
hardware_session0,6088,1.0310227742228133
hardware_session0,6089,0.5743448244159692
hardware_session0,6090,1.603344838374576
hardware_session0,6091,0.6706496719170133
hardware_session0,6092,1.2749159140923128
hardware_session0,6093,0.6233610407963206
hardware_session0,6094,2.263210229716372
hardware_session0,6095,0.5648924917045958
hardware_session0,6096,1.0333997128228873
hardware_session0,6097,0.7342438254670124
hardware_session0,6098,1.2747308274236613
hardware_session0,6099,0.5716408598533269
hardware_session0,6100,2.6534714085695605
hardware_session0,6101,1.006915738965437
hardware_session0,6102,2.4888589134505517
hardware_session0,6103,1.2048838348670516
hardware_session0,6104,1.6131951231453678
hardware_session0,6105,2.4276436398887533
hardware_session0,6106,0.7788465341578
hardware_session0,6107,1.4333958992592957
hardware_session0,6108,1.3684485350360158
hardware_session0,6109,0.4994558591353399
hardware_session0,6110,0.5367604598536395
hardware_session0,6111,0.5598603721225591
hardware_session0,6112,1.0231472260485837
hardware_session0,6113,0.44052829957101763
hardware_session0,6114,0.9751032132814532
hardware_session0,6115,0.8432661582828443
hardware_session0,6116,1.658393783140393
hardware_session0,6117,1.940289918693998
hardware_session0,6118,1.5628983822312417
hardware_session0,6119,0.7506426531898268
hardware_session0,6120,0.6758176455532582
hardware_session0,6121,0.7509113456949537
hardware_session0,6122,1.4915208910359945
hardware_session0,6123,0.7480823775139356
hardware_session0,6124,0.5418470674217168
hardware_session0,6125,1.097122975993735
hardware_session0,6126,1.4855317990963086
hardware_session0,6127,0.9195433562194532
hardware_session0,6128,2.2277744215851
hardware_session0,6129,1.453245215049698
hardware_session0,6130,0.3342034752536911
hardware_session0,6131,0.44288882556696857
hardware_session0,6132,1.2475478817179906
hardware_session0,6133,0.9063654057293566
hardware_session0,6134,1.2879070643934165
hardware_session0,6135,1.1473920398210775
hardware_session0,6136,0.7522858246467061
hardware_session0,6137,1.4762185098865284
hardware_session0,6138,0.7382657827159065
hardware_session0,6139,2.2277094534557347
hardware_session0,6140,0.5535399447888035
hardware_session0,6141,0.6202726597015032
hardware_session0,6142,0.6249164894374951
hardware_session0,6143,0.8863255219523684
hardware_session0,6144,1.1332980291103316
hardware_session0,6145,0.9566679936443234
hardware_session0,6146,0.5517486904492656
hardware_session0,6147,0.5080094279408023
hardware_session0,6148,1.5459107264866905
hardware_session0,6149,0.7875404723401985
hardware_session0,6150,1.0058518469046478
hardware_session0,6151,1.6161536510536243
hardware_session0,6152,1.7417000943005383
hardware_session0,6153,0.6399320126494522
hardware_session0,6154,0.7404206579954344
hardware_session0,6155,1.349027463153464
hardware_session0,6156,1.9245824619487324
hardware_session0,6157,1.3772316798264284
hardware_session0,6158,2.310374151402696
hardware_session0,6159,0.4234493873111994
hardware_session0,6160,0.6640253888139224
hardware_session0,6161,0.7942382644876596
hardware_session0,6162,1.2748578299307387
hardware_session0,6163,0.8006794529409345
hardware_session0,6164,1.0451847187173384
hardware_session0,6165,1.0047775379593562
hardware_session0,6166,1.7982119834804766
hardware_session0,6167,0.49016639311716675
hardware_session0,6168,0.8461315982018115
hardware_session0,6169,0.5980169479869761
hardware_session0,6170,1.4442861988106575
hardware_session0,6171,1.4800388590235019
hardware_session0,6172,2.4953741111985557
hardware_session0,6173,1.542967655204455
hardware_session0,6174,0.8607696606916984
hardware_session0,6175,0.8634289419114721
hardware_session0,6176,0.8234244795046824
hardware_session0,6177,1.394795602664765
hardware_session0,6178,1.6601298558902426
hardware_session0,6179,1.3087547344908759
hardware_session0,6180,0.7136381996088936
hardware_session0,6181,1.493418714855039
hardware_session0,6182,1.4785053604414944
hardware_session0,6183,1.034875316469172
hardware_session0,6184,1.2384978332999992
hardware_session0,6185,1.558177570561954
hardware_session0,6186,0.8375724133813865
hardware_session0,6187,1.671311361223328
hardware_session0,6188,0.9029004330199656
hardware_session0,6189,1.08178263542638
hardware_session0,6190,0.5303796353433081
hardware_session0,6191,1.3556462533015883
hardware_session0,6192,0.8746200352485317
hardware_session0,6193,0.5607861000288779
hardware_session0,6194,1.3440497067645958
hardware_session0,6195,0.6135434380815966
hardware_session0,6196,0.5972876571408314
hardware_session0,6197,0.8096429755546355
hardware_session0,6198,0.8630287429294613
hardware_session0,6199,0.570938981577639
hardware_session0,6200,1.409953703215752
hardware_session0,6201,0.6304886150042152
hardware_session0,6202,1.40031095630136
hardware_session0,6203,1.0737875900471252
hardware_session0,6204,1.3718743100231579
hardware_session0,6205,0.807473277593073
hardware_session0,6206,1.1027509592526794
hardware_session0,6207,0.522246766926455
hardware_session0,6208,0.9496885068031985
hardware_session0,6209,1.4218873863598915
hardware_session0,6210,1.1106138087007797
hardware_session0,6211,0.941714481358028
hardware_session0,6212,1.8707159782950356
hardware_session0,6213,1.0767857430434125
hardware_session0,6214,0.6900037898700163
hardware_session0,6215,0.9627889876656174
hardware_session0,6216,0.5377005550793261
hardware_session0,6217,1.5342282389585062
hardware_session0,6218,1.3819014083964904
hardware_session0,6219,1.774960891502548
hardware_session0,6220,1.8543600091126267
hardware_session0,6221,1.132953495786846
hardware_session0,6222,0.5678072861033324
hardware_session0,6223,1.0426388837666178
hardware_session0,6224,1.2118441978944339
hardware_session0,6225,0.35137896408246716
hardware_session0,6226,0.5030256987926367
hardware_session0,6227,1.5749050145717827
hardware_session0,6228,0.7134232404179808
hardware_session0,6229,0.7884380714394117
hardware_session0,6230,1.343719768496511
hardware_session0,6231,1.6667303654507761
hardware_session0,6232,1.227963768566745
hardware_session0,6233,0.5897973776373148
hardware_session0,6234,0.7537817652962494
hardware_session0,6235,0.9717835793441635
hardware_session0,6236,0.8529886896501995
hardware_session0,6237,1.6637733805827708
hardware_session0,6238,1.3185071835701405
hardware_session0,6239,2.006311818263879
hardware_session0,6240,3.103718501285123
hardware_session0,6241,1.740430375380886
hardware_session0,6242,0.8866253804762358
hardware_session0,6243,0.7953516161630652
hardware_session0,6244,1.4434468795223587
hardware_session0,6245,0.6056085607932099
hardware_session0,6246,0.5408553197956131
hardware_session0,6247,0.627659565125392
hardware_session0,6248,0.8821755630428785
hardware_session0,6249,0.775732522609795
hardware_session0,6250,1.19970588476627
hardware_session0,6251,1.0473774038249184
hardware_session0,6252,0.412147161449964
hardware_session0,6253,0.9078555733897495
hardware_session0,6254,0.6906594750123441
hardware_session0,6255,0.652194830851467
hardware_session0,6256,1.3582353260294429
hardware_session0,6257,0.7936311756821971
hardware_session0,6258,1.7510021481514992
hardware_session0,6259,0.5198258842053818
hardware_session0,6260,1.2619268771373346
hardware_session0,6261,0.6947446657963119
hardware_session0,6262,1.423973758656631
hardware_session0,6263,0.7227212896234138
hardware_session0,6264,1.4707121211650225
hardware_session0,6265,0.5062931252222781
hardware_session0,6266,1.6490857708392017
hardware_session0,6267,0.6120559905989279
hardware_session0,6268,0.36263675797216316
hardware_session0,6269,0.5172396434010864
hardware_session0,6270,0.5356922534136855
hardware_session0,6271,0.869176209323233
hardware_session0,6272,1.4109855484391594
hardware_session0,6273,0.47109115785609235
hardware_session0,6274,1.232225557056018
hardware_session0,6275,0.7226817540524425
hardware_session0,6276,0.5426169803153599
hardware_session0,6277,1.5629025084007289
hardware_session0,6278,0.5851680605786559
hardware_session0,6279,0.47270198743786435
hardware_session0,6280,2.147837324487967
hardware_session0,6281,2.2111351529576457
hardware_session0,6282,1.7358276385687852
hardware_session0,6283,0.5307134157647134
hardware_session0,6284,0.9531257234343434
hardware_session0,6285,1.338506500071635
hardware_session0,6286,1.2113435409779758
hardware_session0,6287,0.809449409994619
hardware_session0,6288,1.4145683356681886
hardware_session0,6289,0.6999700524528563
hardware_session0,6290,0.9361213111185476
hardware_session0,6291,0.8837509661829956
hardware_session0,6292,1.0327171338143404
hardware_session0,6293,1.147338812454003
hardware_session0,6294,0.6294064734680691
hardware_session0,6295,0.9056353569735086
hardware_session0,6296,1.1886474281128165
hardware_session0,6297,1.926909493026296
hardware_session0,6298,0.6311697536080603
hardware_session0,6299,0.6652915689759064
hardware_session0,6300,0.9558026666281345
hardware_session0,6301,0.8211884914480188
hardware_session0,6302,0.686750415714968
hardware_session0,6303,0.5626853270732165
hardware_session0,6304,1.0539574305179742
hardware_session0,6305,1.234586126360926
hardware_session0,6306,1.4147442268115025
hardware_session0,6307,1.3811954783818101
hardware_session0,6308,1.1985717538578413
hardware_session0,6309,1.0924971467835503
hardware_session0,6310,0.8429677576897213
hardware_session0,6311,0.39182992167060665
hardware_session0,6312,0.531640783337401
hardware_session0,6313,0.9092975601428562
hardware_session0,6314,0.9494353190496331
hardware_session0,6315,1.2864378274901427
hardware_session0,6316,0.8044135897244463
hardware_session0,6317,1.1869856189014887
hardware_session0,6318,1.2129547714344435
hardware_session0,6319,0.4713982164360869
hardware_session0,6320,1.5791868782261655
hardware_session0,6321,0.5511076664033137
hardware_session0,6322,1.1079740282930497
hardware_session0,6323,0.6435714533446343
hardware_session0,6324,2.6899245947113086
hardware_session0,6325,1.0343775486341171
hardware_session0,6326,0.5978485777538416
hardware_session0,6327,1.2491810441254285
hardware_session0,6328,0.5445538219771444
hardware_session0,6329,1.6282307798044828
hardware_session0,6330,0.7466187253250108
hardware_session0,6331,0.5111733729540345
hardware_session0,6332,1.417710176204028
hardware_session0,6333,1.779261045275056
hardware_session0,6334,0.7000418256350949
hardware_session0,6335,2.229685740999037
hardware_session0,6336,1.0877879844056983
hardware_session0,6337,1.5749749387742829
hardware_session0,6338,1.0565108528514366
hardware_session0,6339,2.6557251465008296
hardware_session0,6340,0.8628453402438623
hardware_session0,6341,1.6963939101980643
hardware_session0,6342,0.5066189114269329
hardware_session0,6343,0.8879025742485959
hardware_session0,6344,1.6434135072335678
hardware_session0,6345,0.6493745961277532
hardware_session0,6346,0.9699958864456387
hardware_session0,6347,1.293113857413756
hardware_session0,6348,1.9197922913860022
hardware_session0,6349,1.0600365484372887
hardware_session0,6350,0.5640044846050015
hardware_session0,6351,1.0894941118050998
hardware_session0,6352,0.5137208756670524
hardware_session0,6353,1.4451730110238963
hardware_session0,6354,1.2565415931980202
hardware_session0,6355,1.26995487151267
hardware_session0,6356,0.5151872459403004
hardware_session0,6357,1.2718562428603934
hardware_session0,6358,0.9081519811183977
hardware_session0,6359,1.1650409881267756
hardware_session0,6360,0.816936689252609
hardware_session0,6361,0.7496276232169141
hardware_session0,6362,1.0309665203834468
hardware_session0,6363,0.5134579626858483
hardware_session0,6364,1.0745824787346305
hardware_session0,6365,1.2150582474110079
hardware_session0,6366,1.9046507555612349
hardware_session0,6367,0.6031025609833731
hardware_session0,6368,1.3026394299680544
hardware_session0,6369,1.0501140609363548
hardware_session0,6370,0.625078236878641
hardware_session0,6371,1.0459219373451571
hardware_session0,6372,1.2843417675503295
hardware_session0,6373,1.7598337341932684
hardware_session0,6374,0.6259104540399348
hardware_session0,6375,1.9118274132808748
hardware_session0,6376,0.8750651906339066
hardware_session0,6377,2.5786035970608943
hardware_session0,6378,0.4717942566264801
hardware_session0,6379,1.4613591690369374
hardware_session0,6380,0.7446354899125377
hardware_session0,6381,0.8150334585134404
hardware_session0,6382,1.0074448566475835
hardware_session0,6383,0.648476740481572
hardware_session0,6384,1.0011012694084926
hardware_session0,6385,1.3626782446190897
hardware_session0,6386,0.930774561292178
hardware_session0,6387,0.5424342942083715
hardware_session0,6388,1.0325996774229478
hardware_session0,6389,1.8623443625436322
hardware_session0,6390,0.8558233875834838
hardware_session0,6391,0.6296800175088533
hardware_session0,6392,1.0562080347864515
hardware_session0,6393,1.0806712400283105
hardware_session0,6394,1.0923458840358777
hardware_session0,6395,0.6313334750683803
hardware_session0,6396,0.8343428271352924
hardware_session0,6397,0.3237598648193765
hardware_session0,6398,0.8682148132775815
hardware_session0,6399,0.9908265347208779
hardware_session0,6400,0.538347394573886
hardware_session0,6401,0.7817214263433533
hardware_session0,6402,1.0908133016275774
hardware_session0,6403,0.7571679033101568
hardware_session0,6404,1.1172253079364725
hardware_session0,6405,0.930448111474843
hardware_session0,6406,1.388900666888287
hardware_session0,6407,1.5859777335065173
hardware_session0,6408,1.07049538603235
hardware_session0,6409,2.066354278412115
hardware_session0,6410,1.1441798049456424
hardware_session0,6411,1.0491074710612285
hardware_session0,6412,1.5348147391958635
hardware_session0,6413,0.64413368723268
hardware_session0,6414,0.7686131666312939
hardware_session0,6415,1.0094942853442272
hardware_session0,6416,1.27800999001961
hardware_session0,6417,0.9728988346215616
hardware_session0,6418,2.5544657841221214
hardware_session0,6419,0.9496169447907522
hardware_session0,6420,0.5949309340599745
hardware_session0,6421,1.035881581751795
hardware_session0,6422,0.8893467148389219
hardware_session0,6423,0.6324145935543168
hardware_session0,6424,0.9739665477059919
hardware_session0,6425,2.6762637241477427
hardware_session0,6426,0.7358548999511593
hardware_session0,6427,1.5314589422925577
hardware_session0,6428,0.6095799534197675
hardware_session0,6429,2.739907071897481
hardware_session0,6430,0.8212658791345815
hardware_session0,6431,1.0440970429062153
hardware_session0,6432,0.6673396860145918
hardware_session0,6433,1.1852999300540799
hardware_session0,6434,0.9738789268141937
hardware_session0,6435,0.9248147683771564
hardware_session0,6436,1.2146710181855316
hardware_session0,6437,1.1424245600576493
hardware_session0,6438,0.5359632995661361
hardware_session0,6439,0.8084664953789555
hardware_session0,6440,0.8530866886327453
hardware_session0,6441,0.4232987816368154
hardware_session0,6442,0.6410083125538909
hardware_session0,6443,0.7490119365830444
hardware_session0,6444,0.8294076550410802
hardware_session0,6445,1.2539029385170157
hardware_session0,6446,1.1591100728461978
hardware_session0,6447,1.353204621668116
hardware_session0,6448,0.8726209656695478
hardware_session0,6449,1.4491715337343454
hardware_session0,6450,0.6984422243817352
hardware_session0,6451,1.352112308992004
hardware_session0,6452,0.560348114614297
hardware_session0,6453,1.3564989010527009
hardware_session0,6454,1.5518520789998262
hardware_session0,6455,0.7041413941934594
hardware_session0,6456,0.9905444870534896
hardware_session0,6457,0.6589466593724039
hardware_session0,6458,0.5964489720739301
hardware_session0,6459,1.5219857729326665
hardware_session0,6460,0.7791438146289228
hardware_session0,6461,1.6818705948391264
hardware_session0,6462,1.5016128350906173
hardware_session0,6463,0.48754222732348995
hardware_session0,6464,0.9478998688726025
hardware_session0,6465,0.8093227268998913
hardware_session0,6466,1.263922490574474
hardware_session0,6467,0.683898174197303
hardware_session0,6468,0.5512207190896389
hardware_session0,6469,0.8771266625730759
hardware_session0,6470,1.1315862101980914
hardware_session0,6471,1.0794896308618085
hardware_session0,6472,0.5053881798786767
hardware_session0,6473,0.8286115871435357
hardware_session0,6474,1.2574623878318725
hardware_session0,6475,1.0012396393596346
hardware_session0,6476,0.8439672586459149
hardware_session0,6477,1.0294972844001886
hardware_session0,6478,0.74844816493523
hardware_session0,6479,0.858848093105958
hardware_session0,6480,1.5576363358168899
hardware_session0,6481,1.2030699158854856
hardware_session0,6482,0.45382634672940864
hardware_session0,6483,0.8678413547511452
hardware_session0,6484,2.6368800696027903
hardware_session0,6485,0.49809733837087117
hardware_session0,6486,0.6141459975691979
hardware_session0,6487,1.2666083032751319
hardware_session0,6488,1.0529870281084415
hardware_session0,6489,1.1285058659519656
hardware_session0,6490,2.942490937546683
hardware_session0,6491,0.6423626906306839
hardware_session0,6492,0.8481321328488381
hardware_session0,6493,1.4409309489423903
hardware_session0,6494,0.9106066796662547
hardware_session0,6495,0.9086682126420748
hardware_session0,6496,1.3701114510790162
hardware_session0,6497,1.138227046050424
hardware_session0,6498,1.5594196310840098
hardware_session0,6499,1.920139000208675
hardware_session0,6500,0.841907223673457
hardware_session0,6501,0.6920780545578733
hardware_session0,6502,0.5250328563557402
hardware_session0,6503,0.944299124486825
hardware_session0,6504,0.7328006505838779
hardware_session0,6505,1.6264366914208408
hardware_session0,6506,0.7495421559078304
hardware_session0,6507,1.0311347199896856
hardware_session0,6508,1.0656152956754918
hardware_session0,6509,0.6911982401678805
hardware_session0,6510,1.229615517716375
hardware_session0,6511,0.7979714722264121
hardware_session0,6512,1.938867396527782
hardware_session0,6513,1.4034142305884723
hardware_session0,6514,1.8203280484352522
hardware_session0,6515,0.6582219638357402
hardware_session0,6516,1.1805015140218273
hardware_session0,6517,1.8357527261850703
hardware_session0,6518,2.0547789519518735
hardware_session0,6519,0.958416811088204
hardware_session0,6520,0.7753482358163671
hardware_session0,6521,0.8132519521922185
hardware_session0,6522,0.9269453478823794
hardware_session0,6523,2.3726521119770014
hardware_session0,6524,2.022166063352589
hardware_session0,6525,0.41076711671184196
hardware_session0,6526,2.0075347271392965
hardware_session0,6527,1.0177601905887705
hardware_session0,6528,0.5773485948225747
hardware_session0,6529,0.8154567575336209
hardware_session0,6530,0.8635207300627195
hardware_session0,6531,0.751204617946367
hardware_session0,6532,0.7354750558749152
hardware_session0,6533,0.5353420476063898
hardware_session0,6534,0.44073520456139403
hardware_session0,6535,0.4851521426438122
hardware_session0,6536,0.7481270223400305
hardware_session0,6537,1.220284372185754
hardware_session0,6538,1.1567012171838789
hardware_session0,6539,1.212965278861884
hardware_session0,6540,1.6623494382468127
hardware_session0,6541,0.7916251251878905
hardware_session0,6542,0.9737577252747226
hardware_session0,6543,1.0155924199992679
hardware_session0,6544,0.5937056193969994
hardware_session0,6545,0.5937649831687242
hardware_session0,6546,1.7392712146321505
hardware_session0,6547,1.0519541629848204
hardware_session0,6548,0.8140519166495653
hardware_session0,6549,1.0521074666684243
hardware_session0,6550,1.6470936487601742
hardware_session0,6551,1.6983399525254754
hardware_session0,6552,0.871500899071319
hardware_session0,6553,1.4655588549746472
hardware_session0,6554,1.4494117185296191
hardware_session0,6555,1.3377321174675822
hardware_session0,6556,1.0915482169541821
hardware_session0,6557,1.5832854588096648
hardware_session0,6558,1.527514356859855
hardware_session0,6559,0.6373564055543741
hardware_session0,6560,0.7110535999052254
hardware_session0,6561,0.6380032839087162
hardware_session0,6562,0.7070016463219614
hardware_session0,6563,1.0671984128028578
hardware_session0,6564,1.2648620247605606
hardware_session0,6565,1.4507650470278977
hardware_session0,6566,1.3157307960290534
hardware_session0,6567,0.6003384862180711
hardware_session0,6568,0.37578270658168267
hardware_session0,6569,0.6455418097978587
hardware_session0,6570,1.288887094177683
hardware_session0,6571,0.5709932912430685
hardware_session0,6572,0.7131248770563456
hardware_session0,6573,1.1805307673150376
hardware_session0,6574,1.3351530205414694
hardware_session0,6575,1.3428105988718382
hardware_session0,6576,1.2653746934634682
hardware_session0,6577,1.9177639798624173
hardware_session0,6578,1.3883295820406807
hardware_session0,6579,0.8967844962261269
hardware_session0,6580,0.8952056265684599
hardware_session0,6581,0.7334139705041025
hardware_session0,6582,0.7291770904687713
hardware_session0,6583,0.7224035848849526
hardware_session0,6584,0.7718650873536774
hardware_session0,6585,2.425767163794237
hardware_session0,6586,1.495836574343655
hardware_session0,6587,0.8973809877051354
hardware_session0,6588,1.16000344830807
hardware_session0,6589,1.5330622693088625
hardware_session0,6590,1.1674284672812552
hardware_session0,6591,0.37457479903405905
hardware_session0,6592,1.3801471163162065
hardware_session0,6593,2.1178853047778707
hardware_session0,6594,1.3546570569837488
hardware_session0,6595,1.9297145579642023
hardware_session0,6596,0.4462211319902363
hardware_session0,6597,0.9792875142000528
hardware_session0,6598,0.6385946275675907
hardware_session0,6599,0.5506885536114628
hardware_session0,6600,2.2503263566088942
hardware_session0,6601,1.9280464276649913
hardware_session0,6602,0.692718049081397
hardware_session0,6603,1.6928031222394453
hardware_session0,6604,1.4824699775417547
hardware_session0,6605,1.5813564012724741
hardware_session0,6606,0.9105862636296251
hardware_session0,6607,0.7466620357444649
hardware_session0,6608,0.9775333043756925
hardware_session0,6609,1.1713389348283438
hardware_session0,6610,0.7721717844443835
hardware_session0,6611,1.109955653318455
hardware_session0,6612,1.6690220836897267
hardware_session0,6613,1.013612244126847
hardware_session0,6614,0.9349663771080756
hardware_session0,6615,1.5848393078642806
hardware_session0,6616,1.3383230800507355
hardware_session0,6617,0.36607621136965196
hardware_session0,6618,1.551173439673918
hardware_session0,6619,0.8605297331318507
hardware_session0,6620,0.700437061709992
hardware_session0,6621,0.9538111637369385
hardware_session0,6622,0.7046172736714553
hardware_session0,6623,1.1768018558803917
hardware_session0,6624,1.1089789613594159
hardware_session0,6625,0.7825300206220798
hardware_session0,6626,1.7607677013601972
hardware_session0,6627,0.8220900239303794
hardware_session0,6628,1.4666830742914743
hardware_session0,6629,1.3158491689086391
hardware_session0,6630,0.7011300952596193
hardware_session0,6631,0.7017022559136954
hardware_session0,6632,1.2241501066575189
hardware_session0,6633,0.5634714822695803
hardware_session0,6634,0.6584393829673866
hardware_session0,6635,0.7829081798852556
hardware_session0,6636,1.1853507404897328
hardware_session0,6637,1.1642465734731617
hardware_session0,6638,0.6829101525785373
hardware_session0,6639,1.130313038522506
hardware_session0,6640,0.4705663142121129
hardware_session0,6641,0.6483830079932109
hardware_session0,6642,0.5323186519474535
hardware_session0,6643,1.2368228268994237
hardware_session0,6644,1.434353804438228
hardware_session0,6645,0.4691464925117084
hardware_session0,6646,0.562612335475882
hardware_session0,6647,1.3662853868228153
hardware_session0,6648,0.8319551936391519
hardware_session0,6649,0.5713736635359802
hardware_session0,6650,1.457207053598416
hardware_session0,6651,0.8656179304436649
hardware_session0,6652,0.561608849455982
hardware_session0,6653,0.6305314723340673
hardware_session0,6654,1.6046950244679141
hardware_session0,6655,0.8895346957140436
hardware_session0,6656,1.0762418648639196
hardware_session0,6657,1.1507402705259582
hardware_session0,6658,1.6713145798977094
hardware_session0,6659,1.2043238988207026
hardware_session0,6660,0.8090592958119143
hardware_session0,6661,0.8772830758077599
hardware_session0,6662,1.1425451524912393
hardware_session0,6663,1.7408907667950893
hardware_session0,6664,1.583290512780062
hardware_session0,6665,0.7683601925663696
hardware_session0,6666,1.6036525205329446
hardware_session0,6667,0.8604091265527885
hardware_session0,6668,0.738334322363946
hardware_session0,6669,1.9121660038969257
hardware_session0,6670,0.7342635141349801
hardware_session0,6671,3.4807566980380025
hardware_session0,6672,1.5968492832985008
hardware_session0,6673,0.8683305784351419
hardware_session0,6674,0.7846641737985159
hardware_session0,6675,0.9815641469995992
hardware_session0,6676,0.8015257053659975
hardware_session0,6677,0.9637272066931908
hardware_session0,6678,2.5425622539166706
hardware_session0,6679,1.1649106580936823
hardware_session0,6680,1.364950314936583
hardware_session0,6681,1.725981168112471
hardware_session0,6682,1.1594609858441345
hardware_session0,6683,1.7139151928382474
hardware_session0,6684,1.2586783865413893
hardware_session0,6685,1.4313812737992984
hardware_session0,6686,1.1033840453322914
hardware_session0,6687,0.7746305295330085
hardware_session0,6688,0.7416469971068992
hardware_session0,6689,1.3161372149107562
hardware_session0,6690,1.9229918986116337
hardware_session0,6691,0.8021923846714011
hardware_session0,6692,0.7317753772588343
hardware_session0,6693,1.0810863922214276
hardware_session0,6694,0.5946291323004641
hardware_session0,6695,1.23506117543462
hardware_session0,6696,1.8580546411355825
hardware_session0,6697,1.5825727675610426
hardware_session0,6698,2.277800917900573
hardware_session0,6699,1.293316231590772
hardware_session0,6700,1.1644910426822275
hardware_session0,6701,2.205433351901578
hardware_session0,6702,1.5522194928840842
hardware_session0,6703,0.73090384074135
hardware_session0,6704,0.9251358715207536
hardware_session0,6705,1.2022074228293105
hardware_session0,6706,1.4453039492778328
hardware_session0,6707,1.1396991405141923
hardware_session0,6708,1.1323866930862527
hardware_session0,6709,1.0573504933171083
hardware_session0,6710,1.839126808251397
hardware_session0,6711,0.6775832925074224
hardware_session0,6712,0.8043706644096964
hardware_session0,6713,2.1463677656960947
hardware_session0,6714,0.9519528091638283
hardware_session0,6715,0.7253530912158564
hardware_session0,6716,1.8560836075068912
hardware_session0,6717,2.094436427446032
hardware_session0,6718,1.5611316445869106
hardware_session0,6719,0.9181130882743805
hardware_session0,6720,1.0244343163803955
hardware_session0,6721,2.148306916110177
hardware_session0,6722,1.0205888452688432
hardware_session0,6723,0.6647101529959848
hardware_session0,6724,0.64747845047568
hardware_session0,6725,1.2624163159979753
hardware_session0,6726,0.6467388818797335
hardware_session0,6727,0.8513749591679745
hardware_session0,6728,0.9075587882176004
hardware_session0,6729,0.8511153962693002
hardware_session0,6730,0.5833753170331339
hardware_session0,6731,0.811453723639511
hardware_session0,6732,0.6847393936385393
hardware_session0,6733,1.3581129503194358
hardware_session0,6734,1.9630937275142917
hardware_session0,6735,1.1424305161333836
hardware_session0,6736,1.6128079561545843
hardware_session0,6737,1.40111298103552
hardware_session0,6738,0.9004440222368182
hardware_session0,6739,0.7085596765830078
hardware_session0,6740,0.5322607887733158
hardware_session0,6741,1.5466718729415334
hardware_session0,6742,1.556360514852361
hardware_session0,6743,0.7700208646192812
hardware_session0,6744,1.950545879760129
hardware_session0,6745,1.6009122451573494
hardware_session0,6746,0.7876670673229105
hardware_session0,6747,1.3123212509005036
hardware_session0,6748,0.7914661141605369
hardware_session0,6749,1.0559499411054722
hardware_session0,6750,0.6291820653672179
hardware_session0,6751,0.710252947210498
hardware_session0,6752,1.130155465058489
hardware_session0,6753,1.059052880880053
hardware_session0,6754,1.3018521088313804
hardware_session0,6755,0.6193805985549209
hardware_session0,6756,0.552144222855985
hardware_session0,6757,1.7234021223268419
hardware_session0,6758,0.7519479412229031
hardware_session0,6759,0.4383485838574674
hardware_session0,6760,1.1261877840466195
hardware_session0,6761,0.7481471139465768
hardware_session0,6762,0.6886807122788338
hardware_session0,6763,1.0419969811565923
hardware_session0,6764,1.510744164969572
hardware_session0,6765,0.5491416751494808
hardware_session0,6766,1.4415288163999007
hardware_session0,6767,0.5694843219132418
hardware_session0,6768,1.2259920386300807
hardware_session0,6769,0.9531700990543329
hardware_session0,6770,0.5199771225404342
hardware_session0,6771,1.1899131161448762
hardware_session0,6772,0.555743632579193
hardware_session0,6773,0.766442024523982
hardware_session0,6774,0.7328205400462319
hardware_session0,6775,1.4165094027583625
hardware_session0,6776,2.889774997175673
hardware_session0,6777,1.1212753423548156
hardware_session0,6778,0.9844552758889892
hardware_session0,6779,0.9807251584340222
hardware_session0,6780,0.8385929213605265
hardware_session0,6781,1.5605025085705866
hardware_session0,6782,1.1934825871081909
hardware_session0,6783,0.3874100056334028
hardware_session0,6784,1.6134073195504646
hardware_session0,6785,1.021569152249868
hardware_session0,6786,1.24868360458731
hardware_session0,6787,0.4605160529428502
hardware_session0,6788,0.6566724922295306
hardware_session0,6789,1.1123301268328674
hardware_session0,6790,0.9553254294590594
hardware_session0,6791,0.9413519215346238
hardware_session0,6792,0.34307843642172986
hardware_session0,6793,0.8536910553419755
hardware_session0,6794,0.8933146705426018
hardware_session0,6795,1.0624855639595177
hardware_session0,6796,1.2418887725324361
hardware_session0,6797,0.70597087530754
hardware_session0,6798,1.6063640217045974
hardware_session0,6799,1.261244578224336
hardware_session0,6800,1.5212023770741603
hardware_session0,6801,1.2185373223821474
hardware_session0,6802,0.7954159293439543
hardware_session0,6803,1.0219398856712925
hardware_session0,6804,1.965791353814934
hardware_session0,6805,1.090243450391003
hardware_session0,6806,1.3557129777543937
hardware_session0,6807,1.7066384259082088
hardware_session0,6808,1.395474563581719
hardware_session0,6809,2.499425933196594
hardware_session0,6810,0.8191756760916514
hardware_session0,6811,1.305338220237313
hardware_session0,6812,1.5001993208120445
hardware_session0,6813,1.1555691116570515
hardware_session0,6814,0.9458895067149717
hardware_session0,6815,1.083211249599986
hardware_session0,6816,0.6611129580730446
hardware_session0,6817,1.1157521137612885
hardware_session0,6818,1.279917993370198
hardware_session0,6819,0.8127120844786099
hardware_session0,6820,0.3818072207379791
hardware_session0,6821,0.500322029033164
hardware_session0,6822,1.1730069323073602
hardware_session0,6823,1.284105161554828
hardware_session0,6824,1.470026028981833
hardware_session0,6825,1.4868048356573507
hardware_session0,6826,2.7046499634374244
hardware_session0,6827,1.3932285091948684
hardware_session0,6828,1.2302475451308503
hardware_session0,6829,0.5040387875196258
hardware_session0,6830,0.4988082596369154
hardware_session0,6831,1.7803681653919239
hardware_session0,6832,1.7218797060439368
hardware_session0,6833,1.2372791017988203
hardware_session0,6834,1.8403352791902277
hardware_session0,6835,1.7661310040921088
hardware_session0,6836,1.0519269966113476
hardware_session0,6837,0.6330725991736935
hardware_session0,6838,1.327826384472777
hardware_session0,6839,1.687054831084803
hardware_session0,6840,0.7899518071561817
hardware_session0,6841,2.3319891313306784
hardware_session0,6842,0.8818499409575529
hardware_session0,6843,0.6244950241157768
hardware_session0,6844,0.5528358923810349
hardware_session0,6845,0.49633156756080704
hardware_session0,6846,0.7821055252782876
hardware_session0,6847,1.0137843886738473
hardware_session0,6848,1.4966527676160841
hardware_session0,6849,0.6721103465581582
hardware_session0,6850,0.8052131294622863
hardware_session0,6851,1.0808045687244194
hardware_session0,6852,0.8862565374807404
hardware_session0,6853,2.2949288082336055
hardware_session0,6854,2.03178694664595
hardware_session0,6855,2.17280777991277
hardware_session0,6856,0.7798082939361454
hardware_session0,6857,1.1568667498715424
hardware_session0,6858,1.2224844619380553
hardware_session0,6859,0.5142401191525516
hardware_session0,6860,0.8348844109803303
hardware_session0,6861,0.8086255399185777
hardware_session0,6862,1.2027262957366518
hardware_session0,6863,0.3994557311069002
hardware_session0,6864,0.7460035064953606
hardware_session0,6865,0.5584175086727988
hardware_session0,6866,0.7939225597128021
hardware_session0,6867,0.5757982978308331
hardware_session0,6868,0.6956282878123426
hardware_session0,6869,1.0720104014811542
hardware_session0,6870,0.7117438515817609
hardware_session0,6871,1.2415934414377996
hardware_session0,6872,0.6702932208785007
hardware_session0,6873,0.3728461981818574
hardware_session0,6874,0.6283955234578316
hardware_session0,6875,1.4327846944215084
hardware_session0,6876,0.6463728336758805
hardware_session0,6877,0.863740859479137
hardware_session0,6878,1.4140014470972806
hardware_session0,6879,0.6471892209544843
hardware_session0,6880,2.1372427986601554
hardware_session0,6881,0.41970399257429153
hardware_session0,6882,0.9005967348560115
hardware_session0,6883,0.4264562271160866
hardware_session0,6884,0.5193136250316236
hardware_session0,6885,1.3892063214429107
hardware_session0,6886,2.0939459333566046
hardware_session0,6887,0.4931270387810225
hardware_session0,6888,1.0389151225491198
hardware_session0,6889,1.5837526916498632
hardware_session0,6890,1.0773299360947362
hardware_session0,6891,0.4289261542615674
hardware_session0,6892,1.0052374658884735
hardware_session0,6893,1.346759177295652
hardware_session0,6894,1.3569638953746446
hardware_session0,6895,1.1711961989027788
hardware_session0,6896,1.8908488983008356
hardware_session0,6897,0.8383290332364621
hardware_session0,6898,1.492968077271556
hardware_session0,6899,0.6805786209971618
hardware_session0,6900,0.44592548317007
hardware_session0,6901,0.6649343357354138
hardware_session0,6902,0.9075954305406134
hardware_session0,6903,1.596879405498808
hardware_session0,6904,1.3270635953916945
hardware_session0,6905,0.8670294977576769
hardware_session0,6906,2.170185379602696
hardware_session0,6907,1.055165924663088
hardware_session0,6908,1.1044119066350147
hardware_session0,6909,0.7164074993171233
hardware_session0,6910,0.5242014625323361
hardware_session0,6911,0.8425379878695393
hardware_session0,6912,1.348327111061104
hardware_session0,6913,1.0749225152823803
hardware_session0,6914,1.9675239479657933
hardware_session0,6915,0.7182941645281875
hardware_session0,6916,2.193225667981981
hardware_session0,6917,1.1682293734127172
hardware_session0,6918,0.7984974701044159
hardware_session0,6919,0.7572199082468325
hardware_session0,6920,1.750844597492892
hardware_session0,6921,1.5682656975072042
hardware_session0,6922,0.6581134538444491
hardware_session0,6923,1.4790007214386882
hardware_session0,6924,0.53476586963553
hardware_session0,6925,0.673007288690422
hardware_session0,6926,0.6621648240375168
hardware_session0,6927,1.896393793694113
hardware_session0,6928,0.9341620247723811
hardware_session0,6929,1.0462460142448518
hardware_session0,6930,0.9922817097817278
hardware_session0,6931,0.5664826302216466
hardware_session0,6932,1.8958811075287685
hardware_session0,6933,0.8195144503956144
hardware_session0,6934,1.0272677248036213
hardware_session0,6935,1.1578480695551558
hardware_session0,6936,1.1803663476174533
hardware_session0,6937,1.6485267781505648
hardware_session0,6938,0.9942770437160384
hardware_session0,6939,0.8772521476644174
hardware_session0,6940,1.4149899045479115
hardware_session0,6941,1.2276621816772546
hardware_session0,6942,0.685911624145337
hardware_session0,6943,1.3065519956480187
hardware_session0,6944,1.261849542827022
hardware_session0,6945,0.6276190362294096
hardware_session0,6946,0.6648671215759374
hardware_session0,6947,0.7539432322785029
hardware_session0,6948,1.2227592211977762
hardware_session0,6949,1.5337652372532629
hardware_session0,6950,0.3782370767951851
hardware_session0,6951,0.7148739225682179
hardware_session0,6952,1.561779713961369
hardware_session0,6953,1.4074573964572652
hardware_session0,6954,1.0384788351371343
hardware_session0,6955,1.0487914654057384
hardware_session0,6956,1.1542350768666196
hardware_session0,6957,1.1394099055451312
hardware_session0,6958,0.6126251718583365
hardware_session0,6959,1.1206088839273673
hardware_session0,6960,0.7491738589609033
hardware_session0,6961,1.7812790184191851
hardware_session0,6962,2.298744011622899
hardware_session0,6963,1.5333704962452295
hardware_session0,6964,0.8233861008725208
hardware_session0,6965,1.5681982518516773
hardware_session0,6966,0.6421321380731861
hardware_session0,6967,0.7274723413092913
hardware_session0,6968,0.6220282373294267
hardware_session0,6969,0.6205959017568724
hardware_session0,6970,0.967889490017904
hardware_session0,6971,0.9717167899981076
hardware_session0,6972,1.0359098135294003
hardware_session0,6973,0.9897475919459098
hardware_session0,6974,1.3775821191816717
hardware_session0,6975,2.1209712851528493
hardware_session0,6976,0.5416380739795026
hardware_session0,6977,0.6835725614972196
hardware_session0,6978,0.7698305580612941
hardware_session0,6979,0.9940171210826328
hardware_session0,6980,0.45619010601318727
hardware_session0,6981,0.9224776995889099
hardware_session0,6982,1.379211343434445
hardware_session0,6983,0.9101925246765107
hardware_session0,6984,0.6673818000906033
hardware_session0,6985,0.792803597108092
hardware_session0,6986,0.8520635578382072
hardware_session0,6987,1.0819420582542278
hardware_session0,6988,1.0076360332622434
hardware_session0,6989,1.788375402140648
hardware_session0,6990,0.7790909099648242
hardware_session0,6991,0.69876317043719
hardware_session0,6992,0.4658655763925642
hardware_session0,6993,1.6246420165444095
hardware_session0,6994,2.2111595106220787
hardware_session0,6995,1.5568872257901123
hardware_session0,6996,0.548292056712505
hardware_session0,6997,1.2362099483280231
hardware_session0,6998,1.2750247883578365
hardware_session0,6999,0.8546869859177261
hardware_session0,7000,1.7855694977824499
hardware_session0,7001,1.745157916326829
hardware_session0,7002,0.7018703243456428
hardware_session0,7003,0.4192905543770281
hardware_session0,7004,1.0153296112110335
hardware_session0,7005,0.8650358597314463
hardware_session0,7006,0.8258032554123308
hardware_session0,7007,1.4245090760586774
hardware_session0,7008,0.5811704451054298
hardware_session0,7009,1.4193334486809661
hardware_session0,7010,0.6841275555971511
hardware_session0,7011,0.8347078118849902
hardware_session0,7012,0.522096861127985
hardware_session0,7013,1.5747924707338787
hardware_session0,7014,1.3593930539501775
hardware_session0,7015,0.9121433662807645
hardware_session0,7016,1.2243913059676017
hardware_session0,7017,0.7535667205058076
hardware_session0,7018,0.8992451425692289
hardware_session0,7019,1.751449330793235
hardware_session0,7020,0.9749934968759454
hardware_session0,7021,1.4847029669590188
hardware_session0,7022,0.5910376674984884
hardware_session0,7023,1.0649315661569645
hardware_session0,7024,1.444956155732261
hardware_session0,7025,0.730614373279488
hardware_session0,7026,2.081410019208418
hardware_session0,7027,1.0140975569963857
hardware_session0,7028,0.5073575050221774
hardware_session0,7029,0.9120136974147036
hardware_session0,7030,1.456254853212194
hardware_session0,7031,0.6043364127034933
hardware_session0,7032,0.9802252704416201
hardware_session0,7033,0.555385850901755
hardware_session0,7034,1.0745500978948654
hardware_session0,7035,0.8555573382633679
hardware_session0,7036,1.3331854010056814
hardware_session0,7037,1.6839346977354546
hardware_session0,7038,1.1039350972025415
hardware_session0,7039,1.0230338976514652
hardware_session0,7040,0.39526225152909866
hardware_session0,7041,0.6448791661857243
hardware_session0,7042,1.2782781155125493
hardware_session0,7043,0.8758725537332169
hardware_session0,7044,0.45722242780819433
hardware_session0,7045,1.6356950837878215
hardware_session0,7046,2.162167635164909
hardware_session0,7047,0.8697259353155242
hardware_session0,7048,1.3270493465067548
hardware_session0,7049,0.5983456116959354
hardware_session0,7050,1.4402553273728842
hardware_session0,7051,1.7564364299989723
hardware_session0,7052,1.1873721492007157
hardware_session0,7053,1.7044277269909731
hardware_session0,7054,0.4596938833205421
hardware_session0,7055,1.6949764427401282
hardware_session0,7056,0.9594333335854556
hardware_session0,7057,1.0157722301146281
hardware_session0,7058,0.8031229540313963
hardware_session0,7059,1.4544934072456155
hardware_session0,7060,1.1965728710311658
hardware_session0,7061,0.7368104321762
hardware_session0,7062,1.8275799411865647
hardware_session0,7063,1.1313926000906414
hardware_session0,7064,1.562688966603401
hardware_session0,7065,0.3778889486066317
hardware_session0,7066,2.0245456026341637
hardware_session0,7067,2.390659974245448
hardware_session0,7068,0.8468000026129485
hardware_session0,7069,1.3523974348567196
hardware_session0,7070,0.7944431238477858
hardware_session0,7071,1.0479250296660032
hardware_session0,7072,1.724068076499932
hardware_session0,7073,1.02083688670804
hardware_session0,7074,1.1166299603620693
hardware_session0,7075,0.6389881592716165
hardware_session0,7076,1.1823297363737306
hardware_session0,7077,0.7101405031994318
hardware_session0,7078,1.9613413629376983
hardware_session0,7079,0.7416423067441578
hardware_session0,7080,1.3866433982049484
hardware_session0,7081,0.7911647206401274
hardware_session0,7082,0.887704543066132
hardware_session0,7083,1.4788189200747908
hardware_session0,7084,1.7136957029303568
hardware_session0,7085,0.5655205973348151
hardware_session0,7086,0.7557565720867033
hardware_session0,7087,1.2840478997847995
hardware_session0,7088,1.3479080125881
hardware_session0,7089,1.5660208218751528
hardware_session0,7090,1.424684721952525
hardware_session0,7091,1.5647367415494942
hardware_session0,7092,0.6134497896169852
hardware_session0,7093,1.0036530282386227
hardware_session0,7094,1.962142599616493
hardware_session0,7095,1.7883213014261286
hardware_session0,7096,1.3636781097642658
hardware_session0,7097,0.8084320122698948
hardware_session0,7098,1.6667945549539382
hardware_session0,7099,1.1675056506117687
hardware_session0,7100,0.6518371167630179
hardware_session0,7101,0.9806409617960757
hardware_session0,7102,1.1017237321333022
hardware_session0,7103,1.709988919893003
hardware_session0,7104,1.2222758529817173
hardware_session0,7105,0.8662288706293798
hardware_session0,7106,1.2234622527945473
hardware_session0,7107,0.9733442096686848
hardware_session0,7108,0.768983781942849
hardware_session0,7109,0.8309837462595326
hardware_session0,7110,0.774447932027808
hardware_session0,7111,1.3199768344212974
hardware_session0,7112,0.6983448139562701
hardware_session0,7113,1.1182940036269111
hardware_session0,7114,1.3972850909854495
hardware_session0,7115,1.2689352939022238
hardware_session0,7116,1.2584889868772315
hardware_session0,7117,1.8015988949640886
hardware_session0,7118,2.429279011869687
hardware_session0,7119,1.1969779148034778
hardware_session0,7120,1.9040186175765477
hardware_session0,7121,1.7655486504528721
hardware_session0,7122,1.1581237954031347
hardware_session0,7123,1.1416039815937533
hardware_session0,7124,2.4622181516807062
hardware_session0,7125,0.8854286019504272
hardware_session0,7126,1.2135233103803893
hardware_session0,7127,2.2302425045664407
hardware_session0,7128,1.2632354379323532
hardware_session0,7129,1.4359148468383358
hardware_session0,7130,0.5656517829812887
hardware_session0,7131,1.0377617597120534
hardware_session0,7132,1.642497124081285
hardware_session0,7133,1.000252734077248
hardware_session0,7134,1.7025008736050011
hardware_session0,7135,1.7179413219688258
hardware_session0,7136,0.804171882768625
hardware_session0,7137,1.4969939260221012
hardware_session0,7138,1.7743338849424157
hardware_session0,7139,0.5838332921472613
hardware_session0,7140,1.46480225716933
hardware_session0,7141,0.8840423305755784
hardware_session0,7142,0.49004882887400375
hardware_session0,7143,0.8030946838798877
hardware_session0,7144,0.6526944865401603
hardware_session0,7145,1.6146855076857354
hardware_session0,7146,0.6552402351050004
hardware_session0,7147,0.6338639863177866
hardware_session0,7148,1.7405095412390763
hardware_session0,7149,1.5485259838043541
hardware_session0,7150,1.0526351759140298
hardware_session0,7151,1.1396954838825921
hardware_session0,7152,0.5884432763597333
hardware_session0,7153,0.9949340105787396
hardware_session0,7154,0.6056358312717209
hardware_session0,7155,1.1082889354867864
hardware_session0,7156,1.7004416408956793
hardware_session0,7157,1.3528795582363056
hardware_session0,7158,0.6535229869927907
hardware_session0,7159,0.9654199441600824
hardware_session0,7160,0.8890244803358953
hardware_session0,7161,0.6790617094004595
hardware_session0,7162,2.727564555172535
hardware_session0,7163,0.8075513485906941
hardware_session0,7164,0.8637721784661435
hardware_session0,7165,1.0824447707662626
hardware_session0,7166,0.8731447069312237
hardware_session0,7167,1.7666459973286703
hardware_session0,7168,0.9907666144689545
hardware_session0,7169,1.1116121775439678
hardware_session0,7170,0.5569304147528336
hardware_session0,7171,1.7796259504460228
hardware_session0,7172,1.281973442929876
hardware_session0,7173,1.946784331199063
hardware_session0,7174,1.1023660936933062
hardware_session0,7175,1.7383934648696941
hardware_session0,7176,1.888624964392452
hardware_session0,7177,0.9320713496430432
hardware_session0,7178,0.4067737766685435
hardware_session0,7179,0.6515894328878702
hardware_session0,7180,1.3709288061529639
hardware_session0,7181,0.7129876158034437
hardware_session0,7182,0.4864395820503794
hardware_session0,7183,2.256465398689268
hardware_session0,7184,0.9063330841008976
hardware_session0,7185,1.8590364326034785
hardware_session0,7186,0.7269072815895942
hardware_session0,7187,1.5521246739132253
hardware_session0,7188,0.5728796482958757
hardware_session0,7189,0.6154509025399232
hardware_session0,7190,0.7050337601358452
hardware_session0,7191,1.1200045157153342
hardware_session0,7192,1.4634654249638737
hardware_session0,7193,0.6199759975934407
hardware_session0,7194,1.3369328411852759
hardware_session0,7195,1.779571511973956
hardware_session0,7196,1.8182449024177372
hardware_session0,7197,0.4215225092282022
hardware_session0,7198,0.43576022782063073
hardware_session0,7199,0.6573951513128483
hardware_session0,7200,1.1317424050957456
hardware_session0,7201,0.6380841447189888
hardware_session0,7202,0.5935880087520208
hardware_session0,7203,0.5223842143539931
hardware_session0,7204,0.6327739386986152
hardware_session0,7205,1.3142881388928953
hardware_session0,7206,1.6148593509151579
hardware_session0,7207,2.2643336332216086
hardware_session0,7208,0.6389281192996781
hardware_session0,7209,1.5423522363569093
hardware_session0,7210,1.3356610171981225
hardware_session0,7211,1.488671770079223
hardware_session0,7212,3.3662338077488956
hardware_session0,7213,1.0989658438591594
hardware_session0,7214,0.5792857206637964
hardware_session0,7215,1.70304526457039
hardware_session0,7216,0.636063606540499
hardware_session0,7217,0.4971936897590867
hardware_session0,7218,1.0167084797847432
hardware_session0,7219,1.288375820650723
hardware_session0,7220,0.6562839952744026
hardware_session0,7221,1.4103264039221972
hardware_session0,7222,1.2824760218782003
hardware_session0,7223,0.5635664832487656
hardware_session0,7224,1.7897196506961282
hardware_session0,7225,1.2575983331170593
hardware_session0,7226,1.2521859335094845
hardware_session0,7227,0.9661225820486503
hardware_session0,7228,1.397828320527176
hardware_session0,7229,1.0016252707471656
hardware_session0,7230,1.0642922204887204
hardware_session0,7231,1.3627804850855565
hardware_session0,7232,0.8378299802645482
hardware_session0,7233,1.8532500530336242
hardware_session0,7234,0.6777219092789833
hardware_session0,7235,0.9335336433196365
hardware_session0,7236,0.6657297424482557
hardware_session0,7237,1.1213703157901345
hardware_session0,7238,1.7911620405352324
hardware_session0,7239,1.5662578299814949
hardware_session0,7240,0.9310661687914058
hardware_session0,7241,0.7421428888930132
hardware_session0,7242,2.568928712329306
hardware_session0,7243,1.0588986983983748
hardware_session0,7244,0.8910350191388499
hardware_session0,7245,0.8423561388407246
hardware_session0,7246,0.9016121448022925
hardware_session0,7247,0.5849929718663035
hardware_session0,7248,1.6265253798800308
hardware_session0,7249,0.6191417116180739
hardware_session0,7250,1.5192802115235589
hardware_session0,7251,1.128277971800863
hardware_session0,7252,1.002610157424164
hardware_session0,7253,0.5789347673954965
hardware_session0,7254,0.660349872819334
hardware_session0,7255,1.561604657538917
hardware_session0,7256,0.7383468518472247
hardware_session0,7257,1.5442704023954419
hardware_session0,7258,0.7285451424297015
hardware_session0,7259,1.3087469061320962
hardware_session0,7260,1.5113038242661823
hardware_session0,7261,1.1453969775493467
hardware_session0,7262,0.7379542004268652
hardware_session0,7263,0.41509401771236076
hardware_session0,7264,1.0268213583131491
hardware_session0,7265,1.2468938694984832
hardware_session0,7266,1.1838053676956766
hardware_session0,7267,0.7050919489665103
hardware_session0,7268,0.43878497712513786
hardware_session0,7269,0.6658179913594212
hardware_session0,7270,0.6321929277618026
hardware_session0,7271,1.1115934348399195
hardware_session0,7272,0.7754879253417234
hardware_session0,7273,1.2752967606777652
hardware_session0,7274,1.9328929035940634
hardware_session0,7275,0.9256178126689097
hardware_session0,7276,0.4880621903975966
hardware_session0,7277,1.0637278251103703
hardware_session0,7278,0.9852000629675319
hardware_session0,7279,0.5539765396749454
hardware_session0,7280,0.7780206481094473
hardware_session0,7281,0.8523710973668861
hardware_session0,7282,2.036442809215731
hardware_session0,7283,0.7176551589519354
hardware_session0,7284,1.310441530971226
hardware_session0,7285,1.0845397167795146
hardware_session0,7286,0.727904729044382
hardware_session0,7287,1.4529215924217955
hardware_session0,7288,0.9413654990830894
hardware_session0,7289,0.6682536928946159
hardware_session0,7290,0.6491601920249159
hardware_session0,7291,0.7273285734299293
hardware_session0,7292,0.47524671312028
hardware_session0,7293,1.6086158838384517
hardware_session0,7294,1.2022412985373425
hardware_session0,7295,0.8418766604008637
hardware_session0,7296,0.407984078060484
hardware_session0,7297,1.0127553656012822
hardware_session0,7298,0.6066906447686072
hardware_session0,7299,1.1069852010557482
hardware_session0,7300,1.4154310001587003
hardware_session0,7301,1.2021977544543407
hardware_session0,7302,0.8373338079414682
hardware_session0,7303,1.1940161113853152
hardware_session0,7304,0.3071190751124204
hardware_session0,7305,0.46697053423301055
hardware_session0,7306,0.6055899904387105
hardware_session0,7307,0.8478604764015669
hardware_session0,7308,2.1748337091911365
hardware_session0,7309,0.9267927297164992
hardware_session0,7310,1.9844821612849042
hardware_session0,7311,0.7020512477622364
hardware_session0,7312,0.6554450790895835
hardware_session0,7313,0.3807582707553283
hardware_session0,7314,0.5240745687922086
hardware_session0,7315,0.5083883173916084
hardware_session0,7316,1.2099854391025835
hardware_session0,7317,1.0752736174047244
hardware_session0,7318,0.7734733890475505
hardware_session0,7319,1.634200838445422
hardware_session0,7320,1.3202282854152254
hardware_session0,7321,1.7061218916520344
hardware_session0,7322,0.4788746219339789
hardware_session0,7323,0.9132763310780887
hardware_session0,7324,1.403788434368746
hardware_session0,7325,0.5952949497632934
hardware_session0,7326,0.866293692069234
hardware_session0,7327,1.1017665950013695
hardware_session0,7328,1.4348049459923709
hardware_session0,7329,0.5934041760140546
hardware_session0,7330,1.4068693864670831
hardware_session0,7331,2.3616058168294574
hardware_session0,7332,1.7025538981558082
hardware_session0,7333,0.6718750821777343
hardware_session0,7334,0.6094118217282914
hardware_session0,7335,0.8540287903035748
hardware_session0,7336,1.5360691943479905
hardware_session0,7337,1.7845118995396305
hardware_session0,7338,1.3186922704411124
hardware_session0,7339,2.051518500617704
hardware_session0,7340,0.8440436266219462
hardware_session0,7341,1.0922939701651273
hardware_session0,7342,1.5396012392264433
hardware_session0,7343,1.1900999490579343
hardware_session0,7344,1.7470688517608486
hardware_session0,7345,0.6370356752299065
hardware_session0,7346,1.1333228153330253
hardware_session0,7347,1.6718985235923256
hardware_session0,7348,0.689365878200368
hardware_session0,7349,0.4909447399222416
hardware_session0,7350,0.7502158453209276
hardware_session0,7351,0.5912560449360599
hardware_session0,7352,2.4211884913360975
hardware_session0,7353,1.4402158830619962
hardware_session0,7354,2.2093551302016037
hardware_session0,7355,0.5996913422558453
hardware_session0,7356,1.5210750730948746
hardware_session0,7357,1.3122191843006263
hardware_session0,7358,1.8982429798317908
hardware_session0,7359,1.790250308574548
hardware_session0,7360,1.7830973921008717
hardware_session0,7361,1.5289564704135181
hardware_session0,7362,0.6966444594652615
hardware_session0,7363,0.49294628696002274
hardware_session0,7364,1.5499189921830832
hardware_session0,7365,1.0308425928062652
hardware_session0,7366,0.9966879777115477
hardware_session0,7367,2.5078724204323053
hardware_session0,7368,0.5427052670699851
hardware_session0,7369,0.5415570425929953
hardware_session0,7370,1.2294162841138117
hardware_session0,7371,0.5871450935941772
hardware_session0,7372,1.0201895533995526
hardware_session0,7373,0.7655899165971146
hardware_session0,7374,0.6651722574036669
hardware_session0,7375,0.8641411303723624
hardware_session0,7376,1.6651311935830968
hardware_session0,7377,1.0531256696916214
hardware_session0,7378,0.6898879660219848
hardware_session0,7379,0.78303061736694
hardware_session0,7380,0.49123282906305504
hardware_session0,7381,1.5935235578828235
hardware_session0,7382,0.7744198005786983
hardware_session0,7383,1.2891050498334804
hardware_session0,7384,1.1574058936697222
hardware_session0,7385,0.49515797648267695
hardware_session0,7386,0.9428424046897517
hardware_session0,7387,0.536991984299398
hardware_session0,7388,0.8098702582194264
hardware_session0,7389,1.0905437217014455
hardware_session0,7390,0.47382638212550127
hardware_session0,7391,0.966067919704509
hardware_session0,7392,1.6169965564205335
hardware_session0,7393,1.8948342074479163
hardware_session0,7394,0.9289099371781974
hardware_session0,7395,0.7019730880279165
hardware_session0,7396,0.5680729403799548
hardware_session0,7397,0.7314712480190674
hardware_session0,7398,1.5797348557749469
hardware_session0,7399,1.2550379696724787
hardware_session0,7400,0.49536101528231413
hardware_session0,7401,0.6671508179267727
hardware_session0,7402,0.4485822425193291
hardware_session0,7403,0.6214212229042939
hardware_session0,7404,1.1142824448851418
hardware_session0,7405,0.9727672691196849
hardware_session0,7406,1.2695418371089047
hardware_session0,7407,1.2157045326508333
hardware_session0,7408,0.6492291145483409
hardware_session0,7409,0.7318798516563226
hardware_session0,7410,1.6025026791188417
hardware_session0,7411,1.0017791734180426
hardware_session0,7412,0.7731820825144278
hardware_session0,7413,0.7476382898380438
hardware_session0,7414,1.0295135703140668
hardware_session0,7415,0.7194125384945167
hardware_session0,7416,1.2579613417355293
hardware_session0,7417,2.06192397746868
hardware_session0,7418,2.146911673378266
hardware_session0,7419,1.6975225671537686
hardware_session0,7420,1.4466859372316427
hardware_session0,7421,2.433014057630381
hardware_session0,7422,1.6946290284345313
hardware_session0,7423,0.9428539750327508
hardware_session0,7424,1.4370335153276583
hardware_session0,7425,1.7681570991981552
hardware_session0,7426,0.8169251594756795
hardware_session0,7427,1.022482051085053
hardware_session0,7428,0.6663120823822535
hardware_session0,7429,1.5378349692545956
hardware_session0,7430,0.7598846131678157
hardware_session0,7431,0.7918864534161716
hardware_session0,7432,0.721579039222134
hardware_session0,7433,0.8044836803432647
hardware_session0,7434,1.5303575302039205
hardware_session0,7435,1.4712686810896636
hardware_session0,7436,0.5433349946903101
hardware_session0,7437,0.9160869071523133
hardware_session0,7438,0.8967000300393851
hardware_session0,7439,1.4468607463829801
hardware_session0,7440,0.7118418280826913
hardware_session0,7441,0.8360341996023368
hardware_session0,7442,1.6587921645080208
hardware_session0,7443,0.48036845217860336
hardware_session0,7444,0.5657084977497855
hardware_session0,7445,0.867774689538678
hardware_session0,7446,0.5079910070497454
hardware_session0,7447,2.0555953522357564
hardware_session0,7448,0.6879678618723796
hardware_session0,7449,1.9451522595815285
hardware_session0,7450,2.0324921674417213
hardware_session0,7451,0.6895968797047375
hardware_session0,7452,1.8211468022991026
hardware_session0,7453,0.673749662775187
hardware_session0,7454,0.26271665782115516
hardware_session0,7455,1.4748448842051203
hardware_session0,7456,1.0789676496425793
hardware_session0,7457,2.00960603406026
hardware_session0,7458,1.3583347813045925
hardware_session0,7459,0.7968917932411396
hardware_session0,7460,0.9774609875527345
hardware_session0,7461,0.6644287793692724
hardware_session0,7462,0.9948230994262466
hardware_session0,7463,0.7897830215517477
hardware_session0,7464,1.2881538133166095
hardware_session0,7465,1.2484718184259744
hardware_session0,7466,0.74385105209726
hardware_session0,7467,0.44335241977024975
hardware_session0,7468,1.891569882569429
hardware_session0,7469,0.8192465081089779
hardware_session0,7470,2.3875986534181886
hardware_session0,7471,0.7079862360305695
hardware_session0,7472,1.1365245634345094
hardware_session0,7473,0.8658042807992893
hardware_session0,7474,1.893220622069026
hardware_session0,7475,1.9712372685972843
hardware_session0,7476,0.43869300338691236
hardware_session0,7477,1.3635430031318392
hardware_session0,7478,1.3906035374173094
hardware_session0,7479,0.6975848493346392
hardware_session0,7480,0.8693385387204782
hardware_session0,7481,0.6037833933228208
hardware_session0,7482,0.8004121534043741
hardware_session0,7483,1.8444633324711774
hardware_session0,7484,0.860994828995391
hardware_session0,7485,1.348153137777007
hardware_session0,7486,1.054439739051181
hardware_session0,7487,2.0010445804106607
hardware_session0,7488,0.5023349041359908
hardware_session0,7489,1.6862195450663187
hardware_session0,7490,0.9421577870571238
hardware_session0,7491,1.03983457316386
hardware_session0,7492,0.9473439238265609
hardware_session0,7493,1.561607111493141
hardware_session0,7494,0.4819512231472963
hardware_session0,7495,0.6244253987320888
hardware_session0,7496,1.946471837124776
hardware_session0,7497,0.6545649889484916
hardware_session0,7498,0.6216039229928262
hardware_session0,7499,0.7029590307461453
hardware_session0,7500,2.0646918726924506
hardware_session0,7501,1.2443166842111977
hardware_session0,7502,1.0288076223377378
hardware_session0,7503,1.095863401541537
hardware_session0,7504,1.1357363679203987
hardware_session0,7505,0.7701514077069905
hardware_session0,7506,0.7840355636569114
hardware_session0,7507,1.3456440350702488
hardware_session0,7508,1.1067568511894756
hardware_session0,7509,0.6491934373902342
hardware_session0,7510,0.869994745879836
hardware_session0,7511,1.2585720400186295
hardware_session0,7512,1.049500290037233
hardware_session0,7513,0.6481943702576516
hardware_session0,7514,1.6193188161072043
hardware_session0,7515,0.6961011919196471
hardware_session0,7516,1.0190194594243625
hardware_session0,7517,1.4569984650979968
hardware_session0,7518,0.682307563819385
hardware_session0,7519,0.7649775766817749
hardware_session0,7520,2.1633356158513033
hardware_session0,7521,0.8683113517941852
hardware_session0,7522,2.176368339562498
hardware_session0,7523,0.7524406559553884
hardware_session0,7524,1.5190563464632152
hardware_session0,7525,1.6868462328933485
hardware_session0,7526,1.5912322354145207
hardware_session0,7527,1.1814173880579801
hardware_session0,7528,0.6351858324117776
hardware_session0,7529,0.5621725227404111
hardware_session0,7530,2.2320050293275844
hardware_session0,7531,0.9674553929933123
hardware_session0,7532,1.3017548465330828
hardware_session0,7533,0.47581667703652536
hardware_session0,7534,0.9540938363109527
hardware_session0,7535,2.3545758188395562
hardware_session0,7536,0.688660333849558
hardware_session0,7537,1.2365709204251611
hardware_session0,7538,0.8377311764110587
hardware_session0,7539,0.6673446149560768
hardware_session0,7540,1.2699586859757073
hardware_session0,7541,1.4611018743156523
hardware_session0,7542,1.0534492926787191
hardware_session0,7543,1.574710528323291
hardware_session0,7544,1.2901625072982044
hardware_session0,7545,0.9199089667442975
hardware_session0,7546,0.8445468945898047
hardware_session0,7547,0.6026059473607499
hardware_session0,7548,1.5551621370934268
hardware_session0,7549,1.4827028700011007
hardware_session0,7550,1.3377473335533723
hardware_session0,7551,0.9550196251245169
hardware_session0,7552,1.4650225761472115
hardware_session0,7553,1.7577513698353056
hardware_session0,7554,0.7577526113350824
hardware_session0,7555,0.8718477351258658
hardware_session0,7556,1.6759580103022076
hardware_session0,7557,2.272209154603897
hardware_session0,7558,0.8990005859112178
hardware_session0,7559,1.9881417339079905
hardware_session0,7560,1.4473932555841782
hardware_session0,7561,1.7812499186811608
hardware_session0,7562,1.4406237696816333
hardware_session0,7563,0.5155748701406817
hardware_session0,7564,1.2941775158820203
hardware_session0,7565,1.9664254776944479
hardware_session0,7566,1.3434073081611497
hardware_session0,7567,0.5352494986839956
hardware_session0,7568,1.2987941890402381
hardware_session0,7569,1.2784950356732352
hardware_session0,7570,0.6253384441038701
hardware_session0,7571,0.6978752138983232
hardware_session0,7572,1.1443831682406915
hardware_session0,7573,0.8966987150002116
hardware_session0,7574,2.0579034670461582
hardware_session0,7575,0.7392438113354579
hardware_session0,7576,2.456695406545058
hardware_session0,7577,1.8385219159642496
hardware_session0,7578,0.73594952585455
hardware_session0,7579,1.54626590307176
hardware_session0,7580,0.780625256554324
hardware_session0,7581,1.5544654786428762
hardware_session0,7582,2.5259775318140814
hardware_session0,7583,1.8997630747666012
hardware_session0,7584,0.895978777686974
hardware_session0,7585,0.6282117662371338
hardware_session0,7586,1.276736333662546
hardware_session0,7587,0.5251626936453391
hardware_session0,7588,1.4291055679840985
hardware_session0,7589,1.023429915837485
hardware_session0,7590,1.0536959353861677
hardware_session0,7591,1.9297145579642023
hardware_session0,7592,0.7533403006772021
hardware_session0,7593,0.751204126868928
hardware_session0,7594,0.5410631768660128
hardware_session0,7595,0.7311557642679429
hardware_session0,7596,2.1895182391765715
hardware_session0,7597,0.5012086751414029
hardware_session0,7598,0.444918800591694
hardware_session0,7599,0.5451501221996133
hardware_session0,7600,1.2168442309787717
hardware_session0,7601,1.0618838763018916
hardware_session0,7602,1.4418331046691268
hardware_session0,7603,0.445597483570961
hardware_session0,7604,1.3247875433554175
hardware_session0,7605,2.2301673345696518
hardware_session0,7606,0.45914296370585644
hardware_session0,7607,2.02337561848157
hardware_session0,7608,1.15849490435135
hardware_session0,7609,1.2654511869234832
hardware_session0,7610,1.456667457694892
hardware_session0,7611,1.0068777320316962
hardware_session0,7612,0.9312225221921264
hardware_session0,7613,0.7881203706678904
hardware_session0,7614,1.3730252390056712
hardware_session0,7615,1.2514370522051887
hardware_session0,7616,0.7225510869767964
hardware_session0,7617,1.3986069378020056
hardware_session0,7618,1.6290192892543793
hardware_session0,7619,2.199412979913943
hardware_session0,7620,0.9620088405399789
hardware_session0,7621,1.822253958263347
hardware_session0,7622,2.144486900593622
hardware_session0,7623,1.2940202540036962
hardware_session0,7624,0.8818412309464804
hardware_session0,7625,1.4106614473871923
hardware_session0,7626,0.6763335207170493
hardware_session0,7627,0.8719454331086229
hardware_session0,7628,1.3356919444890867
hardware_session0,7629,0.44159713676225987
hardware_session0,7630,0.763416868568864
hardware_session0,7631,0.7183876940320195
hardware_session0,7632,0.4738984943404229
hardware_session0,7633,0.8648843823585021
hardware_session0,7634,0.7256820283602353
hardware_session0,7635,0.7745408264164056
hardware_session0,7636,1.8435990282466952
hardware_session0,7637,1.1461899422850172
hardware_session0,7638,0.7288692774436961
hardware_session0,7639,0.6216043708899632
hardware_session0,7640,2.4342871460069797
hardware_session0,7641,1.1303577016706066
hardware_session0,7642,0.9883171482137171
hardware_session0,7643,1.5300781694004975
hardware_session0,7644,0.7126388080006345
hardware_session0,7645,2.232725864001379
hardware_session0,7646,0.8141213032715683
hardware_session0,7647,0.6779640142538792
hardware_session0,7648,0.9671765106569721
hardware_session0,7649,0.8091440986751998
hardware_session0,7650,0.8487214602735444
hardware_session0,7651,0.48652462177196854
hardware_session0,7652,1.3701233698396469
hardware_session0,7653,1.2744903855560525
hardware_session0,7654,2.4925596954140032
hardware_session0,7655,0.8006063120787461
hardware_session0,7656,1.4727846895260874
hardware_session0,7657,1.8739476006397149
hardware_session0,7658,1.4010349997978524
hardware_session0,7659,0.784225298762683
hardware_session0,7660,0.993709542216795
hardware_session0,7661,1.0493372570956594
hardware_session0,7662,0.6056171120149219
hardware_session0,7663,1.5970185727813182
hardware_session0,7664,1.4571441335444688
hardware_session0,7665,1.0378346418403408
hardware_session0,7666,1.091542400217807
hardware_session0,7667,0.7789743253730054
hardware_session0,7668,0.47312227110609817
hardware_session0,7669,1.1919907363163451
hardware_session0,7670,1.1470582241996463
hardware_session0,7671,1.0585963006764787
hardware_session0,7672,0.848614717309445
hardware_session0,7673,1.215998929590474
hardware_session0,7674,1.796730282547818
hardware_session0,7675,1.4641057519173553
hardware_session0,7676,1.2405938802663614
hardware_session0,7677,1.8698466852924136
hardware_session0,7678,0.6815728642593222
hardware_session0,7679,0.6263859247891931
hardware_session0,7680,1.2121625419850288
hardware_session0,7681,0.5839878658888668
hardware_session0,7682,1.930364073756223
hardware_session0,7683,0.6268512497671309
hardware_session0,7684,0.6003788097407791
hardware_session0,7685,1.1997187431294196
hardware_session0,7686,0.7550940808142561
hardware_session0,7687,1.802954924640424
hardware_session0,7688,1.78569407389293
hardware_session0,7689,1.351780330978916
hardware_session0,7690,1.2881964214274009
hardware_session0,7691,0.9182231757611895
hardware_session0,7692,0.8260641555947572
hardware_session0,7693,0.4050191468026454
hardware_session0,7694,0.5678724666588061
hardware_session0,7695,1.1399800145257581
hardware_session0,7696,0.6674486611172733
hardware_session0,7697,0.6462050300253106
hardware_session0,7698,0.7313897233193866
hardware_session0,7699,0.5040800838708738
hardware_session0,7700,1.1335592015587859
hardware_session0,7701,1.1102754654517462
hardware_session0,7702,0.6554073876311677
hardware_session0,7703,0.7995917514558518
hardware_session0,7704,2.329132294310584
hardware_session0,7705,0.9865275035455385
hardware_session0,7706,1.784511477502078
hardware_session0,7707,0.9866096293058242
hardware_session0,7708,1.0089842087475154
hardware_session0,7709,1.025679195481855
hardware_session0,7710,1.1264599709959513
hardware_session0,7711,0.6175782363102706
hardware_session0,7712,0.7649043978831608
hardware_session0,7713,0.553310399951262
hardware_session0,7714,1.2221566875996885
hardware_session0,7715,1.290539395904999
hardware_session0,7716,1.1166042611628846
hardware_session0,7717,1.2387222075970417
hardware_session0,7718,1.026293949575128
hardware_session0,7719,2.014410407436188
hardware_session0,7720,1.291330904797913
hardware_session0,7721,2.441252199257741
hardware_session0,7722,0.7379382905692774
hardware_session0,7723,1.3664177305940852
hardware_session0,7724,1.0074521959023572
hardware_session0,7725,1.1456734761529241
hardware_session0,7726,0.6626123706645655
hardware_session0,7727,1.1023223279051553
hardware_session0,7728,1.1401759570681622
hardware_session0,7729,1.3459405459815397
hardware_session0,7730,0.6631885696057745
hardware_session0,7731,1.0536815589393795
hardware_session0,7732,1.0759071243423368
hardware_session0,7733,1.0509675000651058
hardware_session0,7734,0.33681982311194175
hardware_session0,7735,0.8945801297802489
hardware_session0,7736,1.2097128463706017
hardware_session0,7737,1.3087551575614291
hardware_session0,7738,1.1678491486743
hardware_session0,7739,0.7869984812757371
hardware_session0,7740,0.9663112702852236
hardware_session0,7741,0.5803496180365122
hardware_session0,7742,1.5348188940779715
hardware_session0,7743,2.1653061211957367
hardware_session0,7744,1.3256375392005
hardware_session0,7745,1.4358117154340133
hardware_session0,7746,1.2383613157844349
hardware_session0,7747,0.7388255177025412
hardware_session0,7748,0.84695080801391
hardware_session0,7749,0.5004869248386095
hardware_session0,7750,0.5999807308744571
hardware_session0,7751,2.214198721979706
hardware_session0,7752,1.406979957555188
hardware_session0,7753,0.5640997239593283
hardware_session0,7754,0.956106834197843
hardware_session0,7755,1.2504265416267089
hardware_session0,7756,0.8866167828249518
hardware_session0,7757,1.496344130842381
hardware_session0,7758,0.6699039644482376
hardware_session0,7759,0.7995875254860632
hardware_session0,7760,1.1775951484532925
hardware_session0,7761,0.7726098304102574
hardware_session0,7762,0.7396944532262345
hardware_session0,7763,0.9937417907319169
hardware_session0,7764,1.2614358195452187
hardware_session0,7765,1.4914784801953684
hardware_session0,7766,0.6564788537344012
hardware_session0,7767,1.5399950170279877
hardware_session0,7768,0.917229749102442
hardware_session0,7769,1.37677665192109
hardware_session0,7770,0.5324967583667304
hardware_session0,7771,1.3585267112129136
hardware_session0,7772,1.8947551649612542
hardware_session0,7773,1.355094443177957
hardware_session0,7774,1.1549471817618016
hardware_session0,7775,2.16099717176287
hardware_session0,7776,0.7811836850923729
hardware_session0,7777,1.023203246317258
hardware_session0,7778,1.1730062738751197
hardware_session0,7779,1.212052641558999
hardware_session0,7780,0.7978142039682202
hardware_session0,7781,0.8431092089333151
hardware_session0,7782,1.0261144173561159
hardware_session0,7783,1.25286233201921
hardware_session0,7784,1.0830171729083646
hardware_session0,7785,0.5616508509151076
hardware_session0,7786,1.7558294605923015
hardware_session0,7787,1.2584571556611839
hardware_session0,7788,0.9750831753661674
hardware_session0,7789,0.7929730531976781
hardware_session0,7790,1.1177405500738768
hardware_session0,7791,0.5186527838591625
hardware_session0,7792,1.0989630634520322
hardware_session0,7793,0.8842931456608726
hardware_session0,7794,0.599622221739084
hardware_session0,7795,0.7023061063177486
hardware_session0,7796,1.1837738377200553
hardware_session0,7797,1.0009136599841209
hardware_session0,7798,0.5011948220830558
hardware_session0,7799,1.7924477883068906
hardware_session0,7800,2.087946233955718
hardware_session0,7801,0.7115006466523156
hardware_session0,7802,0.7352402588165842
hardware_session0,7803,0.7764669538411189
hardware_session0,7804,1.4738765629579291
hardware_session0,7805,1.284949197753436
hardware_session0,7806,1.0214924918378971
hardware_session0,7807,0.38398281373547344
hardware_session0,7808,1.6799748218805834
hardware_session0,7809,0.6809475622482849
hardware_session0,7810,0.7345946889430363
hardware_session0,7811,1.6061781875050134
hardware_session0,7812,0.7603465518632991
hardware_session0,7813,2.3854210767827575
hardware_session0,7814,1.4501417339354494
hardware_session0,7815,1.803801453482095
hardware_session0,7816,1.1005441811659942
hardware_session0,7817,0.7655363343136857
hardware_session0,7818,1.5549894183324395
hardware_session0,7819,0.9661959045126303
hardware_session0,7820,1.059666936752278
hardware_session0,7821,1.068884006902837
hardware_session0,7822,0.9420055117826399
hardware_session0,7823,0.6285847969434882
hardware_session0,7824,0.5542331194531033
hardware_session0,7825,1.0327792747401847
hardware_session0,7826,2.1605477038186995
hardware_session0,7827,0.48997709248265847
hardware_session0,7828,1.0150071779167384
hardware_session0,7829,0.6455081399728129
hardware_session0,7830,0.8131515675820816
hardware_session0,7831,1.5474898359747609
hardware_session0,7832,1.16529223147762
hardware_session0,7833,0.5862738412955079
hardware_session0,7834,1.0618761206126293
hardware_session0,7835,0.6405237719467526
hardware_session0,7836,1.2968039389106059
hardware_session0,7837,1.9106783068545954
hardware_session0,7838,1.3293886448162648
hardware_session0,7839,1.7062788575228824
hardware_session0,7840,0.5895096283231364
hardware_session0,7841,0.9105833966936892
hardware_session0,7842,1.480655395759738
hardware_session0,7843,0.5611466803685217
hardware_session0,7844,0.5381228836820138
hardware_session0,7845,0.7036445535181352
hardware_session0,7846,1.0032483053054118
hardware_session0,7847,1.0155778576341516
hardware_session0,7848,1.216057402120843
hardware_session0,7849,0.7603221508057695
hardware_session0,7850,0.78172643559584
hardware_session0,7851,0.7735537254753445
hardware_session0,7852,0.7530599987231984
hardware_session0,7853,0.8949938466850524
hardware_session0,7854,0.7795758104536376
hardware_session0,7855,0.7476524323011311
hardware_session0,7856,0.8594288437506673
hardware_session0,7857,1.9811623017969653
hardware_session0,7858,0.7145568279173792
hardware_session0,7859,0.942054790020911
hardware_session0,7860,2.360458257513755
hardware_session0,7861,1.1052413495378002
hardware_session0,7862,0.8160542327712844
hardware_session0,7863,0.9266796200146028
hardware_session0,7864,2.274840430646241
hardware_session0,7865,0.6286734438005545
hardware_session0,7866,1.5555401960775335
hardware_session0,7867,1.217145281568317
hardware_session0,7868,1.0967891378446581
hardware_session0,7869,0.7577698826701553
hardware_session0,7870,2.049294401339966
hardware_session0,7871,1.3558359677419787
hardware_session0,7872,1.394794625820524
hardware_session0,7873,0.829461790763251
hardware_session0,7874,0.926556227720444
hardware_session0,7875,1.4001954852879157
hardware_session0,7876,0.7045647370914397
hardware_session0,7877,0.679336167159144
hardware_session0,7878,1.1259104215438964
hardware_session0,7879,1.2672812524153498
hardware_session0,7880,0.8720962930279089
hardware_session0,7881,0.8236975387580155
hardware_session0,7882,1.332686525598986
hardware_session0,7883,0.9328823510763916
hardware_session0,7884,0.7708579258665371
hardware_session0,7885,1.2735340213321291
hardware_session0,7886,0.7169961652076888
hardware_session0,7887,1.072204713904346
hardware_session0,7888,0.5961717131948527
hardware_session0,7889,1.1896607850443766
hardware_session0,7890,2.3418860662991756
hardware_session0,7891,0.6955716862779009
hardware_session0,7892,0.6274965547492695
hardware_session0,7893,0.5655432924016254
hardware_session0,7894,0.9387189830587647
hardware_session0,7895,1.6038976464522914
hardware_session0,7896,1.2703473585957241
hardware_session0,7897,0.6803970076523089
hardware_session0,7898,0.3696439911770959
hardware_session0,7899,0.7316900830409003
hardware_session0,7900,0.6253232950467118
hardware_session0,7901,0.8629820688381333
hardware_session0,7902,0.978227328715341
hardware_session0,7903,0.606489275417352
hardware_session0,7904,1.1378851754993928
hardware_session0,7905,1.1468420034709355
hardware_session0,7906,1.5745951581469113
hardware_session0,7907,1.503443585718923
hardware_session0,7908,0.7035992250203593
hardware_session0,7909,1.2487169205181976
hardware_session0,7910,0.956191791556561
hardware_session0,7911,1.3051055270949397
hardware_session0,7912,1.2332514743214977
hardware_session0,7913,0.9057850693126026
hardware_session0,7914,0.7976583610837648
hardware_session0,7915,0.7316335807166472
hardware_session0,7916,1.4012858181038619
hardware_session0,7917,1.0507645754174189
hardware_session0,7918,1.185252758525221
hardware_session0,7919,0.785426135655983
hardware_session0,7920,1.4639173496626894
hardware_session0,7921,1.2227511438254919
hardware_session0,7922,1.4685907362479713
hardware_session0,7923,1.682059856014431
hardware_session0,7924,0.8546554668168056
hardware_session0,7925,0.7229024672021512
hardware_session0,7926,0.5505405019722547
hardware_session0,7927,0.7059235505034315
hardware_session0,7928,1.279717015169707
hardware_session0,7929,0.9954855605280948
hardware_session0,7930,0.8841093898991227
hardware_session0,7931,0.4687872818833636
hardware_session0,7932,0.9678781189564075
hardware_session0,7933,0.7527161447863293
hardware_session0,7934,1.4660586145943548
hardware_session0,7935,0.4833123582645124
hardware_session0,7936,1.4879351286238114
hardware_session0,7937,0.979637552262511
hardware_session0,7938,1.7453589620823955
hardware_session0,7939,0.9205776911456139
hardware_session0,7940,1.0181526398791023
hardware_session0,7941,1.368204432169795
hardware_session0,7942,1.142277752648512
hardware_session0,7943,1.6899150297954273
hardware_session0,7944,0.5990925741098253
hardware_session0,7945,0.9428408387410572
hardware_session0,7946,1.105920133916407
hardware_session0,7947,1.0455299761318797
hardware_session0,7948,1.5329335757230143
hardware_session0,7949,0.6151383244475964
hardware_session0,7950,0.594065629147322
hardware_session0,7951,0.7844771953061032
hardware_session0,7952,0.8411726840636382
hardware_session0,7953,0.6593865389129261
hardware_session0,7954,0.83222950112157
hardware_session0,7955,2.464166460275975
hardware_session0,7956,1.1419029796821412
hardware_session0,7957,1.4001083561956233
hardware_session0,7958,0.7491966478345052
hardware_session0,7959,1.5826572852134746
hardware_session0,7960,0.7928406880453012
hardware_session0,7961,0.7417621359903288
hardware_session0,7962,0.6050556271310593
hardware_session0,7963,0.6924406534674605
hardware_session0,7964,1.3424249883519837
hardware_session0,7965,1.2055200720525534
hardware_session0,7966,0.6734481945356469
hardware_session0,7967,0.7689159640131794
hardware_session0,7968,1.610033659729359
hardware_session0,7969,0.5122025473733763
hardware_session0,7970,0.7886124878380287
hardware_session0,7971,1.1119938182007958
hardware_session0,7972,0.737229506239039
hardware_session0,7973,1.3816580825658817
hardware_session0,7974,2.158761555079222
hardware_session0,7975,0.7831929409746907
hardware_session0,7976,1.2058044150357607
hardware_session0,7977,0.4150021137215902
hardware_session0,7978,1.2346095267424924
hardware_session0,7979,0.5791258282645046
hardware_session0,7980,0.9137208200790353
hardware_session0,7981,0.4825966473629798
hardware_session0,7982,0.7642077614774162
hardware_session0,7983,1.440114504355538
hardware_session0,7984,0.743211452928657
hardware_session0,7985,1.048457600635506
hardware_session0,7986,1.332595699571334
hardware_session0,7987,0.7799336387630994
hardware_session0,7988,0.822586735783059
hardware_session0,7989,0.9250994242841
hardware_session0,7990,1.1280499293389932
hardware_session0,7991,1.0329629111608873
hardware_session0,7992,0.9534197714422085
hardware_session0,7993,0.6737435001847492
hardware_session0,7994,0.47357516786106507
hardware_session0,7995,1.1318717062327595
hardware_session0,7996,2.2566147398033447
hardware_session0,7997,0.8623350254177479
hardware_session0,7998,0.8646878643324235
hardware_session0,7999,1.1685733484824141
hardware_session0,8000,1.6247588042937815
hardware_session0,8001,0.5442948164233401
hardware_session0,8002,1.7203944837605307
hardware_session0,8003,1.5829975138726249
hardware_session0,8004,1.3581609703783453
hardware_session0,8005,1.2727656660007027
hardware_session0,8006,1.3554845815796803
hardware_session0,8007,0.790639428590109
hardware_session0,8008,1.2077922455722248
hardware_session0,8009,0.790980166519523
hardware_session0,8010,0.9216767008657789
hardware_session0,8011,1.1793965808079907
hardware_session0,8012,0.718147266867972
hardware_session0,8013,1.2175460225348358
hardware_session0,8014,1.4902150769263953
hardware_session0,8015,1.5794074415124595
hardware_session0,8016,0.8563142823817553
hardware_session0,8017,1.349680169412507
hardware_session0,8018,2.320772669442071
hardware_session0,8019,1.5732385016623271
hardware_session0,8020,1.071190928298639
hardware_session0,8021,0.9244315006882934
hardware_session0,8022,0.9312127235854345
hardware_session0,8023,0.5433843627534093
hardware_session0,8024,0.967932975367019
hardware_session0,8025,0.9509890956798048
hardware_session0,8026,1.1314147220718684
hardware_session0,8027,0.7801996311974785
hardware_session0,8028,2.0447943263346264
hardware_session0,8029,0.7859691932719217
hardware_session0,8030,1.302955460145813
hardware_session0,8031,0.6219949608165724
hardware_session0,8032,1.2892959234252581
hardware_session0,8033,0.6036319172265039
hardware_session0,8034,0.9865139143456737
hardware_session0,8035,2.584660717753174
hardware_session0,8036,1.1969101975215932
hardware_session0,8037,0.6625090823278427
hardware_session0,8038,0.7470245806625413
hardware_session0,8039,0.9514933689429194
hardware_session0,8040,1.1400846484979836
hardware_session0,8041,0.9720982786543185
hardware_session0,8042,1.6274721700149077
hardware_session0,8043,1.0371443859620526
hardware_session0,8044,0.6586198921571572
hardware_session0,8045,0.609548218418121
hardware_session0,8046,1.2466009472186566
hardware_session0,8047,1.0097558732044984
hardware_session0,8048,0.5798434029486652
hardware_session0,8049,1.123944178483263
hardware_session0,8050,1.0185274350308353
hardware_session0,8051,0.84505055179162
hardware_session0,8052,0.9747546589394376
hardware_session0,8053,1.5301540137437772
hardware_session0,8054,0.9149586853873197
hardware_session0,8055,1.1178681921997378
hardware_session0,8056,0.5074481468300545
hardware_session0,8057,0.7222199032852828
hardware_session0,8058,2.3041713253363256
hardware_session0,8059,0.920908819746579
hardware_session0,8060,1.0103739678890613
hardware_session0,8061,1.4526112547613526
hardware_session0,8062,0.45722242780819433
hardware_session0,8063,0.6601322839649058
hardware_session0,8064,0.9319453051650269
hardware_session0,8065,1.982550078563386
hardware_session0,8066,1.1018274379591582
hardware_session0,8067,0.8604251995573965
hardware_session0,8068,0.5154942637763594
hardware_session0,8069,0.568335933595734
hardware_session0,8070,1.0480139301033873
hardware_session0,8071,1.313203477378566
hardware_session0,8072,1.4805804349420402
hardware_session0,8073,0.4916112000456486
hardware_session0,8074,0.5191156919950319
hardware_session0,8075,0.6757976028782032
hardware_session0,8076,1.2267216220386463
hardware_session0,8077,0.47346945913687777
hardware_session0,8078,0.9695177974997521
hardware_session0,8079,1.1200563168629964
hardware_session0,8080,0.663491475031402
hardware_session0,8081,0.7417998319550431
hardware_session0,8082,0.7951298409722869
hardware_session0,8083,2.0083106326973468
hardware_session0,8084,1.767690662108506
hardware_session0,8085,1.0140526540447115
hardware_session0,8086,1.240173947727501
hardware_session0,8087,1.8856738257960939
hardware_session0,8088,1.0664508242005386
hardware_session0,8089,1.3932189295803181
hardware_session0,8090,0.7410113789709664
hardware_session0,8091,0.38151260736911613
hardware_session0,8092,1.5160073423795852
hardware_session0,8093,0.5540872109957563
hardware_session0,8094,2.2448250452784206
hardware_session0,8095,1.290125254647662
hardware_session0,8096,0.5697354378768198
hardware_session0,8097,0.44026072130938476
hardware_session0,8098,1.267047210181973
hardware_session0,8099,0.5966527726529124
hardware_session0,8100,1.6544888929883153
hardware_session0,8101,0.5500037330806864
hardware_session0,8102,0.820246741115234
hardware_session0,8103,0.9330612673492291
hardware_session0,8104,0.8259618175375854
hardware_session0,8105,0.47199647777372344
hardware_session0,8106,2.310126033140315
hardware_session0,8107,0.875731700659177
hardware_session0,8108,0.4121641304627983
hardware_session0,8109,0.7064884781558118
hardware_session0,8110,0.9528210877346668
hardware_session0,8111,0.8757910440905169
hardware_session0,8112,0.6381267007492429
hardware_session0,8113,0.9975284813045356
hardware_session0,8114,0.5052219474027286
hardware_session0,8115,1.992056999473511
hardware_session0,8116,1.0498571164369488
hardware_session0,8117,1.9540187148114483
hardware_session0,8118,1.8687638791724492
hardware_session0,8119,1.0474071268256926
hardware_session0,8120,1.6390989301681458
hardware_session0,8121,0.4598849403797821
hardware_session0,8122,0.6477706348813507
hardware_session0,8123,1.1315862101980914
hardware_session0,8124,1.1621307350390784
hardware_session0,8125,0.32370253210654265
hardware_session0,8126,0.4980115122987725
hardware_session0,8127,0.8403634131302982
hardware_session0,8128,0.42639849354421455
hardware_session0,8129,1.215875014468837
hardware_session0,8130,1.6391035695985192
hardware_session0,8131,0.5415872368244982
hardware_session0,8132,0.5739018178090238
hardware_session0,8133,1.2133163851640232
hardware_session0,8134,0.7219908626007849
hardware_session0,8135,1.4759338300509923
hardware_session0,8136,1.1309071357573066
hardware_session0,8137,0.8706218526767354
hardware_session0,8138,0.6035391570781964
hardware_session0,8139,1.3033316233952166
hardware_session0,8140,1.4867266629980165
hardware_session0,8141,1.6326776456918128
hardware_session0,8142,1.0610880014565285
hardware_session0,8143,0.9793090834896885
hardware_session0,8144,1.2566397568451195
hardware_session0,8145,1.3183290795337141
hardware_session0,8146,0.5279368561295742
hardware_session0,8147,1.2432515970010631
hardware_session0,8148,1.0487858840570328
hardware_session0,8149,0.8669740846961155
hardware_session0,8150,1.7739691090088376
hardware_session0,8151,1.0180549878173748
hardware_session0,8152,0.9976051519057354
hardware_session0,8153,1.075504656316885
hardware_session0,8154,0.8716704844445324
hardware_session0,8155,1.385907617658254
hardware_session0,8156,2.122545621924552
hardware_session0,8157,0.8838165172048321
hardware_session0,8158,0.9511279712412853
hardware_session0,8159,1.3470417788160358
hardware_session0,8160,1.1636886352195674
hardware_session0,8161,1.4547137057739086
hardware_session0,8162,1.0624826428650709
hardware_session0,8163,0.6446525786614429
hardware_session0,8164,0.9999732207118447
hardware_session0,8165,1.4006644222653013
hardware_session0,8166,1.2557168880075436
hardware_session0,8167,1.0837813101238989
hardware_session0,8168,1.0387475710357597
hardware_session0,8169,0.9730741321487151
hardware_session0,8170,1.372790069985792
hardware_session0,8171,0.9551892475880118
hardware_session0,8172,1.382515744145214
hardware_session0,8173,0.9813762903353999
hardware_session0,8174,0.5728834373957321
hardware_session0,8175,1.4205553822945243
hardware_session0,8176,2.084362783073134
hardware_session0,8177,0.7426094753451253
hardware_session0,8178,0.8864173879980578
hardware_session0,8179,1.720661686484872
hardware_session0,8180,0.5633583869311933
hardware_session0,8181,0.6296264893157376
hardware_session0,8182,1.160462809763537
hardware_session0,8183,1.32196693707309
hardware_session0,8184,0.7104800396904248
hardware_session0,8185,1.0209533992759434
hardware_session0,8186,0.5082907217168251
hardware_session0,8187,0.9891683018989366
hardware_session0,8188,1.121697523903549
hardware_session0,8189,1.7124816162041363
hardware_session0,8190,0.8302260835303975
hardware_session0,8191,0.9409671344396721
hardware_session0,8192,1.4899824155438566
hardware_session0,8193,0.7075689823029715
hardware_session0,8194,0.8493651878049369
hardware_session0,8195,1.1246572656691074
hardware_session0,8196,1.084120146901274
hardware_session0,8197,1.2343623194973297
hardware_session0,8198,1.096160096862002
hardware_session0,8199,0.777055603974138
hardware_session0,8200,0.9956133177199619
hardware_session0,8201,1.7153350173904214
hardware_session0,8202,2.1007314038522997
hardware_session0,8203,0.8432437431139252
hardware_session0,8204,0.7963390505061921
hardware_session0,8205,1.1868408745165009
hardware_session0,8206,1.528201530473442
hardware_session0,8207,1.4142875001514825
hardware_session0,8208,1.3492312800385184
hardware_session0,8209,1.233162342122548
hardware_session0,8210,1.0123347933612727
hardware_session0,8211,1.5370947281845797
hardware_session0,8212,1.6159729008682584
hardware_session0,8213,0.8191238411366378
hardware_session0,8214,0.5498235850900912
hardware_session0,8215,0.5951875253527251
hardware_session0,8216,1.209196300559454
hardware_session0,8217,1.0626163091202994
hardware_session0,8218,0.7007056742739014
hardware_session0,8219,0.4343340683049719
hardware_session0,8220,1.035394473198779
hardware_session0,8221,1.4504084876987369
hardware_session0,8222,2.1377716729108585
hardware_session0,8223,1.5682555951618162
hardware_session0,8224,0.433218253389628
hardware_session0,8225,0.8215619207913002
hardware_session0,8226,1.6851971498703184
hardware_session0,8227,1.12346158005024
hardware_session0,8228,1.7202342558850905
hardware_session0,8229,2.4636138286497102
hardware_session0,8230,1.0661120285320347
hardware_session0,8231,1.4152823625978908
hardware_session0,8232,1.5255851196128898
hardware_session0,8233,0.6954420177231924
hardware_session0,8234,1.8531078609327492
hardware_session0,8235,0.5763146768509078
hardware_session0,8236,0.6459475189362414
hardware_session0,8237,1.7467115739217522
hardware_session0,8238,2.062827300717153
hardware_session0,8239,1.181913711876289
hardware_session0,8240,0.8838013740896544
hardware_session0,8241,0.6014897857960609
hardware_session0,8242,0.6781998614139518
hardware_session0,8243,0.701260203258524
hardware_session0,8244,0.6879209556097295
hardware_session0,8245,1.148228920185293
hardware_session0,8246,0.45575962463160624
hardware_session0,8247,1.1018679305907937
hardware_session0,8248,1.511334471201696
hardware_session0,8249,0.6824873446073907
hardware_session0,8250,0.6620651078565734
hardware_session0,8251,0.9935968732966712
hardware_session0,8252,1.255387671991449
hardware_session0,8253,2.342280463089893
hardware_session0,8254,0.8569578200918445
hardware_session0,8255,0.9864054350100203
hardware_session0,8256,1.4713783776157503
hardware_session0,8257,0.8785159209079954
hardware_session0,8258,1.7603980556074952
hardware_session0,8259,1.1340368646775063
hardware_session0,8260,0.7914032570091643
hardware_session0,8261,1.7580892953636258
hardware_session0,8262,1.0226844135132893
hardware_session0,8263,0.5149804185900012
hardware_session0,8264,0.7100423157394101
hardware_session0,8265,0.5881434433905721
hardware_session0,8266,0.713439074470453
hardware_session0,8267,2.0527087768410395
hardware_session0,8268,0.5065639322544576
hardware_session0,8269,0.5656674476585286
hardware_session0,8270,0.6271368408559596
hardware_session0,8271,2.1759740367625535
hardware_session0,8272,0.778310515588483
hardware_session0,8273,1.7841616764083894
hardware_session0,8274,1.2660892737828002
hardware_session0,8275,1.8507785056706596
hardware_session0,8276,0.3550339554174705
hardware_session0,8277,1.3477635531949224
hardware_session0,8278,1.2083860969750426
hardware_session0,8279,0.5790415080765166
hardware_session0,8280,1.1066111448857248
hardware_session0,8281,1.3804662283259026
hardware_session0,8282,0.9716506390781934
hardware_session0,8283,1.0882576925406109
hardware_session0,8284,1.3898221228846779
hardware_session0,8285,1.5326099489902902
hardware_session0,8286,1.3345579240291348
hardware_session0,8287,1.1923833116323606
hardware_session0,8288,0.6490644964139118
hardware_session0,8289,1.035923895691706
hardware_session0,8290,1.3295793930488282
hardware_session0,8291,1.391656761687443
hardware_session0,8292,1.5090454175416705
hardware_session0,8293,0.8528938800682935
hardware_session0,8294,0.7781028902866138
hardware_session0,8295,0.7189782434356156
hardware_session0,8296,1.5126316173973897
hardware_session0,8297,1.2870598439764291
hardware_session0,8298,0.8518364753952492
hardware_session0,8299,1.7256588989490602
hardware_session0,8300,0.5554554785229848
hardware_session0,8301,0.9568730767324499
hardware_session0,8302,0.7849910356242522
hardware_session0,8303,1.497800375683141
hardware_session0,8304,1.2666746817676267
hardware_session0,8305,1.0729042806828561
hardware_session0,8306,1.1517776436385074
hardware_session0,8307,0.8563738264048479
hardware_session0,8308,0.7977359537020607
hardware_session0,8309,0.4908401931344154
hardware_session0,8310,0.46189249952977873
hardware_session0,8311,1.0453120651465058
hardware_session0,8312,0.512051598880362
hardware_session0,8313,0.5870614550406893
hardware_session0,8314,1.4244885890635939
hardware_session0,8315,0.8895765121195969
hardware_session0,8316,0.9566598888693107
hardware_session0,8317,1.1430433428610232
hardware_session0,8318,0.841477383433418
hardware_session0,8319,1.5754476973635967
hardware_session0,8320,1.8638817374538632
hardware_session0,8321,0.9557273336322925
hardware_session0,8322,1.6291062642511924
hardware_session0,8323,1.2832124862676466
hardware_session0,8324,0.7919917610506698
hardware_session0,8325,0.4437928675862739
hardware_session0,8326,0.9426747550930467
hardware_session0,8327,0.99694731874472
hardware_session0,8328,0.4265037044425183
hardware_session0,8329,0.692361986805367
hardware_session0,8330,1.9721731551579125
hardware_session0,8331,0.6320746345182939
hardware_session0,8332,1.9446076939075978
hardware_session0,8333,0.9795602269311415
hardware_session0,8334,0.7328295839676947
hardware_session0,8335,0.5480277909563375
hardware_session0,8336,1.848568389786414
hardware_session0,8337,1.6096933922838808
hardware_session0,8338,1.4873544344229723
hardware_session0,8339,1.0869166610972758
hardware_session0,8340,1.2404169744426625
hardware_session0,8341,0.9524837896150656
hardware_session0,8342,0.8888045889241826
hardware_session0,8343,1.7624901675107252
hardware_session0,8344,1.1629621263622651
hardware_session0,8345,0.9072872270353517
hardware_session0,8346,1.101865587264554
hardware_session0,8347,0.896351254389121
hardware_session0,8348,1.291128933502319
hardware_session0,8349,0.5087657294573538
hardware_session0,8350,1.6544881623250665
hardware_session0,8351,0.8775943505864118
hardware_session0,8352,1.6238895428667752
hardware_session0,8353,0.6115899744958875
hardware_session0,8354,0.972514204621918
hardware_session0,8355,1.8530740355177895
hardware_session0,8356,0.9992300396646877
hardware_session0,8357,2.14668623836101
hardware_session0,8358,1.2009154327624327
hardware_session0,8359,1.9703483902622918
hardware_session0,8360,1.8850413904486518
hardware_session0,8361,1.7966379425109913
hardware_session0,8362,1.185959238766384
hardware_session0,8363,0.8863582131521452
hardware_session0,8364,1.5348030513306632
hardware_session0,8365,1.4637428390921945
hardware_session0,8366,1.31882908627231
hardware_session0,8367,1.7561211930780969
hardware_session0,8368,1.2494825873024928
hardware_session0,8369,0.6032384595630237
hardware_session0,8370,1.807301476116427
hardware_session0,8371,0.9855088015745682
hardware_session0,8372,1.4775324292981085
hardware_session0,8373,1.2159790956964434
hardware_session0,8374,1.304816878961588
hardware_session0,8375,1.3044427474641558
hardware_session0,8376,0.44930688359897897
hardware_session0,8377,1.377958775428119
hardware_session0,8378,1.4760133687497015
hardware_session0,8379,1.454037259678526
hardware_session0,8380,1.08569571804883
hardware_session0,8381,1.2782832283714545
hardware_session0,8382,0.8411491749879123
hardware_session0,8383,1.5852123812579177
hardware_session0,8384,1.4819186525141252
hardware_session0,8385,0.6739941580379241
hardware_session0,8386,0.9640516890604443
hardware_session0,8387,0.8720947843786483
hardware_session0,8388,0.9101206167926363
hardware_session0,8389,1.3875365290245711
hardware_session0,8390,1.4670840250367194
hardware_session0,8391,0.7792333686882867
hardware_session0,8392,0.7415515921917294
hardware_session0,8393,1.7084466162497571
hardware_session0,8394,1.6509858678562326
hardware_session0,8395,0.5920712321223863
hardware_session0,8396,0.6638811288783523
hardware_session0,8397,1.109839872449851
hardware_session0,8398,1.1480493861270784
hardware_session0,8399,0.4747019418971347
hardware_session0,8400,1.9554182533617834
hardware_session0,8401,1.300160643635816
hardware_session0,8402,0.8505071190953646
hardware_session0,8403,0.5872951879308831
hardware_session0,8404,1.1394343006686702
hardware_session0,8405,0.6999613791824417
hardware_session0,8406,0.9381656935210827
hardware_session0,8407,2.1823602698990503
hardware_session0,8408,0.4810738433433441
hardware_session0,8409,1.327949071451517
hardware_session0,8410,1.0356841280540916
hardware_session0,8411,0.8638024695650065
hardware_session0,8412,1.5422589091108154
hardware_session0,8413,0.5636409488206287
hardware_session0,8414,0.8204098937699718
hardware_session0,8415,0.96480669045598
hardware_session0,8416,2.207701874963003
hardware_session0,8417,0.8877596911568669
hardware_session0,8418,0.865594934553153
hardware_session0,8419,1.0786357395824695
hardware_session0,8420,1.3764988233844917
hardware_session0,8421,0.7864608449258588
hardware_session0,8422,0.6717725373478437
hardware_session0,8423,1.4824239519137734
hardware_session0,8424,1.132058148522758
hardware_session0,8425,1.7670675223766046
hardware_session0,8426,0.6581601261213285
hardware_session0,8427,1.2420743421428746
hardware_session0,8428,0.4711713854385083
hardware_session0,8429,0.6633614724296432
hardware_session0,8430,1.5113329661843662
hardware_session0,8431,1.7362042354389655
hardware_session0,8432,0.7889786446324525
hardware_session0,8433,0.8791490801604404
hardware_session0,8434,1.245679733525538
hardware_session0,8435,1.4119578330079712
hardware_session0,8436,1.3160839140698062
hardware_session0,8437,0.7948981125906988
hardware_session0,8438,1.6184873383416525
hardware_session0,8439,1.0130692497088125
hardware_session0,8440,0.6885261840356977
hardware_session0,8441,1.5306581975746363
hardware_session0,8442,0.8145495604682911
hardware_session0,8443,0.6584492305546024
hardware_session0,8444,1.5806390618355806
hardware_session0,8445,1.7382544872270593
hardware_session0,8446,1.804889823608999
hardware_session0,8447,1.4081122527979169
hardware_session0,8448,1.438275806145461
hardware_session0,8449,1.1693117734976965
hardware_session0,8450,0.7214439643248145
hardware_session0,8451,1.2973250195339399
hardware_session0,8452,1.3218537256297027
hardware_session0,8453,0.7334003458164672
hardware_session0,8454,1.7073584990816613
hardware_session0,8455,1.1187547239119644
hardware_session0,8456,0.6706123873727621
hardware_session0,8457,0.8033342134364051
hardware_session0,8458,0.5522945270690054
hardware_session0,8459,0.9616167207631654
hardware_session0,8460,0.7790883550412311
hardware_session0,8461,1.4016044841649404
hardware_session0,8462,1.2864741579975896
hardware_session0,8463,1.0661065993071768
hardware_session0,8464,1.1775207200301696
hardware_session0,8465,1.7060904080076587
hardware_session0,8466,0.7369513031983758
hardware_session0,8467,0.7979134111296878
hardware_session0,8468,0.7064369111898532
hardware_session0,8469,2.8715171388804785
hardware_session0,8470,1.2824959228778126
hardware_session0,8471,0.6681717249328193
hardware_session0,8472,0.7625775078114622
hardware_session0,8473,1.3569419269237237
hardware_session0,8474,0.6872518616319194
hardware_session0,8475,0.4774801352721282
hardware_session0,8476,1.2834470395617705
hardware_session0,8477,1.2799606424700647
hardware_session0,8478,1.0759232950541344
hardware_session0,8479,0.6612428036747018
hardware_session0,8480,1.1155261926042699
hardware_session0,8481,1.9890151300588963
hardware_session0,8482,1.000548231079338
hardware_session0,8483,0.5718908274309626
hardware_session0,8484,0.8103797896379569
hardware_session0,8485,0.9407766853602905
hardware_session0,8486,1.5634483068108442
hardware_session0,8487,1.4735584108249888
hardware_session0,8488,0.5832247371463741
hardware_session0,8489,1.123930314894782
hardware_session0,8490,1.3846715239919136
hardware_session0,8491,0.7172031361867582
hardware_session0,8492,1.4128449787772293
hardware_session0,8493,0.5961451228213468
hardware_session0,8494,0.75459275876797
hardware_session0,8495,1.4350557730261584
hardware_session0,8496,0.7213638259557031
hardware_session0,8497,0.6005388527941738
hardware_session0,8498,1.1397368706266742
hardware_session0,8499,0.9436782413007934
hardware_session0,8500,1.3758366663971597
hardware_session0,8501,0.5161289463805429
hardware_session0,8502,1.5504527798363126
hardware_session0,8503,0.820251780852023
hardware_session0,8504,0.792817864789268
hardware_session0,8505,0.6614530529839285
hardware_session0,8506,1.6686682883362185
hardware_session0,8507,2.0598829381534314
hardware_session0,8508,0.9370028367243953
hardware_session0,8509,1.1268138371309055
hardware_session0,8510,0.8315444355287364
hardware_session0,8511,2.492136211406022
hardware_session0,8512,1.1990721402156326
hardware_session0,8513,2.5367367737405897
hardware_session0,8514,0.4165018528655447
hardware_session0,8515,1.6114759149483375
hardware_session0,8516,0.519363462490721
hardware_session0,8517,1.3278919327913277
hardware_session0,8518,0.6537527642400018
hardware_session0,8519,2.0076465883411116
hardware_session0,8520,1.57621753311521
hardware_session0,8521,0.8945094724407454
hardware_session0,8522,1.2551899524545955
hardware_session0,8523,0.5980077420958
hardware_session0,8524,1.0432987871578803
hardware_session0,8525,0.8727786230307407
hardware_session0,8526,0.7157809745313789
hardware_session0,8527,0.6770391821455074
hardware_session0,8528,1.7248133051466732
hardware_session0,8529,1.5852792359639252
hardware_session0,8530,0.6170958264666201
hardware_session0,8531,1.0970130655066512
hardware_session0,8532,0.8866253804762358
hardware_session0,8533,1.2800128872518663
hardware_session0,8534,1.0404480918207937
hardware_session0,8535,0.9398515281855991
hardware_session0,8536,0.7234545443353347
hardware_session0,8537,0.7059380884378589
hardware_session0,8538,0.47639708941421105
hardware_session0,8539,1.1783326262954152
hardware_session0,8540,0.9304401467491213
hardware_session0,8541,2.065888708730048
hardware_session0,8542,1.1985828971650563
hardware_session0,8543,1.6551313700133474
hardware_session0,8544,0.9279289141671672
hardware_session0,8545,0.535962419075019
hardware_session0,8546,0.3454227666028434
hardware_session0,8547,1.5214660496190842
hardware_session0,8548,0.8749631647223329
hardware_session0,8549,1.4773649327759424
hardware_session0,8550,1.002668282412969
hardware_session0,8551,1.709435106484571
hardware_session0,8552,1.4229754682412463
hardware_session0,8553,0.8331460618139812
hardware_session0,8554,0.8372970978283286
hardware_session0,8555,0.47907375100625527
hardware_session0,8556,0.9031821245764734
hardware_session0,8557,0.5964711560845903
hardware_session0,8558,0.6785248627163075
hardware_session0,8559,0.7958161601908631
hardware_session0,8560,1.4632084710403217
hardware_session0,8561,0.52782480448831
hardware_session0,8562,1.1089555972789882
hardware_session0,8563,0.46329630594980126
hardware_session0,8564,0.8208921103097847
hardware_session0,8565,1.4573138273818451
hardware_session0,8566,1.0188862178234002
hardware_session0,8567,1.160523404868695
hardware_session0,8568,0.732842764269604
hardware_session0,8569,0.7747868059708809
hardware_session0,8570,2.431104281865948
hardware_session0,8571,0.389347843718089
hardware_session0,8572,0.9798918304062008
hardware_session0,8573,1.7858870812071177
hardware_session0,8574,1.2598871437378114
hardware_session0,8575,1.4601611527870622
hardware_session0,8576,0.6053162466257868
hardware_session0,8577,1.0097594844350033
hardware_session0,8578,0.6627144536499716
hardware_session0,8579,1.1966474514872827
hardware_session0,8580,1.3248462662279212
hardware_session0,8581,0.6539774700304815
hardware_session0,8582,1.2222984058684996
hardware_session0,8583,0.9431322410441694
hardware_session0,8584,0.9923004614399342
hardware_session0,8585,0.5567083681643956
hardware_session0,8586,1.0175157331086047
hardware_session0,8587,0.8605970978880938
hardware_session0,8588,2.0780422109014114
hardware_session0,8589,1.0923720690881558
hardware_session0,8590,1.0027346634103405
hardware_session0,8591,0.7744417467942849
hardware_session0,8592,2.5284106530197574
hardware_session0,8593,1.856886797033313
hardware_session0,8594,1.0493430199868472
hardware_session0,8595,1.066533436662168
hardware_session0,8596,0.7324661736311059
hardware_session0,8597,1.461766191095163
hardware_session0,8598,0.63573526438516
hardware_session0,8599,0.6858500067638417
hardware_session0,8600,0.9550432969166968
hardware_session0,8601,0.5487894768573993
hardware_session0,8602,0.9035982356889976
hardware_session0,8603,1.3382294008374744
hardware_session0,8604,1.8399486461312284
hardware_session0,8605,0.8562375823752816
hardware_session0,8606,0.472468004445124
hardware_session0,8607,0.48700373672753833
hardware_session0,8608,0.8552486552073574
hardware_session0,8609,0.5923766195018088
hardware_session0,8610,1.633662098859105
hardware_session0,8611,0.7492430260306943
hardware_session0,8612,0.8609506706542299
hardware_session0,8613,1.4652630344035995
hardware_session0,8614,0.682307563819385
hardware_session0,8615,0.5451022320019845
hardware_session0,8616,0.6923968886413001
hardware_session0,8617,1.1716678879837057
hardware_session0,8618,0.7862061746853474
hardware_session0,8619,0.5819320747963349
hardware_session0,8620,0.8050411772567708
hardware_session0,8621,1.0422579654255295
hardware_session0,8622,1.0994493282316704
hardware_session0,8623,1.055945337792973
hardware_session0,8624,1.5297717673896514
hardware_session0,8625,0.4427630762272193
hardware_session0,8626,0.7387847131349067
hardware_session0,8627,1.6961309979774468
hardware_session0,8628,0.7100210829092906
hardware_session0,8629,0.3378035937823715
hardware_session0,8630,1.0366556360915442
hardware_session0,8631,1.5977946756124433
hardware_session0,8632,1.0324194102268565
hardware_session0,8633,0.8981268960415079
hardware_session0,8634,0.437071090517403
hardware_session0,8635,1.5332748100346636
hardware_session0,8636,2.084570748716337
hardware_session0,8637,0.6760331908388488
hardware_session0,8638,0.4263146560619474
hardware_session0,8639,0.6647447178232061
hardware_session0,8640,1.2925208339422192
hardware_session0,8641,1.6082688965775767
hardware_session0,8642,0.9758248349994455
hardware_session0,8643,1.2693886479795375
hardware_session0,8644,0.6148269208866658
hardware_session0,8645,1.797857897065851
hardware_session0,8646,0.42349495377557167
hardware_session0,8647,0.4088662319627574
hardware_session0,8648,1.488056522005396
hardware_session0,8649,1.780584819942093
hardware_session0,8650,1.4068404732885207
hardware_session0,8651,0.5199381545363625
hardware_session0,8652,1.5777405962473137
hardware_session0,8653,1.5265262734423672
hardware_session0,8654,0.8644359318291671
hardware_session0,8655,1.3713622238807708
hardware_session0,8656,1.021824770302098
hardware_session0,8657,1.9426535335027857
hardware_session0,8658,0.8701562638725389
hardware_session0,8659,0.8434932801783288
hardware_session0,8660,1.2697470433493052
hardware_session0,8661,0.6122886132281877
hardware_session0,8662,1.525710911031649
hardware_session0,8663,0.7402029716618538
hardware_session0,8664,1.2456826096778828
hardware_session0,8665,1.6216355935090891
hardware_session0,8666,0.6528879625091171
hardware_session0,8667,0.8749705753523318
hardware_session0,8668,1.252917947718034
hardware_session0,8669,1.3067909614312316
hardware_session0,8670,0.6685049621706044
hardware_session0,8671,0.8499282305549589
hardware_session0,8672,0.6009877598346409
hardware_session0,8673,0.5154639458936854
hardware_session0,8674,0.5216654447800366
hardware_session0,8675,1.4645065933049353
hardware_session0,8676,2.457223630070711
hardware_session0,8677,0.9738637311699555
hardware_session0,8678,1.5730423526110744
hardware_session0,8679,0.3530243509072346
hardware_session0,8680,0.9357243762008781
hardware_session0,8681,0.6229175567507252
hardware_session0,8682,1.4183937601138363
hardware_session0,8683,1.1409981391956172
hardware_session0,8684,1.013662737905179
hardware_session0,8685,1.349342541410852
hardware_session0,8686,1.4544052500658478
hardware_session0,8687,1.3282807287379212
hardware_session0,8688,2.058887282112304
hardware_session0,8689,0.5021934313658009
hardware_session0,8690,0.5789141471698425
hardware_session0,8691,0.5065907113521776
hardware_session0,8692,1.4678907487942559
hardware_session0,8693,0.8214962869796951
hardware_session0,8694,1.083018578214546
hardware_session0,8695,1.5858792188909214
hardware_session0,8696,1.659810291804844
hardware_session0,8697,0.653716476675408
hardware_session0,8698,1.5761328849501222
hardware_session0,8699,0.9384743405231974
hardware_session0,8700,1.0866962340332222
hardware_session0,8701,1.4044019574230773
hardware_session0,8702,1.7818609060803292
hardware_session0,8703,1.533054566415055
hardware_session0,8704,1.2058956538515755
hardware_session0,8705,0.6710043712970007
hardware_session0,8706,0.6063876468795801
hardware_session0,8707,1.736328643913142
hardware_session0,8708,1.3926844126784235
hardware_session0,8709,0.8328333545100212
hardware_session0,8710,1.2006019169686948
hardware_session0,8711,1.4229145869023194
hardware_session0,8712,1.5293776422492067
hardware_session0,8713,1.20129640346137
hardware_session0,8714,1.16451694837406
hardware_session0,8715,0.5073844909842583
hardware_session0,8716,0.9499409346236106
hardware_session0,8717,1.887456440253015
hardware_session0,8718,1.4346232793101308
hardware_session0,8719,1.4365023046420087
hardware_session0,8720,0.6691958826383212
hardware_session0,8721,0.6146619659110149
hardware_session0,8722,1.2191010394569568
hardware_session0,8723,0.7566867164758606
hardware_session0,8724,1.0845779013522967
hardware_session0,8725,0.49916980788711185
hardware_session0,8726,1.787598629068849
hardware_session0,8727,0.7296677805140731
hardware_session0,8728,0.5268356830494043
hardware_session0,8729,0.7962630418798667
hardware_session0,8730,1.2974864003372986
hardware_session0,8731,0.44222448016028826
hardware_session0,8732,1.5296542175648158
hardware_session0,8733,0.7854778884291863
hardware_session0,8734,1.1485863155950566
hardware_session0,8735,0.6577307702930841
hardware_session0,8736,1.0420949575487846
hardware_session0,8737,0.7712797476170424
hardware_session0,8738,1.1443421114873797
hardware_session0,8739,0.7489015034541397
hardware_session0,8740,0.38895551686741464
hardware_session0,8741,0.8208509081158539
hardware_session0,8742,1.8552740678360342
hardware_session0,8743,0.6316203337493107
hardware_session0,8744,0.9911468667899485
hardware_session0,8745,1.0035176622097164
hardware_session0,8746,1.8540753855506011
hardware_session0,8747,0.608014988965762
hardware_session0,8748,1.365553580898869
hardware_session0,8749,0.9442632524603178
hardware_session0,8750,2.048844336556468
hardware_session0,8751,0.5797966096657499
hardware_session0,8752,0.29011482381969506
hardware_session0,8753,0.7996633211539659
hardware_session0,8754,0.7430536337812338
hardware_session0,8755,0.3981618448504928
hardware_session0,8756,1.291331175132099
hardware_session0,8757,0.5180408972110627
hardware_session0,8758,0.6503054098106756
hardware_session0,8759,0.7241365944398523
hardware_session0,8760,0.8894818487441795
hardware_session0,8761,1.8099506426911753
hardware_session0,8762,1.7130252798273082
hardware_session0,8763,0.8619144403579291
hardware_session0,8764,0.4422876340735622
hardware_session0,8765,0.7754829179294817
hardware_session0,8766,1.1232606078920182
hardware_session0,8767,0.8316611490317249
hardware_session0,8768,1.0944749394415676
hardware_session0,8769,1.4655662538384768
hardware_session0,8770,1.2297826975200281
hardware_session0,8771,0.7260403383924179
hardware_session0,8772,0.5592538517112715
hardware_session0,8773,0.800504734515658
hardware_session0,8774,1.925045067400259
hardware_session0,8775,0.804305006604719
hardware_session0,8776,0.777463743740947
hardware_session0,8777,0.47014673949005614
hardware_session0,8778,1.0661599854273376
hardware_session0,8779,1.7058832377409052
hardware_session0,8780,1.8181197544074954
hardware_session0,8781,0.7968749431393988
hardware_session0,8782,1.0019690167516566
hardware_session0,8783,1.518641153388854
hardware_session0,8784,1.3786239388515371
hardware_session0,8785,0.7903846882663971
hardware_session0,8786,0.9719445232771211
hardware_session0,8787,0.8067433102985785
hardware_session0,8788,0.5533115171808484
hardware_session0,8789,0.4600316429828245
hardware_session0,8790,0.7875785533809975
hardware_session0,8791,0.9874617246359175
hardware_session0,8792,0.9207421220939237
hardware_session0,8793,1.5434819166094476
hardware_session0,8794,1.5401308162947054
hardware_session0,8795,1.306373384562486
hardware_session0,8796,0.9732239702449753
hardware_session0,8797,1.3087079394059975
hardware_session0,8798,1.0800128434651837
hardware_session0,8799,1.0836292294845697
hardware_session0,8800,1.170188669730864
hardware_session0,8801,0.8384598787349011
hardware_session0,8802,0.9177520318009059
hardware_session0,8803,1.4336823767232418
hardware_session0,8804,1.0340836780213025
hardware_session0,8805,1.7807116901815863
hardware_session0,8806,0.5680907889054179
hardware_session0,8807,0.5544939380513957
hardware_session0,8808,1.525570023715267
hardware_session0,8809,0.7264321397608223
hardware_session0,8810,1.4916408645396033
hardware_session0,8811,2.1734916363405676
hardware_session0,8812,1.0541953853142136
hardware_session0,8813,0.9410639065692745
hardware_session0,8814,2.358248330168443
hardware_session0,8815,0.8232519172698032
hardware_session0,8816,0.5504349473476626
hardware_session0,8817,1.6611611642079984
hardware_session0,8818,0.9678302233667991
hardware_session0,8819,1.1771630649739626
hardware_session0,8820,0.5634208307287238
hardware_session0,8821,1.064039527368501
hardware_session0,8822,0.8016131527510936
hardware_session0,8823,1.9462073524136538
hardware_session0,8824,0.8657943108310031
hardware_session0,8825,1.2544083039491718
hardware_session0,8826,0.8703727789163552
hardware_session0,8827,1.0068517240442902
hardware_session0,8828,0.5379147772517155
hardware_session0,8829,0.6328752250302115
hardware_session0,8830,1.1732331543293595
hardware_session0,8831,1.0666350514708312
hardware_session0,8832,0.5730653997271434
hardware_session0,8833,1.3908898844071131
hardware_session0,8834,0.7244378575101034
hardware_session0,8835,1.0841794835327978
hardware_session0,8836,0.9563683633810606
hardware_session0,8837,0.5901408907285004
hardware_session0,8838,1.2754166198343395
hardware_session0,8839,1.1630129532022988
hardware_session0,8840,1.8967646451376732
hardware_session0,8841,0.8639615671828041
hardware_session0,8842,1.3660409625148349
hardware_session0,8843,0.9093118439633311
hardware_session0,8844,0.6549686799575537
hardware_session0,8845,0.8056501194683149
hardware_session0,8846,1.4371563950825224
hardware_session0,8847,0.8927041487929334
hardware_session0,8848,2.092223166928091
hardware_session0,8849,0.6328931897036767
hardware_session0,8850,1.2998703265326674
hardware_session0,8851,0.5428326843882482
hardware_session0,8852,1.0651270246959212
hardware_session0,8853,0.6876247675142855
hardware_session0,8854,2.1899379054287933
hardware_session0,8855,0.7519637759669983
hardware_session0,8856,0.9531153285763314
hardware_session0,8857,1.8662952848262675
hardware_session0,8858,1.2164819045935473
hardware_session0,8859,1.5245219656874933
hardware_session0,8860,1.3101612191894525
hardware_session0,8861,1.7488908883334071
hardware_session0,8862,1.0066340152956608
hardware_session0,8863,0.8867486544213341
hardware_session0,8864,1.287436968003544
hardware_session0,8865,1.023986455647056
hardware_session0,8866,1.6747504657827244
hardware_session0,8867,1.583376420691338
hardware_session0,8868,1.0274019478448106
hardware_session0,8869,0.26670855631611834
hardware_session0,8870,0.46972973635481063
hardware_session0,8871,0.6586155472483409
hardware_session0,8872,0.6827282938402188
hardware_session0,8873,1.6107514548144002
hardware_session0,8874,0.8997054292213462
hardware_session0,8875,2.361303224713141
hardware_session0,8876,1.7111492757360462
hardware_session0,8877,0.9435918764606156
hardware_session0,8878,0.3389139311273035
hardware_session0,8879,0.7624542024426295
hardware_session0,8880,1.305204759006111
hardware_session0,8881,1.2148665793030653
hardware_session0,8882,1.2709538553990767
hardware_session0,8883,0.9190847069480962
hardware_session0,8884,1.0070842827507953
hardware_session0,8885,1.9176261325523616
hardware_session0,8886,0.6422915808469607
hardware_session0,8887,0.5816843875427617
hardware_session0,8888,1.4955639064407895
hardware_session0,8889,1.1150221477998834
hardware_session0,8890,1.3102452472225996
hardware_session0,8891,0.8494803640677359
hardware_session0,8892,1.24781399999143
hardware_session0,8893,1.1444517018166467
hardware_session0,8894,0.5507293142195057
hardware_session0,8895,0.9813416636582426
hardware_session0,8896,0.7033879736384948
hardware_session0,8897,1.2781654766333426
hardware_session0,8898,0.8082902232718885
hardware_session0,8899,0.5292402924675844
hardware_session0,8900,0.4851811447451722
hardware_session0,8901,1.85292393466978
hardware_session0,8902,1.1518920573828928
hardware_session0,8903,1.918661920781235
hardware_session0,8904,0.436858459521119
hardware_session0,8905,1.3497871070111034
hardware_session0,8906,0.9612243889280432
hardware_session0,8907,1.004907982699128
hardware_session0,8908,2.005589638464932
hardware_session0,8909,1.5071871780013177
hardware_session0,8910,0.5569400715630768
hardware_session0,8911,0.9681372389279848
hardware_session0,8912,1.1372920578466958
hardware_session0,8913,1.3556931336741294
hardware_session0,8914,1.2070246205939483
hardware_session0,8915,1.927128606461417
hardware_session0,8916,0.9960292473343608
hardware_session0,8917,1.1808732064598553
hardware_session0,8918,0.7844679047318416
hardware_session0,8919,0.9305865731325199
hardware_session0,8920,1.0579109425974569
hardware_session0,8921,1.3909077260765506
hardware_session0,8922,0.9419217855664631
hardware_session0,8923,1.3350297660072308
hardware_session0,8924,1.6830372362732906
hardware_session0,8925,1.5378712056234762
hardware_session0,8926,0.662968476461118
hardware_session0,8927,0.9101480066779724
hardware_session0,8928,0.8473517970633587
hardware_session0,8929,3.935328649464767
hardware_session0,8930,2.4209870550676134
hardware_session0,8931,2.632448304233779
hardware_session0,8932,0.5024914818393825
hardware_session0,8933,2.5563979862013904
hardware_session0,8934,0.8378056569536358
hardware_session0,8935,0.613901559819633
hardware_session0,8936,0.7757624083384367
hardware_session0,8937,1.9546947170085636
hardware_session0,8938,0.7482743160669992
hardware_session0,8939,0.6776388256186213
hardware_session0,8940,2.759269996616528
hardware_session0,8941,0.6710181074031716
hardware_session0,8942,0.9543789903842733
hardware_session0,8943,0.794225187737532
hardware_session0,8944,0.9200069715739125
hardware_session0,8945,1.1796743391401052
hardware_session0,8946,1.4607767379694607
hardware_session0,8947,0.5946866672812579
hardware_session0,8948,0.5199251011625763
hardware_session0,8949,0.7141254993933637
hardware_session0,8950,0.8900569999939342
hardware_session0,8951,1.4680446607956823
hardware_session0,8952,1.9960440971794176
hardware_session0,8953,0.8174224776545402
hardware_session0,8954,1.464196594909436
hardware_session0,8955,0.7441877351003569
hardware_session0,8956,1.2827764710787275
hardware_session0,8957,1.9417434615468687
hardware_session0,8958,0.5576893110987897
hardware_session0,8959,0.6684788880355299
hardware_session0,8960,1.5456822051518377
hardware_session0,8961,0.8569613862405304
hardware_session0,8962,0.9676468004586781
hardware_session0,8963,0.6485787306362152
hardware_session0,8964,1.9356380533531676
hardware_session0,8965,1.0429451236511265
hardware_session0,8966,0.4931518070539215
hardware_session0,8967,1.0447025410384516
hardware_session0,8968,2.080464574936812
hardware_session0,8969,0.7165740420177958
hardware_session0,8970,0.6345243051150292
hardware_session0,8971,1.2676285222812491
hardware_session0,8972,1.1148232702377283
hardware_session0,8973,1.086074578674008
hardware_session0,8974,0.4966485370650987
hardware_session0,8975,1.8379836766972262
hardware_session0,8976,0.6519534292557224
hardware_session0,8977,0.9419462391395116
hardware_session0,8978,0.9265258414481353
hardware_session0,8979,0.7721894597654304
hardware_session0,8980,0.561309827885066
hardware_session0,8981,0.4894624643460293
hardware_session0,8982,1.7082058023819606
hardware_session0,8983,0.6096335924697053
hardware_session0,8984,0.7768027749026125
hardware_session0,8985,0.9928794092879787
hardware_session0,8986,1.8569782992889663
hardware_session0,8987,1.0181274378826937
hardware_session0,8988,2.3827304223971617
hardware_session0,8989,0.486263972590261
hardware_session0,8990,0.41637204961263496
hardware_session0,8991,0.9215695396079521
hardware_session0,8992,0.5602252342439641
hardware_session0,8993,0.6975227145903748
hardware_session0,8994,1.3603936495950464
hardware_session0,8995,1.8059562271125356
hardware_session0,8996,0.46292138979069886
hardware_session0,8997,0.8886109743774663
hardware_session0,8998,1.5263573518184845
hardware_session0,8999,1.2353103696568684
hardware_session0,9000,0.570938981577639
hardware_session0,9001,0.9946433433808323
hardware_session0,9002,0.6695634424933389
hardware_session0,9003,0.9896282045635568
hardware_session0,9004,0.5175281440274643
hardware_session0,9005,1.1571675249105722
hardware_session0,9006,2.2989636672528464
hardware_session0,9007,1.4331274576845154
hardware_session0,9008,1.4779778173526055
hardware_session0,9009,1.675102190023683
hardware_session0,9010,0.39601004625701824
hardware_session0,9011,0.7111682536945035
hardware_session0,9012,0.9656690187995901
hardware_session0,9013,0.5124807178912314
hardware_session0,9014,0.6265559485311047
hardware_session0,9015,1.7089614525480943
hardware_session0,9016,0.8396450227427367
hardware_session0,9017,1.3728736652305105
hardware_session0,9018,1.3812023655720216
hardware_session0,9019,0.7741858940803266
hardware_session0,9020,1.783885791830582
hardware_session0,9021,1.3952915441464437
hardware_session0,9022,1.0710911488791235
hardware_session0,9023,1.3372656312832507
hardware_session0,9024,0.7376038124286234
hardware_session0,9025,0.8904602853502956
hardware_session0,9026,1.13508868853712
hardware_session0,9027,0.5470784877394124
hardware_session0,9028,1.3837390835081893
hardware_session0,9029,1.350929606448608
hardware_session0,9030,1.3047467825778005
hardware_session0,9031,0.8676977601380834
hardware_session0,9032,0.40972213987708633
hardware_session0,9033,1.2979957369906525
hardware_session0,9034,1.1952792601110194
hardware_session0,9035,0.6831374276899262
hardware_session0,9036,0.7007056742739014
hardware_session0,9037,1.4733979116805438
hardware_session0,9038,0.6274812124199374
hardware_session0,9039,1.1493082850675642
hardware_session0,9040,0.8171728681776036
hardware_session0,9041,0.8814582430828569
hardware_session0,9042,2.0513833579225333
hardware_session0,9043,0.45403006046183936
hardware_session0,9044,2.1792792132506373
hardware_session0,9045,1.606343103591912
hardware_session0,9046,2.1512784972683865
hardware_session0,9047,0.45670259114433887
hardware_session0,9048,0.6721181870920916
hardware_session0,9049,1.6772098751974673
hardware_session0,9050,0.7263445192608187
hardware_session0,9051,1.3235168031245548
hardware_session0,9052,1.5076079813676917
hardware_session0,9053,0.68471609540092
hardware_session0,9054,0.6207823520750482
hardware_session0,9055,1.8685973485912117
hardware_session0,9056,2.186081154831213
hardware_session0,9057,1.021613986977772
hardware_session0,9058,0.7197850358949929
hardware_session0,9059,0.8518634380561652
hardware_session0,9060,0.6716408332898081
hardware_session0,9061,0.7184350628079629
hardware_session0,9062,0.757056652303458
hardware_session0,9063,0.5373347890532395
hardware_session0,9064,0.565205880679343
hardware_session0,9065,1.107987355399066
hardware_session0,9066,1.6514268754860981
hardware_session0,9067,1.1223550022071365
hardware_session0,9068,2.0167027176054315
hardware_session0,9069,1.0434658329671258
hardware_session0,9070,1.112848478261538
hardware_session0,9071,0.884199132114553
hardware_session0,9072,1.4403647153246746
hardware_session0,9073,1.4364647750824524
hardware_session0,9074,1.0008756148169393
hardware_session0,9075,1.7353722626235584
hardware_session0,9076,1.493179758032023
hardware_session0,9077,1.7925753214710511
hardware_session0,9078,0.5012748559901161
hardware_session0,9079,2.492076833413271
hardware_session0,9080,0.6165469914788526
hardware_session0,9081,1.070001129354205
hardware_session0,9082,1.1527139909166169
hardware_session0,9083,1.194824514076322
hardware_session0,9084,0.613128381503017
hardware_session0,9085,0.5300541742737073
hardware_session0,9086,0.472805447172426
hardware_session0,9087,0.6924862365117592
hardware_session0,9088,1.1017965469788897
hardware_session0,9089,0.6600578723476477
hardware_session0,9090,2.2618011089983114
hardware_session0,9091,0.9180392886924504
hardware_session0,9092,1.8740550782202958
hardware_session0,9093,0.7370097945220986
hardware_session0,9094,0.8078658375642543
hardware_session0,9095,0.9761180998459407
hardware_session0,9096,0.9611991524485141
hardware_session0,9097,1.7417887753660202
hardware_session0,9098,1.6671798013182506
hardware_session0,9099,1.4473606224970808
hardware_session0,9100,0.681535343975223
hardware_session0,9101,0.7398962560871882
hardware_session0,9102,1.9450393529107797
hardware_session0,9103,0.7839521434130681
hardware_session0,9104,1.1531507839299895
hardware_session0,9105,1.4691585939536065
hardware_session0,9106,1.5364836492138163
hardware_session0,9107,1.1132156863151954
hardware_session0,9108,0.9914288583272075
hardware_session0,9109,0.5000631372521546
hardware_session0,9110,0.7262752656743665
hardware_session0,9111,0.7580908319671428
hardware_session0,9112,1.1911447010461302
hardware_session0,9113,3.5453058296887754
hardware_session0,9114,0.7291616491540239
hardware_session0,9115,1.9016953135239256
hardware_session0,9116,2.180163027014176
hardware_session0,9117,2.3160384944921963
hardware_session0,9118,0.888024215224048
hardware_session0,9119,0.8336887851828462
hardware_session0,9120,1.0013531108848048
hardware_session0,9121,2.6662449355153957
hardware_session0,9122,1.4247200025264397
hardware_session0,9123,0.7241500799555921
hardware_session0,9124,1.4473524262985584
hardware_session0,9125,1.2510396187125774
hardware_session0,9126,0.9384403521791427
hardware_session0,9127,0.909547810990275
hardware_session0,9128,0.47553524865416485
hardware_session0,9129,0.5974034260969481
hardware_session0,9130,0.8843036288566073
hardware_session0,9131,0.7803718412225473
hardware_session0,9132,0.8423537118109466
hardware_session0,9133,0.4536525475871996
hardware_session0,9134,1.7580599721105243
hardware_session0,9135,1.3918998432577794
hardware_session0,9136,1.6830972898793846
hardware_session0,9137,1.4371313340554415
hardware_session0,9138,1.20703924761178
hardware_session0,9139,0.563141946506843
hardware_session0,9140,1.377921778101628
hardware_session0,9141,0.8259990446777343
hardware_session0,9142,1.5278473149326586
hardware_session0,9143,0.3945789765845321
hardware_session0,9144,0.9323137994335704
hardware_session0,9145,1.6367822753510648
hardware_session0,9146,1.4841278430222282
hardware_session0,9147,0.7885041814163499
hardware_session0,9148,1.2211119667578776
hardware_session0,9149,1.4051431164771888
hardware_session0,9150,2.0102900053970694
hardware_session0,9151,0.5495388221046543
hardware_session0,9152,0.465053279332034
hardware_session0,9153,0.8316386400998723
hardware_session0,9154,1.0348859185723283
hardware_session0,9155,0.732246120142088
hardware_session0,9156,1.7989562119874771
hardware_session0,9157,1.268525606473275
hardware_session0,9158,0.765843689270495
hardware_session0,9159,0.726185434791072
hardware_session0,9160,1.197170615724243
hardware_session0,9161,0.5855692581632755
hardware_session0,9162,0.6807373146017024
hardware_session0,9163,2.803200433680318
hardware_session0,9164,1.8596027255189003
hardware_session0,9165,1.2203408844482468
hardware_session0,9166,0.7335956480341191
hardware_session0,9167,0.7834788124465989
hardware_session0,9168,1.942342886855498
hardware_session0,9169,1.7056266884153508
hardware_session0,9170,0.9340333682023266
hardware_session0,9171,0.8055254961604686
hardware_session0,9172,1.5026807457864848
hardware_session0,9173,0.4854612044343304
hardware_session0,9174,0.6824622519354292
hardware_session0,9175,1.8806301489346433
hardware_session0,9176,1.2907606924783948
hardware_session0,9177,0.5562551248808505
hardware_session0,9178,0.7567176184197518
hardware_session0,9179,1.4746983505133326
hardware_session0,9180,1.7102499669761364
hardware_session0,9181,0.7539966784919054
hardware_session0,9182,1.5326881252436522
hardware_session0,9183,1.2240044532767447
hardware_session0,9184,1.3013170071617817
hardware_session0,9185,1.2885323095694972
hardware_session0,9186,1.4251845224681765
hardware_session0,9187,1.2846029139486972
hardware_session0,9188,1.609999551342506
hardware_session0,9189,1.0488260163529477
hardware_session0,9190,0.6497905681946798
hardware_session0,9191,1.2121116638258558
hardware_session0,9192,0.754031137347555
hardware_session0,9193,1.7976903641656854
hardware_session0,9194,0.7534598575926187
hardware_session0,9195,1.622614565415474
hardware_session0,9196,0.6710442470332092
hardware_session0,9197,0.8000148426484792
hardware_session0,9198,0.8259884069510465
hardware_session0,9199,0.6717195847190203
hardware_session0,9200,1.8587083065112386
hardware_session0,9201,0.5104597499280134
hardware_session0,9202,1.8015043125480352
hardware_session0,9203,0.5650329883866692
hardware_session0,9204,0.6985113199929174
hardware_session0,9205,0.7755426632646334
hardware_session0,9206,1.4614356696057194
hardware_session0,9207,1.6987087971434125
hardware_session0,9208,0.4869229886453272
hardware_session0,9209,0.6905754685269192
hardware_session0,9210,0.8047236354887222
hardware_session0,9211,0.6999130082468094
hardware_session0,9212,0.7601329610618998
hardware_session0,9213,2.0399359704665536
hardware_session0,9214,0.6517945893348073
hardware_session0,9215,1.7581096026910419
hardware_session0,9216,0.8576281781629205
hardware_session0,9217,1.9291463545630354
hardware_session0,9218,0.4701075094930505
hardware_session0,9219,1.0673068730809874
hardware_session0,9220,0.5270220314381557
hardware_session0,9221,0.9014929963488282
hardware_session0,9222,0.795448356898375
hardware_session0,9223,1.316821724698285
hardware_session0,9224,0.8010735850507529
hardware_session0,9225,0.764646429630444
hardware_session0,9226,1.8813057576193866
hardware_session0,9227,1.1773048565814648
hardware_session0,9228,1.5569773764634165
hardware_session0,9229,1.2912777739876786
hardware_session0,9230,1.7837084451421135
hardware_session0,9231,0.9812218804089624
hardware_session0,9232,1.0479355185227817
hardware_session0,9233,1.132948884029684
hardware_session0,9234,1.2014911710050504
hardware_session0,9235,0.6169617376650105
hardware_session0,9236,1.0706475095109669
hardware_session0,9237,1.2307458971931153
hardware_session0,9238,1.4547018054670202
hardware_session0,9239,0.9591031369855739
hardware_session0,9240,1.1196586259710106
hardware_session0,9241,0.7053598340348562
hardware_session0,9242,1.3988756227292942
hardware_session0,9243,0.9323300077972746
hardware_session0,9244,1.2849965956549367
hardware_session0,9245,1.2651739618472722
hardware_session0,9246,0.7126319636753812
hardware_session0,9247,1.7394572871895233
hardware_session0,9248,0.3475838966552432
hardware_session0,9249,0.3960119869811168
hardware_session0,9250,1.1806321075881325
hardware_session0,9251,0.5972533692835359
hardware_session0,9252,0.4984785737669132
hardware_session0,9253,0.9020150120032202
hardware_session0,9254,2.0524453818499873
hardware_session0,9255,0.8424315877449954
hardware_session0,9256,0.6206501827414433
hardware_session0,9257,1.081685141633821
hardware_session0,9258,0.4259052875408856
hardware_session0,9259,1.3619794415001298
hardware_session0,9260,0.37889808116742507
hardware_session0,9261,0.6982125483843118
hardware_session0,9262,1.6212667293267489
hardware_session0,9263,1.5019263090945016
hardware_session0,9264,0.8258645288378555
hardware_session0,9265,1.563277375714126
hardware_session0,9266,1.229263807361613
hardware_session0,9267,0.5756718666486008
hardware_session0,9268,1.4803336660531217
hardware_session0,9269,1.6158892541368377
hardware_session0,9270,0.8035161544701198
hardware_session0,9271,0.8054942402662545
hardware_session0,9272,0.7340574571706266
hardware_session0,9273,1.0516267079592834
hardware_session0,9274,0.6652633393275537
hardware_session0,9275,0.6742151943048799
hardware_session0,9276,0.8934810503638022
hardware_session0,9277,0.6564998889149544
hardware_session0,9278,0.38244080526839125
hardware_session0,9279,0.5167803939060527
hardware_session0,9280,0.8038462699147004
hardware_session0,9281,1.1483471644134131
hardware_session0,9282,1.005286663236004
hardware_session0,9283,0.5202975487311927
hardware_session0,9284,1.9724689436422043
hardware_session0,9285,0.42693850739587746
hardware_session0,9286,1.6377863354958342
hardware_session0,9287,0.7894248906322362
hardware_session0,9288,1.2364043108392986
hardware_session0,9289,0.9026178973852653
hardware_session0,9290,1.6546035850267367
hardware_session0,9291,1.1992877616491153
hardware_session0,9292,1.7053920653846377
hardware_session0,9293,0.7854738709541664
hardware_session0,9294,0.6058813783276128
hardware_session0,9295,1.7651033086631844
hardware_session0,9296,0.7346309530849275
hardware_session0,9297,0.6425052118101378
hardware_session0,9298,1.0581768533198763
hardware_session0,9299,0.5510854705627254
hardware_session0,9300,1.006201219677401
hardware_session0,9301,1.0409531640330705
hardware_session0,9302,2.9035185878250576
hardware_session0,9303,1.218998741371883
hardware_session0,9304,0.7965730568822169
hardware_session0,9305,1.5895946755023007
hardware_session0,9306,0.5371442091635252
hardware_session0,9307,1.596937570115322
hardware_session0,9308,0.7374642835956617
hardware_session0,9309,1.2149730066748634
hardware_session0,9310,0.4618523050959276
hardware_session0,9311,1.0161417956171845
hardware_session0,9312,0.7568117189506415
hardware_session0,9313,0.7552922183191375
hardware_session0,9314,1.2742069432668373
hardware_session0,9315,1.2686243249455198
hardware_session0,9316,1.6728913576150635
hardware_session0,9317,1.0324006591520172
hardware_session0,9318,1.4289173737222698
hardware_session0,9319,0.6093691409009994
hardware_session0,9320,1.0189771343041467
hardware_session0,9321,2.3296550225538257
hardware_session0,9322,0.62028408662635
hardware_session0,9323,1.3062689254604463
hardware_session0,9324,1.1183813067352766
hardware_session0,9325,1.4206177696439781
hardware_session0,9326,1.1681191744445214
hardware_session0,9327,0.8056014425808956
hardware_session0,9328,1.7888339944414131
hardware_session0,9329,1.1248317077963084
hardware_session0,9330,1.5499986777246544
hardware_session0,9331,0.9500300121747274
hardware_session0,9332,1.2472907956932122
hardware_session0,9333,0.7089270401585985
hardware_session0,9334,1.162307630504635
hardware_session0,9335,0.8851526245571477
hardware_session0,9336,2.41144361518678
hardware_session0,9337,0.7761127967603108
hardware_session0,9338,0.8369582036229674
hardware_session0,9339,1.2919910523624327
hardware_session0,9340,0.7463327515700179
hardware_session0,9341,0.5686441009000855
hardware_session0,9342,2.001543335599192
hardware_session0,9343,1.5602063785099414
hardware_session0,9344,1.0014457603593256
hardware_session0,9345,1.9789889713678708
hardware_session0,9346,0.667795200829213
hardware_session0,9347,0.663876628537947
hardware_session0,9348,0.9745171393527071
hardware_session0,9349,0.5175089613523185
hardware_session0,9350,1.534145544436447
hardware_session0,9351,1.3111580543288386
hardware_session0,9352,0.7561332676056426
hardware_session0,9353,0.4152065941933448
hardware_session0,9354,1.0668673743348651
hardware_session0,9355,0.5880745831159555
hardware_session0,9356,1.0974257671110337
hardware_session0,9357,1.087147463512479
hardware_session0,9358,0.6866976398566087
hardware_session0,9359,0.645503141877459
hardware_session0,9360,0.9257177698577281
hardware_session0,9361,1.3854709397394867
hardware_session0,9362,1.0981629463902993
hardware_session0,9363,1.0059004844587374
hardware_session0,9364,0.9114373690919156
hardware_session0,9365,1.9857787768886312
hardware_session0,9366,0.8656989849231281
hardware_session0,9367,0.7985291059409556
hardware_session0,9368,1.9474940857213985
hardware_session0,9369,0.7324965627541375
hardware_session0,9370,0.4798548843937002
hardware_session0,9371,1.495900785632243
hardware_session0,9372,1.102019906244252
hardware_session0,9373,0.7122254492513386
hardware_session0,9374,2.0292728820207175
hardware_session0,9375,0.582425800541004
hardware_session0,9376,0.6715743796103144
hardware_session0,9377,0.9366467033265835
hardware_session0,9378,0.9073412619855409
hardware_session0,9379,0.6037794374239164
hardware_session0,9380,0.5493652666773985
hardware_session0,9381,0.7921398800677655
hardware_session0,9382,1.3984068614228897
hardware_session0,9383,1.2158878680579261
hardware_session0,9384,1.5700213726529384
hardware_session0,9385,0.6715908282636576
hardware_session0,9386,0.9342852788666246
hardware_session0,9387,0.6889152990620847
hardware_session0,9388,0.6672301935913013
hardware_session0,9389,1.5172310280951347
hardware_session0,9390,1.3823964914724922
hardware_session0,9391,1.4903203104142362
hardware_session0,9392,1.4564548826701875
hardware_session0,9393,0.8536374041382514
hardware_session0,9394,1.1600147941075587
hardware_session0,9395,1.0563724119800226
hardware_session0,9396,1.540267300693453
hardware_session0,9397,0.7941370259289727
hardware_session0,9398,0.7742571145992645
hardware_session0,9399,0.8494479208798642
hardware_session0,9400,0.6501477247555068
hardware_session0,9401,1.9271505446627755
hardware_session0,9402,0.8358654628533415
hardware_session0,9403,1.6532751046543508
hardware_session0,9404,0.716252710940876
hardware_session0,9405,0.5769635781560014
hardware_session0,9406,0.8387807030121784
hardware_session0,9407,0.46377328953209396
hardware_session0,9408,1.215035497752629
hardware_session0,9409,2.1340003281281508
hardware_session0,9410,0.9814525185986054
hardware_session0,9411,0.7302052102399232
hardware_session0,9412,2.1554562252064504
hardware_session0,9413,2.066652057877752
hardware_session0,9414,0.9489666652876403
hardware_session0,9415,1.3624849871084568
hardware_session0,9416,1.5130482107612926
hardware_session0,9417,0.8790698326838707
hardware_session0,9418,0.4928806755266773
hardware_session0,9419,1.3511846680273445
hardware_session0,9420,0.6793971778341767
hardware_session0,9421,0.8090423071130809
hardware_session0,9422,0.9931317599896268
hardware_session0,9423,1.622024002565136
hardware_session0,9424,1.8436891253491998
hardware_session0,9425,1.6014393137415748
hardware_session0,9426,1.625619555316425
hardware_session0,9427,0.5134137038441312
hardware_session0,9428,0.9639293451001311
hardware_session0,9429,1.4594272579035878
hardware_session0,9430,1.9798610627611697
hardware_session0,9431,0.378456369252326
hardware_session0,9432,1.9826771120163342
hardware_session0,9433,1.4690342737858793
hardware_session0,9434,0.6621422060601836
hardware_session0,9435,0.8011198781183979
hardware_session0,9436,1.864042806350251
hardware_session0,9437,0.7690286342484096
hardware_session0,9438,0.8469192208359368
hardware_session0,9439,0.5726639206338116
hardware_session0,9440,0.7260455763421191
hardware_session0,9441,0.5657681418878389
hardware_session0,9442,1.416602015562874
hardware_session0,9443,1.5620631592504568
hardware_session0,9444,1.0130047955123136
hardware_session0,9445,0.5936081928718403
hardware_session0,9446,0.49758928381246503
hardware_session0,9447,1.1746462721692177
hardware_session0,9448,3.48821645945792
hardware_session0,9449,0.8726035417665765
hardware_session0,9450,1.3079559490595718
hardware_session0,9451,1.327949071451517
hardware_session0,9452,0.7950313505387285
hardware_session0,9453,1.325103518820003
hardware_session0,9454,1.6068693230902142
hardware_session0,9455,1.3454496743480593
hardware_session0,9456,1.3001424287302326
hardware_session0,9457,0.686225569544865
hardware_session0,9458,0.6584739929018554
hardware_session0,9459,1.7321075465645646
hardware_session0,9460,0.7100035112220983
hardware_session0,9461,0.6059869342605155
hardware_session0,9462,0.8175649879254787
hardware_session0,9463,0.9633758256745835
hardware_session0,9464,1.2056797329058537
hardware_session0,9465,1.090154973615283
hardware_session0,9466,1.4345102653586497
hardware_session0,9467,0.7202626581039894
hardware_session0,9468,0.521811679681337
hardware_session0,9469,0.7357242027663263
hardware_session0,9470,1.1929924319692737
hardware_session0,9471,1.8344377374845413
hardware_session0,9472,0.8148422909822778
hardware_session0,9473,0.7005470045733438
hardware_session0,9474,0.962931270730087
hardware_session0,9475,1.2622402990404562
hardware_session0,9476,0.6532823466145369
hardware_session0,9477,0.9644478526896606
hardware_session0,9478,1.3663090112240857
hardware_session0,9479,0.5058767639004877
hardware_session0,9480,1.7366729565545753
hardware_session0,9481,2.0420542793259875
hardware_session0,9482,1.5489327364331789
hardware_session0,9483,0.8483530637675336
hardware_session0,9484,1.1283195629210618
hardware_session0,9485,1.680069703232279
hardware_session0,9486,1.1966157638202046
hardware_session0,9487,1.124927653247136
hardware_session0,9488,0.6693616072625905
hardware_session0,9489,0.897190775013363
hardware_session0,9490,1.3463871477489462
hardware_session0,9491,0.736162697074425
hardware_session0,9492,0.9898870597997149
hardware_session0,9493,1.0825348428654957
hardware_session0,9494,1.892614198523224
hardware_session0,9495,1.9021932403137969
hardware_session0,9496,0.7029675933317315
hardware_session0,9497,1.4826272638442597
hardware_session0,9498,1.134857454621915
hardware_session0,9499,1.2955631967089976
hardware_session0,9500,0.7813992755756481
hardware_session0,9501,0.8825031111822591
hardware_session0,9502,1.186840947087405
hardware_session0,9503,1.4606756873709552
hardware_session0,9504,0.9778261618077431
hardware_session0,9505,2.322967604480734
hardware_session0,9506,1.388343338980802
hardware_session0,9507,1.0100723856340879
hardware_session0,9508,0.9773202609897786
hardware_session0,9509,0.4658360116571797
hardware_session0,9510,0.6110802210164414
hardware_session0,9511,1.2192934048878024
hardware_session0,9512,1.8226605603379484
hardware_session0,9513,2.113201852391615
hardware_session0,9514,1.8653774409062818
hardware_session0,9515,1.2459097296326234
hardware_session0,9516,0.7557357888072785
hardware_session0,9517,1.418997874375218
hardware_session0,9518,1.6101716865555369
hardware_session0,9519,1.2032335925349984
hardware_session0,9520,1.6261972792456318
hardware_session0,9521,1.2649507530596145
hardware_session0,9522,1.5570343702823666
hardware_session0,9523,0.8187366937282149
hardware_session0,9524,0.689124473911734
hardware_session0,9525,1.239176932497042
hardware_session0,9526,1.206591623776393
hardware_session0,9527,0.9746654576923839
hardware_session0,9528,0.992728914739375
hardware_session0,9529,0.4514065770516286
hardware_session0,9530,0.5725519982587738
hardware_session0,9531,0.6427468957791411
hardware_session0,9532,0.9834144572225633
hardware_session0,9533,0.8170106683622679
hardware_session0,9534,1.947560277647859
hardware_session0,9535,0.8852942507705277
hardware_session0,9536,0.8081567196482549
hardware_session0,9537,0.41723362160738087
hardware_session0,9538,1.3112644907015167
hardware_session0,9539,2.3220317489174573
hardware_session0,9540,0.8368386680539693
hardware_session0,9541,0.5129111603645121
hardware_session0,9542,1.1499890270465616
hardware_session0,9543,0.8571731501443532
hardware_session0,9544,0.9406597640992552
hardware_session0,9545,2.075793309405361
hardware_session0,9546,1.9345293437013844
hardware_session0,9547,0.5046981540393597
hardware_session0,9548,1.4597680505067074
hardware_session0,9549,0.7857253664459735
hardware_session0,9550,0.506190167065588
hardware_session0,9551,1.142203746206966
hardware_session0,9552,0.863531135048705
hardware_session0,9553,1.3419013808513245
hardware_session0,9554,0.5562532210169562
hardware_session0,9555,1.0753137115405171
hardware_session0,9556,1.2236174511756464
hardware_session0,9557,0.5963451734853981
hardware_session0,9558,0.8857944340969219
hardware_session0,9559,0.6745740311096627
hardware_session0,9560,0.9816637163791412
hardware_session0,9561,0.9826842711707602
hardware_session0,9562,0.6979648521909858
hardware_session0,9563,1.2556894628155701
hardware_session0,9564,0.7808603189450488
hardware_session0,9565,1.1701477909279039
hardware_session0,9566,1.6918366459352745
hardware_session0,9567,2.2316596747271036
hardware_session0,9568,0.7021522946790915
hardware_session0,9569,2.166268494917436
hardware_session0,9570,2.7425820613325955
hardware_session0,9571,2.0093252626010316
hardware_session0,9572,0.38754831071685714
hardware_session0,9573,1.3638045853691272
hardware_session0,9574,0.5940900838217178
hardware_session0,9575,1.6965658289133014
hardware_session0,9576,1.5386992547323264
hardware_session0,9577,1.4785648784168688
hardware_session0,9578,0.5599702510199812
hardware_session0,9579,1.0502432123771506
hardware_session0,9580,0.9519740076847361
hardware_session0,9581,0.8302251542793452
hardware_session0,9582,1.4896123326669015
hardware_session0,9583,0.8578187163898795
hardware_session0,9584,0.6203705652265491
hardware_session0,9585,1.4261467854095877
hardware_session0,9586,0.3309283170281492
hardware_session0,9587,1.1296709985006677
hardware_session0,9588,1.6816509464994243
hardware_session0,9589,1.4373724908797323
hardware_session0,9590,0.7892632334638168
hardware_session0,9591,0.5252716617605534
hardware_session0,9592,0.8771745306886768
hardware_session0,9593,1.2678040345436512
hardware_session0,9594,1.1931106831078515
hardware_session0,9595,0.9464059762651362
hardware_session0,9596,1.2993899354824068
hardware_session0,9597,0.6651657658171748
hardware_session0,9598,1.1192426200467613
hardware_session0,9599,1.9108050702574813
hardware_session0,9600,1.0718615175111958
hardware_session0,9601,0.8022843479392961
hardware_session0,9602,1.4021358412456038
hardware_session0,9603,0.6006964801873838
hardware_session0,9604,0.6971862793780678
hardware_session0,9605,0.9350382223885594
hardware_session0,9606,0.9106665971549425
hardware_session0,9607,1.2465461784228111
hardware_session0,9608,1.0799722269792582
hardware_session0,9609,1.3429483858195062
hardware_session0,9610,0.428988623124773
hardware_session0,9611,1.2800150321774024
hardware_session0,9612,0.3443103467733318
hardware_session0,9613,0.7938576757833992
hardware_session0,9614,1.4454468189571135
hardware_session0,9615,0.45303003041277207
hardware_session0,9616,0.6733456732764762
hardware_session0,9617,1.3066239360823597
hardware_session0,9618,0.8144041719687289
hardware_session0,9619,1.3813061411416752
hardware_session0,9620,1.3634909891462395
hardware_session0,9621,0.9359341653035504
hardware_session0,9622,1.2106111010248277
hardware_session0,9623,1.601815892598206
hardware_session0,9624,1.4868315355450696
hardware_session0,9625,1.1712879014547524
hardware_session0,9626,1.0282480195622494
hardware_session0,9627,2.4587434729510904
hardware_session0,9628,0.8738552753855671
hardware_session0,9629,1.3700023866964324
hardware_session0,9630,0.3986781887694291
hardware_session0,9631,0.7588492488057502
hardware_session0,9632,0.4267053689087883
hardware_session0,9633,0.7877621700519838
hardware_session0,9634,1.765775854779705
hardware_session0,9635,1.4994151530732902
hardware_session0,9636,0.8569479897917318
hardware_session0,9637,1.5394848741982106
hardware_session0,9638,1.2716554485946945
hardware_session0,9639,1.7470940176856842
hardware_session0,9640,0.6331206271003207
hardware_session0,9641,1.062305822851089
hardware_session0,9642,0.4282566132882299
hardware_session0,9643,0.651511476190448
hardware_session0,9644,1.85002748166358
hardware_session0,9645,0.8707731855959534
hardware_session0,9646,1.1011970843893104
hardware_session0,9647,0.5748512062655711
hardware_session0,9648,0.342936022102323
hardware_session0,9649,1.2640531359923302
hardware_session0,9650,1.6444385920083322
hardware_session0,9651,1.2656738447107825
hardware_session0,9652,0.9875584734358088
hardware_session0,9653,0.6820396183335722
hardware_session0,9654,0.8194348165563023
hardware_session0,9655,0.7383931849788079
hardware_session0,9656,1.2619702048699146
hardware_session0,9657,1.324226974105964
hardware_session0,9658,0.814274274830475
hardware_session0,9659,0.9296793078245935
hardware_session0,9660,0.7110596609216127
hardware_session0,9661,0.894007416422533
hardware_session0,9662,1.7268936329635958
hardware_session0,9663,1.7744444036669
hardware_session0,9664,1.160793624300019
hardware_session0,9665,0.9547230732430827
hardware_session0,9666,1.1543104030495661
hardware_session0,9667,1.5217307989269873
hardware_session0,9668,0.448542626812009
hardware_session0,9669,0.47652629447714434
hardware_session0,9670,1.2098029322115667
hardware_session0,9671,1.6858602167141972
hardware_session0,9672,0.4760684490248671
hardware_session0,9673,0.8150068312143026
hardware_session0,9674,1.3562184295406317
hardware_session0,9675,0.5602516016038909
hardware_session0,9676,1.6399338771592082
hardware_session0,9677,0.6670918758637493
hardware_session0,9678,0.9181780833996941
hardware_session0,9679,1.206470029967029
hardware_session0,9680,1.0744973071610966
hardware_session0,9681,1.0601331956236903
hardware_session0,9682,1.5784001383201087
hardware_session0,9683,1.4469613566554285
hardware_session0,9684,0.8816406705121734
hardware_session0,9685,0.6202791107994785
hardware_session0,9686,1.0421347179141274
hardware_session0,9687,0.8697900654014749
hardware_session0,9688,1.845015552988107
hardware_session0,9689,1.1092981880105448
hardware_session0,9690,2.0692353062370983
hardware_session0,9691,0.36847304205606224
hardware_session0,9692,0.7905401279223698
hardware_session0,9693,0.4187372395652413
hardware_session0,9694,0.5339802708543225
hardware_session0,9695,0.9163617291135157
hardware_session0,9696,1.8972579177198525
hardware_session0,9697,1.495806255336426
hardware_session0,9698,0.8881751736837996
hardware_session0,9699,1.5756458095571089
hardware_session0,9700,1.8221224318047249
hardware_session0,9701,0.6041847318906233
hardware_session0,9702,1.6360671816492784
hardware_session0,9703,0.6426499231366563
hardware_session0,9704,1.2157499937781333
hardware_session0,9705,1.1240250553582813
hardware_session0,9706,1.5014720728662276
hardware_session0,9707,0.7531395227753617
hardware_session0,9708,2.04707795602111
hardware_session0,9709,1.3728757118761687
hardware_session0,9710,2.097422507443906
hardware_session0,9711,1.4705759575744006
hardware_session0,9712,0.45582097687845635
hardware_session0,9713,1.655791095130251
hardware_session0,9714,0.8388181458341212
hardware_session0,9715,0.8777435609024704
hardware_session0,9716,1.4872217312354532
hardware_session0,9717,0.9500016140909356
hardware_session0,9718,0.6619350587026362
hardware_session0,9719,0.8207946043155003
hardware_session0,9720,0.6359587960800028
hardware_session0,9721,1.6256506223994664
hardware_session0,9722,2.033030693348803
hardware_session0,9723,0.8364298104084179
hardware_session0,9724,1.7458310059753934
hardware_session0,9725,1.238871322079898
hardware_session0,9726,0.7339407271178383
hardware_session0,9727,1.3095580974472143
hardware_session0,9728,0.8131947615937968
hardware_session0,9729,1.5646170685983636
hardware_session0,9730,0.4185331647466779
hardware_session0,9731,0.7365376470466997
hardware_session0,9732,1.9406395288891904
hardware_session0,9733,1.0178489838326052
hardware_session0,9734,0.6985825939157394
hardware_session0,9735,1.13980640123357
hardware_session0,9736,1.3499490667213587
hardware_session0,9737,1.7517237827241106
hardware_session0,9738,1.0906825500955055
hardware_session0,9739,1.8159133254606816
hardware_session0,9740,0.7166749857323592
hardware_session0,9741,1.4940738006533663
hardware_session0,9742,0.5092036281748885
hardware_session0,9743,1.1269590985124265
hardware_session0,9744,1.0892418209135715
hardware_session0,9745,1.342692539085361
hardware_session0,9746,0.6322403053033037
hardware_session0,9747,1.8065750798915865
hardware_session0,9748,1.1098358128415478
hardware_session0,9749,0.8516180110994809
hardware_session0,9750,0.5605740034365223
hardware_session0,9751,0.7781668119382086
hardware_session0,9752,1.0901226868376015
hardware_session0,9753,2.4237720819480852
hardware_session0,9754,1.6401051721793456
hardware_session0,9755,0.3958374739456277
hardware_session0,9756,0.7850046417559347
hardware_session0,9757,0.9809476654426168
hardware_session0,9758,0.633260494466316
hardware_session0,9759,1.2153393173317595
hardware_session0,9760,1.1260423898509846
hardware_session0,9761,0.6405646834482208
hardware_session0,9762,0.8022756482518563
hardware_session0,9763,1.0964346260400228
hardware_session0,9764,1.2091261473769919
hardware_session0,9765,0.8744080514004179
hardware_session0,9766,1.7084199801349524
hardware_session0,9767,0.5434359294009657
hardware_session0,9768,0.8762418580096418
hardware_session0,9769,1.6698961508535692
hardware_session0,9770,0.8365219168202025
hardware_session0,9771,1.1469688148707506
hardware_session0,9772,1.4321040162418608
hardware_session0,9773,0.40852476896249246
hardware_session0,9774,1.7177576991476813
hardware_session0,9775,1.0248446690813426
hardware_session0,9776,1.2635081608824648
hardware_session0,9777,2.0569705309562623
hardware_session0,9778,2.318481643655607
hardware_session0,9779,1.0114635766429767
hardware_session0,9780,1.597050398198566
hardware_session0,9781,0.3720245243906127
hardware_session0,9782,2.5412301732394376
hardware_session0,9783,1.3490055176523115
hardware_session0,9784,0.5101492389624148
hardware_session0,9785,1.3983045170937867
hardware_session0,9786,0.7822685787949158
hardware_session0,9787,2.011639448269264
hardware_session0,9788,2.4062543912752967
hardware_session0,9789,0.6687035247848322
hardware_session0,9790,0.9676650617203126
hardware_session0,9791,1.1560914887036202
hardware_session0,9792,0.7472555904634276
hardware_session0,9793,0.9368414109198316
hardware_session0,9794,0.5021930743919731
hardware_session0,9795,0.7282103739005845
hardware_session0,9796,1.6936415999945613
hardware_session0,9797,0.850821169352956
hardware_session0,9798,1.5404005412916824
hardware_session0,9799,0.8098061749427121
hardware_session0,9800,1.497664059990623
hardware_session0,9801,2.152747129038669
hardware_session0,9802,0.9592745661220561
hardware_session0,9803,0.9441884089355909
hardware_session0,9804,2.2940685221137893
hardware_session0,9805,0.672141869449478
hardware_session0,9806,0.7054132566505763
hardware_session0,9807,1.148775844781039
hardware_session0,9808,1.3530968062951967
hardware_session0,9809,0.5626435870399527
hardware_session0,9810,2.3437015450203673
hardware_session0,9811,0.5633887561279106
hardware_session0,9812,1.4621629748473468
hardware_session0,9813,0.5112588606192211
hardware_session0,9814,1.0294538122186088
hardware_session0,9815,0.9574665759111249
hardware_session0,9816,0.48100594394829543
hardware_session0,9817,1.3820316531356105
hardware_session0,9818,0.9607690116461349
hardware_session0,9819,1.1060429087126165
hardware_session0,9820,2.467320068638043
hardware_session0,9821,0.737363585041861
hardware_session0,9822,0.8024613361715105
hardware_session0,9823,0.8705095625915062
hardware_session0,9824,0.9660568891677274
hardware_session0,9825,1.4195441243912341
hardware_session0,9826,1.6025983142974731
hardware_session0,9827,1.2751954378710397
hardware_session0,9828,0.4940494945613793
hardware_session0,9829,1.486340137164532
hardware_session0,9830,1.940676421999234
hardware_session0,9831,0.8614820860081346
hardware_session0,9832,1.69537713038158
hardware_session0,9833,0.9407926113294146
hardware_session0,9834,0.7820855540295846
hardware_session0,9835,1.5418081343117853
hardware_session0,9836,1.210392627013223
hardware_session0,9837,1.0346039968942466
hardware_session0,9838,1.3790851659418282
hardware_session0,9839,0.5128127372744521
hardware_session0,9840,0.7488930847446442
hardware_session0,9841,1.0923257573134013
hardware_session0,9842,1.1885875100727339
hardware_session0,9843,0.5651202185530114
hardware_session0,9844,1.2114372532058393
hardware_session0,9845,1.1256017753704926
hardware_session0,9846,2.0674109725029
hardware_session0,9847,1.210597782260054
hardware_session0,9848,1.1671511385063984
hardware_session0,9849,0.7418578236769194
hardware_session0,9850,1.598794688458581
hardware_session0,9851,0.41002705236639614
hardware_session0,9852,0.8752961251479517
hardware_session0,9853,0.6525410675728036
hardware_session0,9854,1.1504030535120902
hardware_session0,9855,1.4310996633360669
hardware_session0,9856,0.7823386619866936
hardware_session0,9857,0.5079582308442263
hardware_session0,9858,0.6543886877728504
hardware_session0,9859,2.3478390055122693
hardware_session0,9860,2.081539228945129
hardware_session0,9861,1.812009865935841
hardware_session0,9862,0.9485941002736543
hardware_session0,9863,1.1254912121349505
hardware_session0,9864,1.2291079262357318
hardware_session0,9865,1.2782539926672287
hardware_session0,9866,1.5229989159342194
hardware_session0,9867,1.2305402236770813
hardware_session0,9868,2.0545903957514495
hardware_session0,9869,0.5636486398454175
hardware_session0,9870,1.5816426363822402
hardware_session0,9871,0.7223388125759698
hardware_session0,9872,0.656887894785888
hardware_session0,9873,0.5056246746700973
hardware_session0,9874,1.389300223971725
hardware_session0,9875,1.101915179005397
hardware_session0,9876,1.9135519997833712
hardware_session0,9877,0.6001024026450347
hardware_session0,9878,0.5175730696970294
hardware_session0,9879,0.3102294951925928
hardware_session0,9880,1.2478789608663585
hardware_session0,9881,1.2029139896284795
hardware_session0,9882,1.4421593484994637
hardware_session0,9883,0.8056197223071072
hardware_session0,9884,0.7844116478689399
hardware_session0,9885,1.4565398592293535
hardware_session0,9886,0.6301690804662479
hardware_session0,9887,1.7449286654854534
hardware_session0,9888,0.5855511624915197
hardware_session0,9889,1.2305439572517647
hardware_session0,9890,1.5683211521047877
hardware_session0,9891,0.7412790933309792
hardware_session0,9892,1.4108196408691156
hardware_session0,9893,0.33774777905154313
hardware_session0,9894,0.7923829939024578
hardware_session0,9895,0.575329867625804
hardware_session0,9896,0.7808603189450488
hardware_session0,9897,0.704282756446126
hardware_session0,9898,1.5534424170103096
hardware_session0,9899,1.4109646205871482
hardware_session0,9900,0.7162475303717971
hardware_session0,9901,1.099741294347956
hardware_session0,9902,0.5589298818040324
hardware_session0,9903,0.9364084846840802
hardware_session0,9904,0.8224938588312588
hardware_session0,9905,1.5156875578743754
hardware_session0,9906,0.782360361290754
hardware_session0,9907,0.7058114925644058
hardware_session0,9908,1.8607620029806962
hardware_session0,9909,0.5716458201159402
hardware_session0,9910,1.2455533937061982
hardware_session0,9911,0.8826846216169669
hardware_session0,9912,0.47084958142041955
hardware_session0,9913,0.628220287366459
hardware_session0,9914,1.5947990785086092
hardware_session0,9915,1.2635474260167336
hardware_session0,9916,1.7746052619965735
hardware_session0,9917,0.3569121992300593
hardware_session0,9918,1.431173477301119
hardware_session0,9919,1.3948644911137418
hardware_session0,9920,1.1679231683404436
hardware_session0,9921,1.1089429667969184
hardware_session0,9922,1.047655894799815
hardware_session0,9923,0.6364231451835358
hardware_session0,9924,0.5494085211147562
hardware_session0,9925,0.7831520179504368
hardware_session0,9926,0.6839222996958548
hardware_session0,9927,1.0670115098435802
hardware_session0,9928,1.8013084654649112
hardware_session0,9929,0.3685983464535801
hardware_session0,9930,0.3468626194764429
hardware_session0,9931,0.802503789340135
hardware_session0,9932,0.5966171778172566
hardware_session0,9933,0.6281130940967014
hardware_session0,9934,1.1145685053848546
hardware_session0,9935,1.8561326936910167
hardware_session0,9936,1.7479695275405067
hardware_session0,9937,0.711834120176841
hardware_session0,9938,2.083859387547328
hardware_session0,9939,0.5537003936475421
hardware_session0,9940,0.8202811852660037
hardware_session0,9941,1.5588604343935848
hardware_session0,9942,1.285210800923338
hardware_session0,9943,1.0611427635573603
hardware_session0,9944,0.530569906758346
hardware_session0,9945,1.2561003935757542
hardware_session0,9946,0.9683738757835049
hardware_session0,9947,0.7892615022330614
hardware_session0,9948,0.6415538878783299
hardware_session0,9949,1.1890637274874805
hardware_session0,9950,0.6064644732999503
hardware_session0,9951,0.9018096408422647
hardware_session0,9952,1.336295671957174
hardware_session0,9953,1.1835402284584058
hardware_session0,9954,0.9142922294571151
hardware_session0,9955,1.958497073288133
hardware_session0,9956,0.5470034626767672
hardware_session0,9957,0.5336214671835496
hardware_session0,9958,0.6343657619764883
hardware_session0,9959,0.5755315928076882
hardware_session0,9960,0.5662570560293684
hardware_session0,9961,2.0540038626590684
hardware_session0,9962,0.8828349196042296
hardware_session0,9963,0.5960445934486364
hardware_session0,9964,1.5756954114688186
hardware_session0,9965,0.6066906571321343
hardware_session0,9966,1.3236757606028748
hardware_session0,9967,1.2748251474304122
hardware_session0,9968,1.0175487456220351
hardware_session0,9969,1.7350022484281393
hardware_session0,9970,0.9565234711589884
hardware_session0,9971,0.7051021203522069
hardware_session0,9972,0.6548607450069284
hardware_session0,9973,1.6904254897175166
hardware_session0,9974,2.395235903429799
hardware_session0,9975,1.2998486501889952
hardware_session0,9976,0.826101251530955
hardware_session0,9977,0.7975596057510078
hardware_session0,9978,1.6561400441300496
hardware_session0,9979,2.224756575248992
hardware_session0,9980,1.0116974173140967
hardware_session0,9981,0.7269861107545706
hardware_session0,9982,0.7949250257745091
hardware_session0,9983,0.8570010068476799
hardware_session0,9984,2.1905321438688454
hardware_session0,9985,1.7789295902536038
hardware_session0,9986,0.5660979694153557
hardware_session0,9987,0.8379240511524189
hardware_session0,9988,0.7915567956459759
hardware_session0,9989,1.2824509349386806
hardware_session0,9990,0.41380864302748116
hardware_session0,9991,0.8265668779655488
hardware_session0,9992,0.9310020192269011
hardware_session0,9993,0.9059440455916474
hardware_session0,9994,1.321145971516383
hardware_session0,9995,1.1795102265150583
hardware_session0,9996,0.7605918614764474
hardware_session0,9997,0.6005348494450166
hardware_session0,9998,0.9474628615619123
hardware_session0,9999,0.4860040465678737
hardware_session0,10000,0.734441359619222
hardware_session0,10001,1.5092555133686878
hardware_session0,10002,0.7243606900105258
hardware_session0,10003,1.1349045298053166
hardware_session0,10004,1.0808616905904793
hardware_session0,10005,1.4407083746507063
hardware_session0,10006,0.8941580895838686
hardware_session0,10007,0.5799599297727985
hardware_session0,10008,1.0102053770222348
hardware_session0,10009,1.1077134822290087
hardware_session0,10010,1.2183315956784921
hardware_session0,10011,0.7862951967476615
hardware_session0,10012,1.063658764268921
hardware_session0,10013,0.9592337085710725
hardware_session0,10014,1.1069897613117972
hardware_session0,10015,1.7409810984290977
hardware_session0,10016,1.30081042592069
hardware_session0,10017,1.9838303003673032
hardware_session0,10018,0.8136581608956457
hardware_session0,10019,1.4031931756287876
hardware_session0,10020,2.725108228656114
hardware_session0,10021,1.5076360974933811
hardware_session0,10022,1.3094053415134317
hardware_session0,10023,1.4135926118335702
hardware_session0,10024,1.739925840117664
hardware_session0,10025,1.9551296287421485
hardware_session0,10026,0.40985278939409836
hardware_session0,10027,0.7185001654319945
hardware_session0,10028,1.4187874007266568
hardware_session0,10029,1.121715268691274
hardware_session0,10030,0.4621931138014959
hardware_session0,10031,1.8836151306761562
hardware_session0,10032,0.7838607055770928
hardware_session0,10033,1.337598916900607
hardware_session0,10034,0.7715573284266504
hardware_session0,10035,0.8419343896741612
hardware_session0,10036,1.0498868148106575
hardware_session0,10037,1.4694504183151513
hardware_session0,10038,0.5331133794823284
hardware_session0,10039,0.8996798404766765
hardware_session0,10040,0.9603752996571783
hardware_session0,10041,0.6087785293987404
hardware_session0,10042,1.2067672028338767
hardware_session0,10043,1.0278845296881125
hardware_session0,10044,1.7260198602719292
hardware_session0,10045,1.057655454161044
hardware_session0,10046,1.0593590998390572
hardware_session0,10047,1.1411064561956106
hardware_session0,10048,0.8711373710400445
hardware_session0,10049,0.547459965300943
hardware_session0,10050,1.1480677569915956
hardware_session0,10051,2.3423059139845
hardware_session0,10052,1.60677027283282
hardware_session0,10053,0.9689023124009712
hardware_session0,10054,0.6246099011443642
hardware_session0,10055,0.8754698758242155
hardware_session0,10056,1.8642319846504383
hardware_session0,10057,0.8367801191983294
hardware_session0,10058,1.2254093732454165
hardware_session0,10059,2.0131434713351544
hardware_session0,10060,1.3029333288311835
hardware_session0,10061,1.5911525294262432
hardware_session0,10062,0.4536047417633817
hardware_session0,10063,0.4572851948049733
hardware_session0,10064,0.7664987962921589
hardware_session0,10065,2.281263927412598
hardware_session0,10066,1.1864115043485333
hardware_session0,10067,0.9728098160900049
hardware_session0,10068,1.0776022881624807
hardware_session0,10069,1.0653524396030525
hardware_session0,10070,0.5108912130205517
hardware_session0,10071,0.9007034084137127
hardware_session0,10072,1.491000085499594
hardware_session0,10073,0.9738789268141937
hardware_session0,10074,0.6020383804478299
hardware_session0,10075,1.1978711868397878
hardware_session0,10076,1.2785998406598413
hardware_session0,10077,1.4729756101539315
hardware_session0,10078,1.5051264910308189
hardware_session0,10079,0.6313594254833893
hardware_session0,10080,2.071569589355722
hardware_session0,10081,0.5983456116959354
hardware_session0,10082,1.8964547086470454
hardware_session0,10083,2.631430229376921
hardware_session0,10084,1.0984776840776285
hardware_session0,10085,1.2657538038115637
hardware_session0,10086,1.214904381782308
hardware_session0,10087,0.6384521201298392
hardware_session0,10088,0.5750860991803963
hardware_session0,10089,1.3380102403239988
hardware_session0,10090,0.9325450477108387
hardware_session0,10091,1.7309010466286352
hardware_session0,10092,0.7234790268585526
hardware_session0,10093,2.19037898290262
hardware_session0,10094,1.0208041979054114
hardware_session0,10095,2.6185185394280306
hardware_session0,10096,0.7327705295818939
hardware_session0,10097,1.1253863887581534
hardware_session0,10098,1.618751720931763
hardware_session0,10099,0.6754358606153394
hardware_session0,10100,1.5889649067845106
hardware_session0,10101,0.4573269584629059
hardware_session0,10102,0.7065709548121799
hardware_session0,10103,1.0505764927179597
hardware_session0,10104,0.7553416917866027
hardware_session0,10105,1.180874310007855
hardware_session0,10106,0.7765586042080138
hardware_session0,10107,0.7827613443461948
hardware_session0,10108,0.5825489558792372
hardware_session0,10109,1.1458370437275787
hardware_session0,10110,1.3651002906296155
hardware_session0,10111,0.8953729705694745
hardware_session0,10112,0.7150388197065
hardware_session0,10113,1.1682310327739398
hardware_session0,10114,1.326725105653069
hardware_session0,10115,1.1901647959222723
hardware_session0,10116,0.7817986394091756
hardware_session0,10117,0.34850456244128747
hardware_session0,10118,0.8445376252012539
hardware_session0,10119,0.9681359341451465
hardware_session0,10120,0.9031268327876849
hardware_session0,10121,0.7815780697836682
hardware_session0,10122,1.3362841660357563
hardware_session0,10123,0.6726825947521806
hardware_session0,10124,0.7122340338988103
hardware_session0,10125,0.9921435200384503
hardware_session0,10126,1.0981142718203374
hardware_session0,10127,0.5801564639778084
hardware_session0,10128,1.0137238282339718
hardware_session0,10129,1.7439811157505578
hardware_session0,10130,0.9135070942559813
hardware_session0,10131,1.8264370587209946
hardware_session0,10132,0.37438189082552475
hardware_session0,10133,0.5343332855878327
hardware_session0,10134,0.6503533507570263
hardware_session0,10135,1.3081510484435124
hardware_session0,10136,1.880417112438079
hardware_session0,10137,0.8843959254024674
hardware_session0,10138,0.8710284475119302
hardware_session0,10139,0.7631674964622626
hardware_session0,10140,0.8713806113873336
hardware_session0,10141,0.7217560079876281
hardware_session0,10142,2.03003599963808
hardware_session0,10143,2.0067128794886235
hardware_session0,10144,0.9907147097044485
hardware_session0,10145,1.2813193237549048
hardware_session0,10146,1.4589481718386728
hardware_session0,10147,1.1693482354132156
hardware_session0,10148,0.9263917350167024
hardware_session0,10149,1.0127199657286379
hardware_session0,10150,1.6795998904336642
hardware_session0,10151,0.32361143862439534
hardware_session0,10152,0.7507841255072819
hardware_session0,10153,0.5355108231233046
hardware_session0,10154,0.6336337725108944
hardware_session0,10155,1.1139123829276547
hardware_session0,10156,0.7578361872190325
hardware_session0,10157,0.4505659787183122
hardware_session0,10158,1.1968754785319464
hardware_session0,10159,1.085554594442079
hardware_session0,10160,1.6786790962953924
hardware_session0,10161,0.6410171274993879
hardware_session0,10162,2.0234229237242127
hardware_session0,10163,1.8790086720100214
hardware_session0,10164,1.067261577224167
hardware_session0,10165,0.8097295122120513
hardware_session0,10166,1.0594330109557988
hardware_session0,10167,1.1972387416246102
hardware_session0,10168,1.3405581907317854
hardware_session0,10169,1.504619562579891
hardware_session0,10170,2.2414700943163117
hardware_session0,10171,1.0701333510987927
hardware_session0,10172,1.2628091376726152
hardware_session0,10173,1.5693294993675788
hardware_session0,10174,0.6734871702233849
hardware_session0,10175,1.5967864544196337
hardware_session0,10176,1.0168276188059053
hardware_session0,10177,2.5222376561655198
hardware_session0,10178,0.9392806887690689
hardware_session0,10179,0.6417031066146096
hardware_session0,10180,1.2018791156227944
hardware_session0,10181,0.8636203229636283
hardware_session0,10182,0.33684920885657
hardware_session0,10183,0.43799334760020137
hardware_session0,10184,0.4596838338923272
hardware_session0,10185,0.9710276595323947
hardware_session0,10186,1.6346269168847303
hardware_session0,10187,1.1286417826254074
hardware_session0,10188,0.8070593898969785
hardware_session0,10189,0.8345981367006162
hardware_session0,10190,0.8629872873497091
hardware_session0,10191,0.5884421382854553
hardware_session0,10192,2.0038060480124273
hardware_session0,10193,0.8658851818633541
hardware_session0,10194,0.7464899531926773
hardware_session0,10195,2.3552902558579136
hardware_session0,10196,0.6186274135650647
hardware_session0,10197,1.6564838422687087
hardware_session0,10198,1.8300677467112962
hardware_session0,10199,1.1361717691752047
hardware_session0,10200,1.314419148232954
hardware_session0,10201,0.849516609938513
hardware_session0,10202,0.7417380502591381
hardware_session0,10203,0.789338697662388
hardware_session0,10204,1.2134117786640575
hardware_session0,10205,1.5923626458555928
hardware_session0,10206,0.7891882580370915
hardware_session0,10207,1.7948513654362839
hardware_session0,10208,0.7590067862964776
hardware_session0,10209,0.6800774249766129
hardware_session0,10210,1.0272610315986046
hardware_session0,10211,0.6602250299680102
hardware_session0,10212,0.5659852059555943
hardware_session0,10213,0.36519537870611746
hardware_session0,10214,0.8683525932651422
hardware_session0,10215,0.4432799732445193
hardware_session0,10216,1.3036072231767832
hardware_session0,10217,1.0653958659688123
hardware_session0,10218,1.6148928103067535
hardware_session0,10219,1.196170938967683
hardware_session0,10220,0.7252233822783147
hardware_session0,10221,0.6505871103187166
hardware_session0,10222,0.567710872152214
hardware_session0,10223,1.4919204640837147
hardware_session0,10224,1.3391846679271968
hardware_session0,10225,2.4066300281756394
hardware_session0,10226,0.41314598689004955
hardware_session0,10227,0.5807849702318045
hardware_session0,10228,0.7131114947592695
hardware_session0,10229,2.1784164996985127
hardware_session0,10230,0.5012594846064082
hardware_session0,10231,0.706446046567928
hardware_session0,10232,1.4497765286130095
hardware_session0,10233,0.3742805888472846
hardware_session0,10234,1.2692242285361588
hardware_session0,10235,1.5584169120771818
hardware_session0,10236,0.9099757866915986
hardware_session0,10237,1.2584680996358386
hardware_session0,10238,0.7471783904730693
hardware_session0,10239,1.2727586223810057
hardware_session0,10240,0.680004380570675
hardware_session0,10241,1.6465202093005862
hardware_session0,10242,2.365876794245152
hardware_session0,10243,1.2305291946467158
hardware_session0,10244,0.8288994914948336
hardware_session0,10245,0.3948944545448432
hardware_session0,10246,0.584156324181127
hardware_session0,10247,0.8927334133810646
hardware_session0,10248,1.1886232616632424
hardware_session0,10249,0.8272775644188
hardware_session0,10250,1.0998252852903763
hardware_session0,10251,2.0246915112768997
hardware_session0,10252,0.8072243295325341
hardware_session0,10253,2.142662955909212
hardware_session0,10254,0.8168247445238892
hardware_session0,10255,1.1088604510916686
hardware_session0,10256,1.0453497693668736
hardware_session0,10257,0.5614707680026864
hardware_session0,10258,1.275303994193113
hardware_session0,10259,1.193719511614621
hardware_session0,10260,1.1968111568656041
hardware_session0,10261,1.363218150202116
hardware_session0,10262,1.3497645631633586
hardware_session0,10263,1.3069831239720398
hardware_session0,10264,1.2171867109200567
hardware_session0,10265,0.787844885816657
hardware_session0,10266,1.399089148452874
hardware_session0,10267,0.6559763195201452
hardware_session0,10268,0.9760246699926785
hardware_session0,10269,0.6458684289562595
hardware_session0,10270,1.2150287045214665
hardware_session0,10271,1.0566687378690065
hardware_session0,10272,1.1541850603426431
hardware_session0,10273,0.9534469820621642
hardware_session0,10274,1.3290017414009079
hardware_session0,10275,0.7199976887520764
hardware_session0,10276,1.3476263976263003
hardware_session0,10277,2.0262082170863502
hardware_session0,10278,1.633860099959914
hardware_session0,10279,1.1626455430087397
hardware_session0,10280,1.3474659605638803
hardware_session0,10281,1.7461904275917142
hardware_session0,10282,2.2819505976624566
hardware_session0,10283,1.7415075173449241
hardware_session0,10284,2.009271984324778
hardware_session0,10285,1.3913786390176481
hardware_session0,10286,1.1790393314225933
hardware_session0,10287,0.5972627568824606
hardware_session0,10288,0.4445215287638042
hardware_session0,10289,2.4101160465350087
hardware_session0,10290,0.4551264504455802
hardware_session0,10291,0.8234719504809221
hardware_session0,10292,1.8018503366115395
hardware_session0,10293,1.5517753358388866
hardware_session0,10294,0.8478559834527587
hardware_session0,10295,1.5192657711842017
hardware_session0,10296,0.9545736166042299
hardware_session0,10297,0.6128266419626922
hardware_session0,10298,1.2119713426361272
hardware_session0,10299,0.5171659943038366
hardware_session0,10300,1.2385723992057955
hardware_session0,10301,0.5824155113951328
hardware_session0,10302,0.6892649156173717
hardware_session0,10303,1.746486566442276
hardware_session0,10304,0.5361759370670162
hardware_session0,10305,1.2323735084794147
hardware_session0,10306,1.5702669787407884
hardware_session0,10307,2.4481019057111277
hardware_session0,10308,1.016446618274954
hardware_session0,10309,0.9592841819953248
hardware_session0,10310,1.5127161265294358
hardware_session0,10311,1.4432390882827695
hardware_session0,10312,0.7466692778882161
hardware_session0,10313,0.4633154436325081
hardware_session0,10314,1.7927378810078214
hardware_session0,10315,1.5876354008850468
hardware_session0,10316,0.6986277106458616
hardware_session0,10317,1.0850706024751946
hardware_session0,10318,1.651677996418593
hardware_session0,10319,1.2499975646849915
hardware_session0,10320,0.8630979789464746
hardware_session0,10321,1.19986102495015
hardware_session0,10322,2.0551914742014046
hardware_session0,10323,0.9193668291684619
hardware_session0,10324,1.0543883808685584
hardware_session0,10325,0.8471411045425219
hardware_session0,10326,0.8306007141295954
hardware_session0,10327,1.2803695922574125
hardware_session0,10328,1.3795116762832023
hardware_session0,10329,0.7020997829074122
hardware_session0,10330,1.1949039687834637
hardware_session0,10331,0.5544080396796708
hardware_session0,10332,1.8817671746446951
hardware_session0,10333,0.333571039077864
hardware_session0,10334,0.930070740194913
hardware_session0,10335,0.6531724811436982
hardware_session0,10336,0.5732049004093545
hardware_session0,10337,1.5334657377471985
hardware_session0,10338,0.9547031252791016
hardware_session0,10339,0.8930152014468444
hardware_session0,10340,0.8489332093382923
hardware_session0,10341,1.637488804015365
hardware_session0,10342,0.8278995765753118
hardware_session0,10343,0.5584072599142508
hardware_session0,10344,0.7859488085259145
hardware_session0,10345,0.43190174747568594
hardware_session0,10346,0.6384427273083926
hardware_session0,10347,0.6911815070669833
hardware_session0,10348,2.359723716347432
hardware_session0,10349,0.8701910109243084
hardware_session0,10350,1.0250462696723828
hardware_session0,10351,0.7648540893007495
hardware_session0,10352,1.2352250838143475
hardware_session0,10353,0.6855482172047884
hardware_session0,10354,1.7572397715894945
hardware_session0,10355,1.6465287289263337
hardware_session0,10356,0.8054891997115501
hardware_session0,10357,0.44380714794197856
hardware_session0,10358,1.1784204098038942
hardware_session0,10359,1.0731350003333504
hardware_session0,10360,1.0580889895167096
hardware_session0,10361,0.6738926617593212
hardware_session0,10362,0.8309623608171713
hardware_session0,10363,0.6377240081299216
hardware_session0,10364,0.8558177654893471
hardware_session0,10365,1.0844258850364978
hardware_session0,10366,1.4090124538536102
hardware_session0,10367,0.8270678037998276
hardware_session0,10368,1.4145758203658703
hardware_session0,10369,0.6410050110484727
hardware_session0,10370,0.7839843356107854
hardware_session0,10371,2.395553727776673
hardware_session0,10372,0.5335571737962533
hardware_session0,10373,1.7169844647957784
hardware_session0,10374,1.6375659551278294
hardware_session0,10375,2.1530456073962303
hardware_session0,10376,0.582923368118595
hardware_session0,10377,1.1408813395759216
hardware_session0,10378,0.8529425208028009
hardware_session0,10379,1.0911986967374327
hardware_session0,10380,1.1266640989688685
hardware_session0,10381,0.6285569321934463
hardware_session0,10382,1.289298630031549
hardware_session0,10383,2.4849414253450424
hardware_session0,10384,0.5390611738014455
hardware_session0,10385,1.4750371561656803
hardware_session0,10386,0.6009966752531861
hardware_session0,10387,0.8614102611928552
hardware_session0,10388,0.4209722310397623
hardware_session0,10389,0.6869216818145119
hardware_session0,10390,1.3671300931535466
hardware_session0,10391,1.2087432589990026
hardware_session0,10392,1.2110687436676242
hardware_session0,10393,0.6784423998437993
hardware_session0,10394,1.0789473856659706
hardware_session0,10395,0.6580216494690975
hardware_session0,10396,0.5052018131381658
hardware_session0,10397,1.088020146536968
hardware_session0,10398,1.2309462214447142
hardware_session0,10399,0.9197524970135881
hardware_session0,10400,0.9098747392654744
hardware_session0,10401,1.5729548628409498
hardware_session0,10402,2.057814651326172
hardware_session0,10403,1.2208686294121678
hardware_session0,10404,0.6725375555330587
hardware_session0,10405,0.6761236133539806
hardware_session0,10406,1.692792507215528
hardware_session0,10407,1.259113591894086
hardware_session0,10408,1.2677600119685297
hardware_session0,10409,1.0206441937647261
hardware_session0,10410,1.6641573041538587
hardware_session0,10411,2.0374245545628624
hardware_session0,10412,0.9233335011711618
hardware_session0,10413,0.7759489834986112
hardware_session0,10414,0.5982899154156285
hardware_session0,10415,0.9259017903288747
hardware_session0,10416,0.7888988107575298
hardware_session0,10417,1.8288527468996978
hardware_session0,10418,0.5966995260671337
hardware_session0,10419,1.1060309795050265
hardware_session0,10420,1.3350209901994243
hardware_session0,10421,1.5735700646780477
hardware_session0,10422,0.9654312801161887
hardware_session0,10423,0.9583789534373087
hardware_session0,10424,1.2065613622800397
hardware_session0,10425,0.55221178077807
hardware_session0,10426,0.47220737027206205
hardware_session0,10427,0.6733759191462281
hardware_session0,10428,2.2695023196091544
hardware_session0,10429,2.3934450513668852
hardware_session0,10430,0.9976670820157248
hardware_session0,10431,1.4307074049543915
hardware_session0,10432,1.3910556555700795
hardware_session0,10433,0.4395128703812039
hardware_session0,10434,0.5940323932574755
hardware_session0,10435,0.824607123607552
hardware_session0,10436,0.6767131481013903
hardware_session0,10437,0.6503311064470165
hardware_session0,10438,1.4727141624197302
hardware_session0,10439,0.9123913185146028
hardware_session0,10440,0.8693298989271656
hardware_session0,10441,0.6404341785936006
hardware_session0,10442,0.790882132180963
hardware_session0,10443,1.4918979329729896
hardware_session0,10444,1.4381521641100823
hardware_session0,10445,0.9179349523537118
hardware_session0,10446,1.0211456425236378
hardware_session0,10447,0.8763765254269609
hardware_session0,10448,2.3437107873701923
hardware_session0,10449,1.0978178646035852
hardware_session0,10450,0.5923766195018088
hardware_session0,10451,1.122496822393439
hardware_session0,10452,0.8796143865012669
hardware_session0,10453,1.086118262757147
hardware_session0,10454,0.9335667327683348
hardware_session0,10455,1.168022831734948
hardware_session0,10456,1.524826936649402
hardware_session0,10457,1.7772311371344274
hardware_session0,10458,1.7840112910150754
hardware_session0,10459,0.7039400292097693
hardware_session0,10460,0.5896945962037605
hardware_session0,10461,0.8071637108571201
hardware_session0,10462,0.8947419426133025
hardware_session0,10463,0.5455828428663558
hardware_session0,10464,0.4961775843684971
hardware_session0,10465,0.6240332248480608
hardware_session0,10466,1.0316451518374021
hardware_session0,10467,1.3926506629907391
hardware_session0,10468,2.26808061164079
hardware_session0,10469,1.0413512418967479
hardware_session0,10470,0.9181913063136323
hardware_session0,10471,1.170351937103111
hardware_session0,10472,0.6169917786154757
hardware_session0,10473,0.6574969869213044
hardware_session0,10474,0.921147470632219
hardware_session0,10475,0.8155441655506268
hardware_session0,10476,0.8090935939782404
hardware_session0,10477,0.5706181252195924
hardware_session0,10478,0.917579410331124
hardware_session0,10479,1.6761792501744524
hardware_session0,10480,0.9051480217622148
hardware_session0,10481,1.5336256259334293
hardware_session0,10482,1.5193106044747555
hardware_session0,10483,0.7501168255308229
hardware_session0,10484,1.0867624835765666
hardware_session0,10485,0.7252014159570797
hardware_session0,10486,0.755711820738853
hardware_session0,10487,1.2529427947027165
hardware_session0,10488,1.0492996392013834
hardware_session0,10489,2.140050205321498
hardware_session0,10490,0.5698761433374236
hardware_session0,10491,0.6534411850529344
hardware_session0,10492,1.5737990997232807
hardware_session0,10493,1.0867163696363995
hardware_session0,10494,1.1685946600626742
hardware_session0,10495,1.6141101978222356
hardware_session0,10496,0.7100112334861144
hardware_session0,10497,0.6844338781991132
hardware_session0,10498,0.8107482752139685
hardware_session0,10499,0.706427776447149
hardware_session0,10500,1.0298885633007975
hardware_session0,10501,0.756594175269998
hardware_session0,10502,2.137608649044181
hardware_session0,10503,0.4992264705627304
hardware_session0,10504,0.8612897380216661
hardware_session0,10505,0.8076102298217337
hardware_session0,10506,0.8060122993037643
hardware_session0,10507,0.8527976642141398
hardware_session0,10508,1.5684224855277955
hardware_session0,10509,0.37928939812268325
hardware_session0,10510,0.5496514058649645
hardware_session0,10511,1.1243360200549182
hardware_session0,10512,1.9256140279915204
hardware_session0,10513,1.2137822380972065
hardware_session0,10514,1.5654052291241587
hardware_session0,10515,1.9062493903872373
hardware_session0,10516,0.9578696346332674
hardware_session0,10517,0.7899148813281623
hardware_session0,10518,0.5697399580633928
hardware_session0,10519,0.9773985114716986
hardware_session0,10520,1.0019106338857013
hardware_session0,10521,0.8349239196170556
hardware_session0,10522,1.174535600797785
hardware_session0,10523,0.41828683818904255
hardware_session0,10524,0.5938636196457742
hardware_session0,10525,1.838728659493104
hardware_session0,10526,0.5866433891902251
hardware_session0,10527,2.3734643321588655
hardware_session0,10528,0.7069272992902128
hardware_session0,10529,0.7611754675752187
hardware_session0,10530,1.5550457215688176
hardware_session0,10531,0.5108499001886712
hardware_session0,10532,2.274327444080332
hardware_session0,10533,1.9676101278334632
hardware_session0,10534,2.5647128951569345
hardware_session0,10535,0.3773599236771765
hardware_session0,10536,1.5947840235232176
hardware_session0,10537,1.0175912888171403
hardware_session0,10538,1.165848076639591
hardware_session0,10539,0.5598322326459072
hardware_session0,10540,1.8508975090838404
hardware_session0,10541,2.024377602185576
hardware_session0,10542,1.2778579279843565
hardware_session0,10543,0.6659481233764551
hardware_session0,10544,1.0369260890512293
hardware_session0,10545,0.679353144725474
hardware_session0,10546,0.5915713299866996
hardware_session0,10547,0.8081344274983024
hardware_session0,10548,1.7358089940205577
hardware_session0,10549,1.1541879579757892
hardware_session0,10550,0.9104181377148794
hardware_session0,10551,0.4998753267547488
hardware_session0,10552,1.7155081348117713
hardware_session0,10553,1.2696137584685416
hardware_session0,10554,1.272751220229708
hardware_session0,10555,0.662624394442394
hardware_session0,10556,0.8284958726383113
hardware_session0,10557,0.5455618712392388
hardware_session0,10558,0.5622096300568001
hardware_session0,10559,0.7444927629335967
hardware_session0,10560,1.427035384841802
hardware_session0,10561,0.8180535711417872
hardware_session0,10562,0.8042662524287054
hardware_session0,10563,0.9340782926263778
hardware_session0,10564,1.4131073864956332
hardware_session0,10565,2.9042155561561556
hardware_session0,10566,1.7727444230288716
hardware_session0,10567,1.5179778689033694
hardware_session0,10568,1.8536230861014678
hardware_session0,10569,0.9575793926025563
hardware_session0,10570,1.5656180470254124
hardware_session0,10571,1.3599950978363435
hardware_session0,10572,0.8736874265643968
hardware_session0,10573,0.6244761377628473
hardware_session0,10574,1.117790649284416
hardware_session0,10575,0.936968005032206
hardware_session0,10576,0.47927809021510975
hardware_session0,10577,1.3264424118129883
hardware_session0,10578,1.444272375411297
hardware_session0,10579,0.5589261279883495
hardware_session0,10580,1.3986069378020056
hardware_session0,10581,0.4430456365086108
hardware_session0,10582,0.45612111532152283
hardware_session0,10583,2.05540470725539
hardware_session0,10584,1.6589440765639951
hardware_session0,10585,2.149978841140666
hardware_session0,10586,1.8992170494417624
hardware_session0,10587,0.6033930106295315
hardware_session0,10588,1.3172590754142663
hardware_session0,10589,1.6970945787783749
hardware_session0,10590,2.2580573821459793
hardware_session0,10591,1.0626686996113306
hardware_session0,10592,0.7662989145704971
hardware_session0,10593,1.554102360441708
hardware_session0,10594,0.9244716253950114
hardware_session0,10595,0.9929305790848132
hardware_session0,10596,1.8611727680614045
hardware_session0,10597,1.5220612803996791
hardware_session0,10598,1.895471012305762
hardware_session0,10599,0.543692594324422
hardware_session0,10600,1.5659069309640785
hardware_session0,10601,0.6441221869968189
hardware_session0,10602,0.8308533358316126
hardware_session0,10603,0.6763432490190047
hardware_session0,10604,0.47047504286124414
hardware_session0,10605,2.756198500358266
hardware_session0,10606,1.5854294356718124
hardware_session0,10607,1.5345853022615057
hardware_session0,10608,1.9226277635817675
hardware_session0,10609,1.453648407411284
hardware_session0,10610,1.2322464603645904
hardware_session0,10611,1.2456912315730575
hardware_session0,10612,1.6337747446646789
hardware_session0,10613,0.6529094671297527
hardware_session0,10614,1.1238416474608175
hardware_session0,10615,0.6534991241046691
hardware_session0,10616,1.5178434443015612
hardware_session0,10617,0.5721127737092595
hardware_session0,10618,2.759269996616528
hardware_session0,10619,1.7851053747965047
hardware_session0,10620,0.49236470179394837
hardware_session0,10621,1.5777094826204172
hardware_session0,10622,0.608085043496771
hardware_session0,10623,1.548071339871014
hardware_session0,10624,0.4628634027342638
hardware_session0,10625,0.6122291541371235
hardware_session0,10626,1.5356813391885453
hardware_session0,10627,0.9274424015193035
hardware_session0,10628,1.2231843912390319
hardware_session0,10629,0.9985658095312495
hardware_session0,10630,0.5088840938328741
hardware_session0,10631,1.9885206211930397
hardware_session0,10632,0.6274086045839246
hardware_session0,10633,0.6256838691256729
hardware_session0,10634,0.7569033703108168
hardware_session0,10635,0.4229176849398694
hardware_session0,10636,0.6304886150042152
hardware_session0,10637,0.9711030998218838
hardware_session0,10638,1.196711138924789
hardware_session0,10639,1.7684282936616382
hardware_session0,10640,0.6310693747634103
hardware_session0,10641,0.591128893107911
hardware_session0,10642,1.0671421583179215
hardware_session0,10643,1.1426908392491657
hardware_session0,10644,0.8323563256025025
hardware_session0,10645,0.8443311162149946
hardware_session0,10646,1.6074071106208645
hardware_session0,10647,0.5894616198594468
hardware_session0,10648,1.141191750232151
hardware_session0,10649,0.4786236514204934
hardware_session0,10650,1.0221080701238974
hardware_session0,10651,0.959556044398867
hardware_session0,10652,0.791671555967349
hardware_session0,10653,0.7053181842766826
hardware_session0,10654,0.5662750910279963
hardware_session0,10655,0.7712924716677652
hardware_session0,10656,0.8406777615734492
hardware_session0,10657,1.9508258472193425
hardware_session0,10658,1.4917577218797766
hardware_session0,10659,0.6734678656465131
hardware_session0,10660,1.6130666670187885
hardware_session0,10661,0.7063951850139469
hardware_session0,10662,1.22313468955344
hardware_session0,10663,0.49408940957043335
hardware_session0,10664,1.268344291534604
hardware_session0,10665,1.7565554446789142
hardware_session0,10666,1.4903407914467275
hardware_session0,10667,1.8944021847658905
hardware_session0,10668,0.5243254302861704
hardware_session0,10669,0.7648496591332481
hardware_session0,10670,1.2830664463847816
hardware_session0,10671,0.7028184057343237
hardware_session0,10672,1.4154969546290248
hardware_session0,10673,1.4207933291509185
hardware_session0,10674,1.3298562114426329
hardware_session0,10675,0.6379928852424902
hardware_session0,10676,0.5314449829780711
hardware_session0,10677,1.4647207865995688
hardware_session0,10678,1.3926506629907391
hardware_session0,10679,1.6403811804800101
hardware_session0,10680,2.1591171761894894
hardware_session0,10681,1.775418108012451
hardware_session0,10682,1.2010576606468666
hardware_session0,10683,1.114984015469735
hardware_session0,10684,0.603170203529475
hardware_session0,10685,1.0462224364416952
hardware_session0,10686,0.8530782151579224
hardware_session0,10687,1.1387775379021976
hardware_session0,10688,1.053293246167532
hardware_session0,10689,0.8161776784039372
hardware_session0,10690,1.677706080203558
hardware_session0,10691,1.2152767728652234
hardware_session0,10692,1.8584433301545813
hardware_session0,10693,0.4703397997515545
hardware_session0,10694,0.8134955543563965
hardware_session0,10695,0.8709481726803877
hardware_session0,10696,0.6163879827598135
hardware_session0,10697,1.5508332688528368
hardware_session0,10698,0.6600365160241037
hardware_session0,10699,1.795861017719839
hardware_session0,10700,0.43081340136454405
hardware_session0,10701,0.5028374531438131
hardware_session0,10702,0.6281607162495151
hardware_session0,10703,1.558476895228545
hardware_session0,10704,0.7649550742689601
hardware_session0,10705,1.095863401541537
hardware_session0,10706,0.7298177939060586
hardware_session0,10707,1.2619107805375867
hardware_session0,10708,1.0860627228686432
hardware_session0,10709,1.1776859465701235
hardware_session0,10710,1.8977291613013192
hardware_session0,10711,0.8481977269415152
hardware_session0,10712,1.6059362483985058
hardware_session0,10713,0.8485025325474221
hardware_session0,10714,1.2878069292212324
hardware_session0,10715,2.045992369296839
hardware_session0,10716,1.2507072017600425
hardware_session0,10717,0.9092974564776267
hardware_session0,10718,1.1933274521590025
hardware_session0,10719,0.3860235551878518
hardware_session0,10720,1.2428818108236437
hardware_session0,10721,1.0126348842628052
hardware_session0,10722,0.5238155209847849
hardware_session0,10723,0.5603604570260572
hardware_session0,10724,1.2923884459529413
hardware_session0,10725,1.3262253291132904
hardware_session0,10726,1.4188834027269035
hardware_session0,10727,1.1018424237760704
hardware_session0,10728,1.5829854470360674
hardware_session0,10729,1.0440689005838113
hardware_session0,10730,1.0577339650386288
hardware_session0,10731,0.6966663960896529
hardware_session0,10732,1.1446159471520154
hardware_session0,10733,0.7341130986558175
hardware_session0,10734,1.6093068944149729
hardware_session0,10735,1.1824437722491392
hardware_session0,10736,0.8356071641155184
hardware_session0,10737,1.388677652560815
hardware_session0,10738,0.4170079487543793
hardware_session0,10739,1.2261905724455395
hardware_session0,10740,0.8363896459694309
hardware_session0,10741,0.6419651073253082
hardware_session0,10742,1.1345073403358819
hardware_session0,10743,0.5850868595287065
hardware_session0,10744,1.0030264104249031
hardware_session0,10745,0.5284923781673061
hardware_session0,10746,1.5453955363621468
hardware_session0,10747,1.4189772504944544
hardware_session0,10748,0.46314549286620227
hardware_session0,10749,0.5348857504518039
hardware_session0,10750,1.0100371377047912
hardware_session0,10751,0.7275067031329613
hardware_session0,10752,0.8782714709411273
hardware_session0,10753,1.3590625522584032
hardware_session0,10754,1.4090845607750981
hardware_session0,10755,0.6152834903485085
hardware_session0,10756,1.7737736413476766
hardware_session0,10757,0.700644502857222
hardware_session0,10758,0.3827006193337389
hardware_session0,10759,0.5323259052605932
hardware_session0,10760,1.472783044145049
hardware_session0,10761,0.5085520575916501
hardware_session0,10762,0.4476080824371198
hardware_session0,10763,0.783622441473525
hardware_session0,10764,1.6609157600979048
hardware_session0,10765,1.7778923808551819
hardware_session0,10766,0.5349637354721287
hardware_session0,10767,0.7269211239307576
hardware_session0,10768,0.9399305967419166
hardware_session0,10769,0.5173372526696999
hardware_session0,10770,0.7120753429927071
hardware_session0,10771,1.542361068462471
hardware_session0,10772,1.351154817842946
hardware_session0,10773,0.7795145886973428
hardware_session0,10774,0.6736248739350301
hardware_session0,10775,0.5249171883099084
hardware_session0,10776,1.488604334359102
hardware_session0,10777,1.0738465862544937
hardware_session0,10778,1.226919547099908
hardware_session0,10779,1.9899287261780358
hardware_session0,10780,1.7676219532107642
hardware_session0,10781,0.9562876562351599
hardware_session0,10782,0.7744598931890717
hardware_session0,10783,1.2819129275283876
hardware_session0,10784,0.7854523042191228
hardware_session0,10785,1.8931268317971932
hardware_session0,10786,0.7688726167880576
hardware_session0,10787,1.0123408906393598
hardware_session0,10788,0.39509906030398834
hardware_session0,10789,1.7996551449165774
hardware_session0,10790,0.6741501998324197
hardware_session0,10791,0.9591087371365681
hardware_session0,10792,0.32775418032419285
hardware_session0,10793,0.7130843217917083
hardware_session0,10794,0.7157590722229686
hardware_session0,10795,1.6069368299246445
hardware_session0,10796,0.46683592726196826
hardware_session0,10797,0.8276836880102544
hardware_session0,10798,2.405196914183698
hardware_session0,10799,1.8174385196872678
hardware_session0,10800,1.408179400696964
hardware_session0,10801,0.900398008609738
hardware_session0,10802,0.951314028871833
hardware_session0,10803,0.8152395671853252
hardware_session0,10804,0.7248097007237955
hardware_session0,10805,0.7152660926111869
hardware_session0,10806,0.8061893658295537
hardware_session0,10807,2.1263377967797954
hardware_session0,10808,0.38313975656751087
hardware_session0,10809,0.9567708609786556
hardware_session0,10810,1.074349963728078
hardware_session0,10811,1.4282633125616135
hardware_session0,10812,0.6586113705670456
hardware_session0,10813,0.6935328559659723
hardware_session0,10814,1.398164092014048
hardware_session0,10815,0.487777917503464
hardware_session0,10816,1.5928631203843227
hardware_session0,10817,0.3722066643360744
hardware_session0,10818,1.6804429398078868
hardware_session0,10819,0.579850889444011
hardware_session0,10820,0.5426893637295845
hardware_session0,10821,1.8099886654187705
hardware_session0,10822,0.7238536199536884
hardware_session0,10823,1.6059365087897655
hardware_session0,10824,0.705625186667616
hardware_session0,10825,0.9216716008971773
hardware_session0,10826,0.6669652753258254
hardware_session0,10827,0.41727291867430705
hardware_session0,10828,0.9091866909653059
hardware_session0,10829,1.0543876943777812
hardware_session0,10830,1.3636182290040302
hardware_session0,10831,0.3697456545166669
hardware_session0,10832,0.9700007900391021
hardware_session0,10833,1.3987811777032737
hardware_session0,10834,1.8531143839103903
hardware_session0,10835,0.3778748075932699
hardware_session0,10836,0.5651753909129985
hardware_session0,10837,1.5756570073201288
hardware_session0,10838,0.9452442448047302
hardware_session0,10839,0.5077938697993808
hardware_session0,10840,0.6774891854959871
hardware_session0,10841,0.57800846538889
hardware_session0,10842,1.1618545362414021
hardware_session0,10843,0.905195631453691
hardware_session0,10844,1.0552662654514384
hardware_session0,10845,0.39660671679911763
hardware_session0,10846,0.5094484531765328
hardware_session0,10847,0.4867358635307398
hardware_session0,10848,1.924411593835417
hardware_session0,10849,2.3567090284279386
hardware_session0,10850,0.710131721068405
hardware_session0,10851,1.124787496986403
hardware_session0,10852,1.2041528090852496
hardware_session0,10853,0.486473461987165
hardware_session0,10854,1.4835769360324078
hardware_session0,10855,0.6821694604616918
hardware_session0,10856,0.7597583113499938
hardware_session0,10857,0.7486929596086782
hardware_session0,10858,1.011389988889199
hardware_session0,10859,0.5429080780796433
hardware_session0,10860,1.6204817030830736
hardware_session0,10861,0.7047141165826633
hardware_session0,10862,1.0641664298639228
hardware_session0,10863,0.8215564561663107
hardware_session0,10864,3.313222779161606
hardware_session0,10865,0.7773606570879447
hardware_session0,10866,0.8656705568484809
hardware_session0,10867,1.9128234063577105
hardware_session0,10868,0.8572515324178501
hardware_session0,10869,0.5620834168952913
hardware_session0,10870,0.5235443512704723
hardware_session0,10871,1.184199296051836
hardware_session0,10872,0.9609983030974893
hardware_session0,10873,1.2157938448580607
hardware_session0,10874,0.570919679159178
hardware_session0,10875,1.0166467315256233
hardware_session0,10876,1.5346512090354987
hardware_session0,10877,0.6420176012064703
hardware_session0,10878,0.6466025687190118
hardware_session0,10879,0.9000053339874943
hardware_session0,10880,0.6080635482961846
hardware_session0,10881,1.98696712532443
hardware_session0,10882,1.5216951763343467
hardware_session0,10883,0.8346443270086441
hardware_session0,10884,1.8126974326633472
hardware_session0,10885,0.6320772732058381
hardware_session0,10886,1.4947488971351452
hardware_session0,10887,1.240801811677326
hardware_session0,10888,1.1932974058987336
hardware_session0,10889,1.476062232357932
hardware_session0,10890,1.2527927099043275
hardware_session0,10891,4.101128806405993
hardware_session0,10892,0.8617178674999819
hardware_session0,10893,0.9194606848201318
hardware_session0,10894,0.9490229611985576
hardware_session0,10895,1.600725191606147
hardware_session0,10896,0.9197185229780904
hardware_session0,10897,0.7383233798036438
hardware_session0,10898,0.7965017007183433
hardware_session0,10899,1.342932111057832
hardware_session0,10900,0.7645798890413797
hardware_session0,10901,0.9525103167114661
hardware_session0,10902,1.4141083157031582
hardware_session0,10903,1.2705480915588652
hardware_session0,10904,0.7794184721521176
hardware_session0,10905,0.5062273923478102
hardware_session0,10906,0.8377659777068497
hardware_session0,10907,2.743596772748902
hardware_session0,10908,0.5483150022472407
hardware_session0,10909,1.660609221949547
hardware_session0,10910,1.1664492952864207
hardware_session0,10911,0.7322467936320837
hardware_session0,10912,1.9990804092680994
hardware_session0,10913,0.7387967575921295
hardware_session0,10914,1.4979110209171005
hardware_session0,10915,2.0642347397789735
hardware_session0,10916,2.1604252926432554
hardware_session0,10917,0.910674138201152
hardware_session0,10918,2.920984389154062
hardware_session0,10919,0.7324116447952146
hardware_session0,10920,0.851671009319597
hardware_session0,10921,0.4038811986054917
hardware_session0,10922,1.6838164617418094
hardware_session0,10923,0.962546902004096
hardware_session0,10924,2.1059455737957458
hardware_session0,10925,1.9092312320168696
hardware_session0,10926,1.3271733341250862
hardware_session0,10927,1.903025290145743
hardware_session0,10928,0.5653057231735291
hardware_session0,10929,0.9735875127200924
hardware_session0,10930,0.8480753914210395
hardware_session0,10931,0.7424335183330549
hardware_session0,10932,0.5505267151427518
hardware_session0,10933,0.6682536928946159
hardware_session0,10934,0.9120479466036114
hardware_session0,10935,0.36344249599456646
hardware_session0,10936,0.5130634247630818
hardware_session0,10937,0.6136450921266
hardware_session0,10938,1.3255931331963478
hardware_session0,10939,1.6821232686453067
hardware_session0,10940,1.5309592500536133
hardware_session0,10941,1.791754805270227
hardware_session0,10942,0.7618276652568454
hardware_session0,10943,0.8645205884512931
hardware_session0,10944,0.596795990384993
hardware_session0,10945,1.3086498888650873
hardware_session0,10946,1.1754145205041382
hardware_session0,10947,0.4608210674837205
hardware_session0,10948,1.1615469040158184
hardware_session0,10949,0.7101488950632652
hardware_session0,10950,1.0743357826519417
hardware_session0,10951,0.47107179749348926
hardware_session0,10952,0.5735419618609626
hardware_session0,10953,0.5999556638425497
hardware_session0,10954,0.8597719143547098
hardware_session0,10955,0.48955317317372904
hardware_session0,10956,0.5030578964534581
hardware_session0,10957,0.7265623093785252
hardware_session0,10958,0.5301635652041246
hardware_session0,10959,1.2748313067146613
hardware_session0,10960,1.4431655086507356
hardware_session0,10961,1.4406579290465746
hardware_session0,10962,0.903139881939585
hardware_session0,10963,0.7642464333178678
hardware_session0,10964,0.7693994373827794
hardware_session0,10965,0.9589774105741642
hardware_session0,10966,0.803570673527203
hardware_session0,10967,0.7501228743277303
hardware_session0,10968,0.6804864458497041
hardware_session0,10969,0.9803535807944277
hardware_session0,10970,0.4390522069130094
hardware_session0,10971,1.2772693220091353
hardware_session0,10972,0.7462710209852372
hardware_session0,10973,1.1651419315774096
hardware_session0,10974,0.4555208725003357
hardware_session0,10975,1.5104526769359372
hardware_session0,10976,0.3931781185450465
hardware_session0,10977,0.8010162342541498
hardware_session0,10978,0.8832296798402655
hardware_session0,10979,0.7231245862300075
hardware_session0,10980,0.6773084838584819
hardware_session0,10981,0.44790106811394914
hardware_session0,10982,0.8922654533110346
hardware_session0,10983,0.5208870682223189
hardware_session0,10984,1.4413274637906197
hardware_session0,10985,0.9339803490999292
hardware_session0,10986,0.6139766245580555
hardware_session0,10987,1.1740289685816176
hardware_session0,10988,0.6969550003350782
hardware_session0,10989,1.7564042244635887
hardware_session0,10990,0.7017237755492262
hardware_session0,10991,0.6669118811789517
hardware_session0,10992,1.2981478671557396
hardware_session0,10993,1.7119951112570722
hardware_session0,10994,0.8777882515452143
hardware_session0,10995,1.0555102235817528
hardware_session0,10996,1.3731346280487045
hardware_session0,10997,0.5724974023582903
hardware_session0,10998,2.121439442892259
hardware_session0,10999,0.7463021553347841
hardware_session0,11000,0.41727718586386225
hardware_session0,11001,1.2544437517773201
hardware_session0,11002,1.004369187434226
hardware_session0,11003,0.8666907708380458
hardware_session0,11004,0.6954827733509111
hardware_session0,11005,0.546381066202514
hardware_session0,11006,0.4998942894453187
hardware_session0,11007,0.7617340738999354
hardware_session0,11008,0.5065149236466316
hardware_session0,11009,0.6593738727835597
hardware_session0,11010,0.9143013095868192
hardware_session0,11011,1.4067525048194782
hardware_session0,11012,1.4321070060965044
hardware_session0,11013,1.200691766383084
hardware_session0,11014,1.3745109094259482
hardware_session0,11015,2.8063265127389285
hardware_session0,11016,0.7365463272588351
hardware_session0,11017,1.1154358649403642
hardware_session0,11018,0.6266238480986636
hardware_session0,11019,2.0601502219927075
hardware_session0,11020,0.9134889707365108
hardware_session0,11021,0.5433075366938518
hardware_session0,11022,0.8131107539888606
hardware_session0,11023,0.9313087911258316
hardware_session0,11024,1.6821712790582886
hardware_session0,11025,0.8649513959400775
hardware_session0,11026,1.0488438509948244
hardware_session0,11027,0.5746126504767366
hardware_session0,11028,1.01341620621333
hardware_session0,11029,1.2154336562214667
hardware_session0,11030,1.5221537015662183
hardware_session0,11031,1.1183732123968593
hardware_session0,11032,0.851560727216892
hardware_session0,11033,0.8256777576088513
hardware_session0,11034,0.4009324373007632
hardware_session0,11035,0.7252515969124518
hardware_session0,11036,1.0410631599675637
hardware_session0,11037,0.6294941871344465
hardware_session0,11038,0.6205130248590675
hardware_session0,11039,0.783216029801102
hardware_session0,11040,1.4848073765099141
hardware_session0,11041,1.3212665076416759
hardware_session0,11042,2.055510874039845
hardware_session0,11043,2.101284273095868
hardware_session0,11044,0.9560560815714945
hardware_session0,11045,0.8395895818119173
hardware_session0,11046,0.828374548581133
hardware_session0,11047,0.7711226787150602
hardware_session0,11048,0.7824658114027252
hardware_session0,11049,0.6332920329742034
hardware_session0,11050,1.5970946273509887
hardware_session0,11051,0.4568553860620227
hardware_session0,11052,0.8443836981094696
hardware_session0,11053,0.9941112617334391
hardware_session0,11054,1.0684424239995365
hardware_session0,11055,0.8976346371717312
hardware_session0,11056,0.6526944865401603
hardware_session0,11057,1.0470862377520893
hardware_session0,11058,0.6493505100337613
hardware_session0,11059,2.2095674711160185
hardware_session0,11060,2.5878855386030075
hardware_session0,11061,1.3400648502697379
hardware_session0,11062,2.2282548856322975
hardware_session0,11063,1.0321401725101451
hardware_session0,11064,0.7034411585840542
hardware_session0,11065,0.8666104755897844
hardware_session0,11066,1.3454927020151184
hardware_session0,11067,0.609682927038356
hardware_session0,11068,0.7579860617503129
hardware_session0,11069,0.4280689141116881
hardware_session0,11070,0.9066904051448392
hardware_session0,11071,0.6609744941076808
hardware_session0,11072,1.625245043330734
hardware_session0,11073,0.7787027628771305
hardware_session0,11074,0.865924402472889
hardware_session0,11075,1.4571465592184896
hardware_session0,11076,0.6734130695015089
hardware_session0,11077,0.8083638962024903
hardware_session0,11078,1.5837056484797902
hardware_session0,11079,1.071432426744793
hardware_session0,11080,0.9287985320887515
hardware_session0,11081,0.7081567942979566
hardware_session0,11082,2.031038339613775
hardware_session0,11083,1.7580633037969082
hardware_session0,11084,1.0823123390654712
hardware_session0,11085,1.383587356960634
hardware_session0,11086,1.7624377190375935
hardware_session0,11087,2.590415286716097
hardware_session0,11088,1.375791557593408
hardware_session0,11089,0.9506954637867617
hardware_session0,11090,0.831306789096033
hardware_session0,11091,0.679375411132095
hardware_session0,11092,0.5114665768539259
hardware_session0,11093,0.8758638664022694
hardware_session0,11094,1.048584398397838
hardware_session0,11095,0.8980435237756628
hardware_session0,11096,0.564859385600409
hardware_session0,11097,0.6253736056638283
hardware_session0,11098,0.48310572684261177
hardware_session0,11099,0.8583757365867551
hardware_session0,11100,1.2678979226783555
hardware_session0,11101,1.3478988975075368
hardware_session0,11102,1.6232151657830347
hardware_session0,11103,0.6404874796770086
hardware_session0,11104,0.4469281938830085
hardware_session0,11105,0.6556759946986277
hardware_session0,11106,1.5060205188031444
hardware_session0,11107,2.1203680036773833
hardware_session0,11108,1.2252021696045428
hardware_session0,11109,2.1625207509367033
hardware_session0,11110,0.7076139212157615
hardware_session0,11111,1.8546104764418285
hardware_session0,11112,1.0581291489055076
hardware_session0,11113,1.1473910091507509
hardware_session0,11114,0.6093110171276475
hardware_session0,11115,0.5839771421343131
hardware_session0,11116,1.306984130754881
hardware_session0,11117,0.7475492883632611
hardware_session0,11118,0.6464086906265203
hardware_session0,11119,0.790231327676729
hardware_session0,11120,2.0329601438578955
hardware_session0,11121,1.4001772746615309
hardware_session0,11122,1.9602938449131615
hardware_session0,11123,0.6526351399121552
hardware_session0,11124,0.9281548221857773
hardware_session0,11125,0.667439396595951
hardware_session0,11126,1.0298845998528297
hardware_session0,11127,0.913276672850598
hardware_session0,11128,0.8067500429397984
hardware_session0,11129,1.0157196560680404
hardware_session0,11130,1.0961276195612282
hardware_session0,11131,0.8038497509924862
hardware_session0,11132,1.449467491556416
hardware_session0,11133,0.696116427796499
hardware_session0,11134,0.8866839088177507
hardware_session0,11135,0.7411512081986005
hardware_session0,11136,0.9315798882138894
hardware_session0,11137,1.3314637011033148
hardware_session0,11138,0.8306443880288117
hardware_session0,11139,1.2617957534710649
hardware_session0,11140,0.7690468401127297
hardware_session0,11141,1.6313791211985766
hardware_session0,11142,0.5187399603014664
hardware_session0,11143,0.6332204736679503
hardware_session0,11144,0.7982306573159768
hardware_session0,11145,1.3300544241066914
hardware_session0,11146,1.187293721804841
hardware_session0,11147,0.8454166696268339
hardware_session0,11148,1.6440080680960993
hardware_session0,11149,0.9649148311181546
hardware_session0,11150,1.3504789819796654
hardware_session0,11151,1.5042851375135915
hardware_session0,11152,1.50530539864176
hardware_session0,11153,0.7594192065527617
hardware_session0,11154,0.8043397323252065
hardware_session0,11155,0.9232397161621002
hardware_session0,11156,1.8107593586735287
hardware_session0,11157,1.1287423967642158
hardware_session0,11158,2.089609981369899
hardware_session0,11159,1.7322922029871566
hardware_session0,11160,0.9508182307272438
hardware_session0,11161,1.7010967541856168
hardware_session0,11162,0.9646676078385912
hardware_session0,11163,1.589624533713807
hardware_session0,11164,1.3647932037716735
hardware_session0,11165,1.1375134253904589
hardware_session0,11166,0.6243254904173539
hardware_session0,11167,0.548682350223496
hardware_session0,11168,1.1888789975373548
hardware_session0,11169,0.6434056131672422
hardware_session0,11170,1.1319199856895663
hardware_session0,11171,1.2933059936872635
hardware_session0,11172,0.557367012865035
hardware_session0,11173,1.1470116998668192
hardware_session0,11174,0.41946178902866366
hardware_session0,11175,0.5276941258866953
hardware_session0,11176,0.9339658216559684
hardware_session0,11177,0.9032809471831919
hardware_session0,11178,0.7554007395387283
hardware_session0,11179,1.3859097830800204
hardware_session0,11180,1.6418847281094107
hardware_session0,11181,0.6956832362500901
hardware_session0,11182,0.7613811772746568
hardware_session0,11183,0.9203225348276132
hardware_session0,11184,1.9205592736074493
hardware_session0,11185,0.80123831288263
hardware_session0,11186,0.8561346801733161
hardware_session0,11187,1.193132229767689
hardware_session0,11188,0.6709313836106039
hardware_session0,11189,0.7617653894121051
hardware_session0,11190,0.5777055080640613
hardware_session0,11191,2.1686287963083006
hardware_session0,11192,0.5182428641850774
hardware_session0,11193,0.9193964786483877
hardware_session0,11194,0.8741017937510421
hardware_session0,11195,1.2538201063798122
hardware_session0,11196,3.055246141171352
hardware_session0,11197,0.5535963457535068
hardware_session0,11198,0.7397923904668336
hardware_session0,11199,0.5949446695631401
hardware_session0,11200,0.7548951479395611
hardware_session0,11201,1.8751330201721954
hardware_session0,11202,0.7767547501689606
hardware_session0,11203,1.561367672501306
hardware_session0,11204,0.7927175830112386
hardware_session0,11205,0.8630084725574427
hardware_session0,11206,2.1657473301510892
hardware_session0,11207,1.5532661626359512
hardware_session0,11208,0.7697472811855229
hardware_session0,11209,0.6010508559716714
hardware_session0,11210,1.3532817703828335
hardware_session0,11211,0.7330553231192461
hardware_session0,11212,0.9941014376855718
hardware_session0,11213,1.7265601509187416
hardware_session0,11214,1.3056661562927228
hardware_session0,11215,0.6306286869962024
hardware_session0,11216,0.7675400994665434
hardware_session0,11217,0.78288235393701
hardware_session0,11218,1.546648027006178
hardware_session0,11219,1.3658529325318725
hardware_session0,11220,0.5461788188974742
hardware_session0,11221,0.8565211751510607
hardware_session0,11222,0.757363561374377
hardware_session0,11223,1.0727342039041257
hardware_session0,11224,0.4899031536203377
hardware_session0,11225,0.9622930944268279
hardware_session0,11226,0.8957835106502269
hardware_session0,11227,1.176480311547969
hardware_session0,11228,0.5785735217195362
hardware_session0,11229,2.4271754907196144
hardware_session0,11230,0.7853243352295172
hardware_session0,11231,0.6761936056652706
hardware_session0,11232,0.8776383465177358
hardware_session0,11233,1.4057456437882445
hardware_session0,11234,0.5915326997729513
hardware_session0,11235,0.7193059879077444
hardware_session0,11236,0.6823807255898241
hardware_session0,11237,0.9154961177184654
hardware_session0,11238,1.0554752419374456
hardware_session0,11239,0.7784786032548069
hardware_session0,11240,1.0009144277684061
hardware_session0,11241,1.3790401574204139
hardware_session0,11242,0.8487298305173094
hardware_session0,11243,0.5832930123183193
hardware_session0,11244,1.270796230579474
hardware_session0,11245,1.5388769968186218
hardware_session0,11246,0.5901733539875085
hardware_session0,11247,1.3567853068248927
hardware_session0,11248,0.8132724879461359
hardware_session0,11249,0.5125933615458086
hardware_session0,11250,0.5622621669119775
hardware_session0,11251,1.6637717252516084
hardware_session0,11252,1.1136754714160593
hardware_session0,11253,0.5291197280999081
hardware_session0,11254,0.6049845186127419
hardware_session0,11255,0.634333832394138
hardware_session0,11256,1.148950847969726
hardware_session0,11257,1.0131016702217766
hardware_session0,11258,2.134751953021445
hardware_session0,11259,1.3146181100166376
hardware_session0,11260,0.7378167730067057
hardware_session0,11261,1.3413525715563321
hardware_session0,11262,1.3135065279886384
hardware_session0,11263,0.5481640983225202
hardware_session0,11264,1.5953110045720555
hardware_session0,11265,0.6702904526306219
hardware_session0,11266,0.7037847125150234
hardware_session0,11267,0.8901561067007503
hardware_session0,11268,1.3892569680466045
hardware_session0,11269,0.8867272245813679
hardware_session0,11270,1.4097313974218308
hardware_session0,11271,1.2336786596466072
hardware_session0,11272,1.8299378798013213
hardware_session0,11273,1.2542666011579362
hardware_session0,11274,0.39359547153810037
hardware_session0,11275,0.6807404328516097
hardware_session0,11276,1.1382881704095265
hardware_session0,11277,1.5646166749461752
hardware_session0,11278,0.5826335865791611
hardware_session0,11279,1.053493917692583
hardware_session0,11280,0.5860434130218862
hardware_session0,11281,1.5026735401278402
hardware_session0,11282,1.5276421190479004
hardware_session0,11283,0.7764065046926979
hardware_session0,11284,1.520137743529969
hardware_session0,11285,0.5275256974689756
hardware_session0,11286,1.3955406605452632
hardware_session0,11287,0.7819926460601017
hardware_session0,11288,1.2297540437400258
hardware_session0,11289,0.9729171614064699
hardware_session0,11290,0.622077226684262
hardware_session0,11291,0.8965279416234602
hardware_session0,11292,0.6220175852418323
hardware_session0,11293,2.4635026644943157
hardware_session0,11294,0.9505347954605752
hardware_session0,11295,1.5884321534869976
hardware_session0,11296,0.8491975544999559
hardware_session0,11297,1.2627403952634162
hardware_session0,11298,1.0932927820898493
hardware_session0,11299,0.6753524929163496
hardware_session0,11300,1.1268101490593296
hardware_session0,11301,0.8255183848438392
hardware_session0,11302,0.5081778548428308
hardware_session0,11303,0.7875259416631071
hardware_session0,11304,2.3879161637119606
hardware_session0,11305,0.5484479493186468
hardware_session0,11306,0.8838683652470142
hardware_session0,11307,1.4968755522737627
hardware_session0,11308,1.0001963114909656
hardware_session0,11309,0.850210350549448
hardware_session0,11310,0.6828170483973718
hardware_session0,11311,0.6404860730798709
hardware_session0,11312,0.7057395889169169
hardware_session0,11313,1.4508946607588633
hardware_session0,11314,0.7007370324524895
hardware_session0,11315,0.6532295859878375
hardware_session0,11316,0.6632445426209612
hardware_session0,11317,1.1220221337727099
hardware_session0,11318,1.3432840624090137
hardware_session0,11319,1.045349554801461
hardware_session0,11320,1.0690040305441189
hardware_session0,11321,1.1371643513390708
hardware_session0,11322,2.0741657827185085
hardware_session0,11323,1.554751997232279
hardware_session0,11324,0.9160730941360264
hardware_session0,11325,1.0031181924213977
hardware_session0,11326,0.954025773589742
hardware_session0,11327,1.7422087095909313
hardware_session0,11328,1.162688433460859
hardware_session0,11329,1.3176399312071372
hardware_session0,11330,0.7684222513127514
hardware_session0,11331,1.4328299413351944
hardware_session0,11332,0.7080487136379953
hardware_session0,11333,0.663531904210389
hardware_session0,11334,0.6852183870114886
hardware_session0,11335,2.0073489208676065
hardware_session0,11336,0.5611839785707818
hardware_session0,11337,0.8969393831280802
hardware_session0,11338,0.7022666748171839
hardware_session0,11339,0.8756120392632587
hardware_session0,11340,0.9531346357075919
hardware_session0,11341,1.521137802675111
hardware_session0,11342,0.396031166496817
hardware_session0,11343,0.95838648600252
hardware_session0,11344,1.273262880494861
hardware_session0,11345,1.1574157761251047
hardware_session0,11346,0.652257558883723
hardware_session0,11347,0.6659554262181349
hardware_session0,11348,1.2747481024247045
hardware_session0,11349,0.9109056456051069
hardware_session0,11350,1.2341631131246231
hardware_session0,11351,1.0992003051304047
hardware_session0,11352,0.8404368202153767
hardware_session0,11353,0.9633084955478699
hardware_session0,11354,0.8358204055380298
hardware_session0,11355,1.2904304154060995
hardware_session0,11356,1.0181814546899912
hardware_session0,11357,0.5995478787659317
hardware_session0,11358,0.8798119791790054
hardware_session0,11359,0.5776587127936395
hardware_session0,11360,2.063883355083782
hardware_session0,11361,0.3818785755036572
hardware_session0,11362,1.0255270213079863
hardware_session0,11363,0.9575578083165568
hardware_session0,11364,1.0407112636679186
hardware_session0,11365,1.9532104069336893
hardware_session0,11366,1.8238181178266215
hardware_session0,11367,0.858756388631557
hardware_session0,11368,1.2727017333061825
hardware_session0,11369,0.6905444129041012
hardware_session0,11370,1.2404865392090025
hardware_session0,11371,0.885614611664738
hardware_session0,11372,1.0706271726656513
hardware_session0,11373,0.8454843346174495
hardware_session0,11374,0.683707724335222
hardware_session0,11375,1.7283491217303173
hardware_session0,11376,0.8455113674930314
hardware_session0,11377,0.7453383993857973
hardware_session0,11378,0.8743993087458197
hardware_session0,11379,2.487882442473087
hardware_session0,11380,0.9375400844903965
hardware_session0,11381,0.9149908797300033
hardware_session0,11382,0.5988936300369745
hardware_session0,11383,1.1033951099715302
hardware_session0,11384,1.2198440308490728
hardware_session0,11385,0.48986962717605714
hardware_session0,11386,1.4056612986320223
hardware_session0,11387,1.7255994037526854
hardware_session0,11388,0.6247324686260897
hardware_session0,11389,0.8848259340395801
hardware_session0,11390,0.5278811345969705
hardware_session0,11391,1.359938698568993
hardware_session0,11392,1.5004048117069255
hardware_session0,11393,0.6026106114590116
hardware_session0,11394,0.9310138062207574
hardware_session0,11395,1.2562864581304025
hardware_session0,11396,0.7407921927311467
hardware_session0,11397,1.162933748972486
hardware_session0,11398,0.8053529410071187
hardware_session0,11399,0.78806848094767
hardware_session0,11400,0.7936238384745694
hardware_session0,11401,0.4812937744200112
hardware_session0,11402,0.7412155133731464
hardware_session0,11403,1.035260794523795
hardware_session0,11404,0.7326707209602726
hardware_session0,11405,0.7602898846557442
hardware_session0,11406,0.7833422283107798
hardware_session0,11407,1.5396941395655155
hardware_session0,11408,0.661236607937241
hardware_session0,11409,0.37227408577728655
hardware_session0,11410,0.5770900968642896
hardware_session0,11411,2.153571070481378
hardware_session0,11412,1.5127916161720183
hardware_session0,11413,1.8501743871903171
hardware_session0,11414,0.8555500465264118
hardware_session0,11415,1.0370960199588724
hardware_session0,11416,1.823556857464397
hardware_session0,11417,1.1886429466081214
hardware_session0,11418,1.460494032366653
hardware_session0,11419,0.5896067145988303
hardware_session0,11420,0.5959995491281547
hardware_session0,11421,1.1140820321798184
hardware_session0,11422,1.471220838099652
hardware_session0,11423,1.3921745404333143
hardware_session0,11424,1.438880508858208
hardware_session0,11425,0.7177352306772496
hardware_session0,11426,0.7026894656120412
hardware_session0,11427,1.9103145100635308
hardware_session0,11428,1.1458323760899933
hardware_session0,11429,2.812880630023845
hardware_session0,11430,0.9150721347933443
hardware_session0,11431,0.9932913015760513
hardware_session0,11432,3.817592021791857
hardware_session0,11433,1.7172268424624235
hardware_session0,11434,0.9987310951823563
hardware_session0,11435,0.7948414949575018
hardware_session0,11436,0.8968765033344243
hardware_session0,11437,0.5594074709022139
hardware_session0,11438,1.6817978093618857
hardware_session0,11439,1.7491532850878806
hardware_session0,11440,1.1473253870266025
hardware_session0,11441,1.9199882191188873
hardware_session0,11442,1.893930412263777
hardware_session0,11443,0.8336497540016707
hardware_session0,11444,1.197006121008289
hardware_session0,11445,1.3428464881720132
hardware_session0,11446,1.2870715723646118
hardware_session0,11447,0.8269549092626398
hardware_session0,11448,0.84022243714005
hardware_session0,11449,1.385989948885841
hardware_session0,11450,2.002032513975369
hardware_session0,11451,0.8309204321375017
hardware_session0,11452,0.5569840552304756
hardware_session0,11453,1.2012970179912603
hardware_session0,11454,1.268008271089512
hardware_session0,11455,2.1752405714421537
hardware_session0,11456,0.752147795306891
hardware_session0,11457,1.8627212512384945
hardware_session0,11458,1.2112867657204733
hardware_session0,11459,1.9125934826833793
hardware_session0,11460,1.4110782898345788
hardware_session0,11461,0.7222342586351325
hardware_session0,11462,2.7336841791266386
hardware_session0,11463,1.1255231091666038
hardware_session0,11464,0.641502910896641
hardware_session0,11465,1.0068036645046239
hardware_session0,11466,0.7534278852413681
hardware_session0,11467,1.5318202541468224
hardware_session0,11468,2.419344672024582
hardware_session0,11469,0.8695647591379195
hardware_session0,11470,0.4884991149933005
hardware_session0,11471,0.7216965064561247
hardware_session0,11472,1.2497436660336427
hardware_session0,11473,1.8252400333746857
hardware_session0,11474,0.7764818452771324
hardware_session0,11475,0.6607612151987853
hardware_session0,11476,0.8428248711172988
hardware_session0,11477,1.126331021126334
hardware_session0,11478,0.6839030805829939
hardware_session0,11479,0.7986532856374317
hardware_session0,11480,1.789388309267096
hardware_session0,11481,1.0526258574540317
hardware_session0,11482,0.8679628446858083
hardware_session0,11483,0.5403954392858891
hardware_session0,11484,0.8518978485382622
hardware_session0,11485,1.0355514990457977
hardware_session0,11486,1.3941719758757853
hardware_session0,11487,1.193568423933688
hardware_session0,11488,0.565131533015015
hardware_session0,11489,1.5410078611817677
hardware_session0,11490,0.5388570769579778
hardware_session0,11491,0.63085729059484
hardware_session0,11492,0.8019343333972264
hardware_session0,11493,2.2525370343052615
hardware_session0,11494,1.7257052001738822
hardware_session0,11495,1.3728874351504967
hardware_session0,11496,1.1131466742646212
hardware_session0,11497,1.8550364999075308
hardware_session0,11498,0.8172213457828422
hardware_session0,11499,1.2992990786271317
hardware_session0,11500,1.6078819403001439
hardware_session0,11501,0.6758206163228209
hardware_session0,11502,1.05052376684067
hardware_session0,11503,1.2063964326529153
hardware_session0,11504,0.47615749490463527
hardware_session0,11505,1.4075864515777314
hardware_session0,11506,0.8723948633139487
hardware_session0,11507,0.999042208895445
hardware_session0,11508,0.5524874555212379
hardware_session0,11509,0.9641881676984356
hardware_session0,11510,0.9744794269499002
hardware_session0,11511,0.8201214771290861
hardware_session0,11512,1.4156147690510157
hardware_session0,11513,1.5473027106794612
hardware_session0,11514,0.97203816641197
hardware_session0,11515,0.6987352632426491
hardware_session0,11516,0.9460533456883136
hardware_session0,11517,0.4955911257411447
hardware_session0,11518,0.9117496078641727
hardware_session0,11519,0.7917615182969745
hardware_session0,11520,0.570363509297385
hardware_session0,11521,0.6357215272952681
hardware_session0,11522,1.6244284469088186
hardware_session0,11523,1.5897152807405692
hardware_session0,11524,1.2053289390327333
hardware_session0,11525,1.724972446922954
hardware_session0,11526,0.5483147784265495
hardware_session0,11527,0.8067793725813879
hardware_session0,11528,1.5232268029122604
hardware_session0,11529,0.6678034526324044
hardware_session0,11530,1.257968259134545
hardware_session0,11531,1.2201024848858397
hardware_session0,11532,1.976438734304014
hardware_session0,11533,1.3963677881374137
hardware_session0,11534,1.9366555269250645
hardware_session0,11535,1.0610681038601153
hardware_session0,11536,0.68583332236694
hardware_session0,11537,1.5091823394063275
hardware_session0,11538,0.781007778388835
hardware_session0,11539,1.0304084506740885
hardware_session0,11540,0.8122130878334564
hardware_session0,11541,0.7117620573016086
hardware_session0,11542,1.440355696085457
hardware_session0,11543,0.7240808271859231
hardware_session0,11544,1.963882637503647
hardware_session0,11545,0.45566918970995807
hardware_session0,11546,0.6607772968795124
hardware_session0,11547,1.1278764188962294
hardware_session0,11548,2.3091568048172104
hardware_session0,11549,1.6317403986475139
hardware_session0,11550,1.3986780400426415
hardware_session0,11551,2.2280414547882663
hardware_session0,11552,1.854038536368849
hardware_session0,11553,1.0158198348387533
hardware_session0,11554,1.7884108556304779
hardware_session0,11555,0.8762067334947277
hardware_session0,11556,2.128890926285132
hardware_session0,11557,0.43859516700210854
hardware_session0,11558,1.2756377076856118
hardware_session0,11559,0.5736612527466185
hardware_session0,11560,0.8913597599286681
hardware_session0,11561,1.3905589070513584
hardware_session0,11562,0.6083731814015747
hardware_session0,11563,0.6385124595461058
hardware_session0,11564,0.5417108047241422
hardware_session0,11565,1.765775854779705
hardware_session0,11566,1.0544863178559796
hardware_session0,11567,2.1577444174843197
hardware_session0,11568,0.716806456664235
hardware_session0,11569,0.7227645942641259
hardware_session0,11570,1.4595437813423127
hardware_session0,11571,0.3329760445835448
hardware_session0,11572,0.6331898801081075
hardware_session0,11573,1.0884793713214145
hardware_session0,11574,0.6917846261289962
hardware_session0,11575,0.6271687440098199
hardware_session0,11576,1.283561425770217
hardware_session0,11577,0.5219477985961812
hardware_session0,11578,0.5755954802427222
hardware_session0,11579,1.0379582912837457
hardware_session0,11580,1.631055526502563
hardware_session0,11581,0.6938341428455153
hardware_session0,11582,1.1712913410712917
hardware_session0,11583,0.984081511781471
hardware_session0,11584,1.230137164260343
hardware_session0,11585,1.4246095990357495
hardware_session0,11586,1.6342632933915282
hardware_session0,11587,0.8393950741349536
hardware_session0,11588,1.2090059200713443
hardware_session0,11589,1.5680694887659357
hardware_session0,11590,1.1632754092267876
hardware_session0,11591,1.2342576983891418
hardware_session0,11592,1.4983975328483827
hardware_session0,11593,1.312441213900945
hardware_session0,11594,1.0355428260443404
hardware_session0,11595,0.5247591458518314
hardware_session0,11596,1.4387362076984285
hardware_session0,11597,0.9610624930142885
hardware_session0,11598,0.6896768498680311
hardware_session0,11599,1.823305740610619
hardware_session0,11600,0.5727009462596832
hardware_session0,11601,1.1674766855964074
hardware_session0,11602,0.6547644386498374
hardware_session0,11603,1.153140286322831
hardware_session0,11604,0.775846185239326
hardware_session0,11605,0.38859065078916194
hardware_session0,11606,2.2022621553523907
hardware_session0,11607,1.8254406121560545
hardware_session0,11608,0.6379250127247491
hardware_session0,11609,0.5913049406631501
hardware_session0,11610,0.45974438297295583
hardware_session0,11611,1.6576112968696932
hardware_session0,11612,2.0026490789521363
hardware_session0,11613,1.5341171246907481
hardware_session0,11614,2.7379563031680982
hardware_session0,11615,0.5111604584344895
hardware_session0,11616,1.222043501477389
hardware_session0,11617,0.9963966235034711
hardware_session0,11618,1.3583306077063857
hardware_session0,11619,0.6284154065897285
hardware_session0,11620,0.6890431142665449
hardware_session0,11621,0.5818575475181442
hardware_session0,11622,0.5126646284363213
hardware_session0,11623,0.5344729018190083
hardware_session0,11624,0.5729478327567104
hardware_session0,11625,1.6494493939031076
hardware_session0,11626,1.0866611635882586
hardware_session0,11627,0.9704853179288444
hardware_session0,11628,0.9031805114387301
hardware_session0,11629,0.9512259353665825
hardware_session0,11630,1.0153259725334198
hardware_session0,11631,0.6938296591849246
hardware_session0,11632,1.6052921513900897
hardware_session0,11633,0.983046210613273
hardware_session0,11634,1.3952898760546735
hardware_session0,11635,0.49639202335920185
hardware_session0,11636,0.9140274143210323
hardware_session0,11637,0.7562716907108782
hardware_session0,11638,1.0382979627201265
hardware_session0,11639,1.4811979737811076
hardware_session0,11640,0.5994603701843993
hardware_session0,11641,1.0693142527192172
hardware_session0,11642,1.0393206617867072
hardware_session0,11643,0.7660289307055113
hardware_session0,11644,1.6371772515014564
hardware_session0,11645,0.741268186710407
hardware_session0,11646,0.6383317206059782
hardware_session0,11647,1.4657024827159513
hardware_session0,11648,1.1049311585953803
hardware_session0,11649,0.7072072304635851
hardware_session0,11650,0.5113638088763781
hardware_session0,11651,0.9681936342457604
hardware_session0,11652,0.9227260712613445
hardware_session0,11653,0.7253044695627497
hardware_session0,11654,0.4953211011733799
hardware_session0,11655,1.3528777673657253
hardware_session0,11656,0.6109503945429432
hardware_session0,11657,1.0467993233064765
hardware_session0,11658,0.6210060998661429
hardware_session0,11659,1.128596028562491
hardware_session0,11660,0.8484767252580031
hardware_session0,11661,1.1922158440533237
hardware_session0,11662,2.4774235351021803
hardware_session0,11663,0.6737408072635594
hardware_session0,11664,0.8421719251178871
hardware_session0,11665,0.6563459435523895
hardware_session0,11666,0.6120159068990494
hardware_session0,11667,0.9140893472147513
hardware_session0,11668,2.1005744657206162
hardware_session0,11669,0.5764814260785772
hardware_session0,11670,0.7893442750735044
hardware_session0,11671,0.7175795135278668
hardware_session0,11672,1.491678066036299
hardware_session0,11673,1.2946054363421169
hardware_session0,11674,1.5151040071416286
hardware_session0,11675,1.53420424217047
hardware_session0,11676,2.074654351061914
hardware_session0,11677,1.263436014124344
hardware_session0,11678,1.1506305650949384
hardware_session0,11679,1.2072228013407218
hardware_session0,11680,2.1351763798120698
hardware_session0,11681,0.9804043623593832
hardware_session0,11682,1.3662115035387532
hardware_session0,11683,0.6363392193996863
hardware_session0,11684,1.1356422623234244
hardware_session0,11685,0.9160278147634757
hardware_session0,11686,0.9424716437763372
hardware_session0,11687,1.3424335297024996
hardware_session0,11688,3.2183324563884432
hardware_session0,11689,1.041053740253499
hardware_session0,11690,0.6224225800129183
hardware_session0,11691,2.7962531730948923
hardware_session0,11692,1.3662472597950368
hardware_session0,11693,1.4414105355742814
hardware_session0,11694,1.206097718073366
hardware_session0,11695,1.6157047862529184
hardware_session0,11696,0.5373677613119192
hardware_session0,11697,0.8212929414575069
hardware_session0,11698,1.5660429400471718
hardware_session0,11699,1.3654367204736952
hardware_session0,11700,1.3652546617059647
hardware_session0,11701,0.5595777745822399
hardware_session0,11702,0.8476184192086005
hardware_session0,11703,0.7130240861179753
hardware_session0,11704,0.8653755572810564
hardware_session0,11705,1.0485370872521784
hardware_session0,11706,0.4872889283349229
hardware_session0,11707,1.224126854634587
hardware_session0,11708,1.2163237842378578
hardware_session0,11709,1.3927579168814157
hardware_session0,11710,1.0963304724365304
hardware_session0,11711,1.2754056918559695
hardware_session0,11712,0.8602463128797265
hardware_session0,11713,0.9699123996170456
hardware_session0,11714,2.332574139393544
hardware_session0,11715,0.6277203366253251
hardware_session0,11716,1.1728336314208319
hardware_session0,11717,1.0622288649690166
hardware_session0,11718,1.0090112875126604
hardware_session0,11719,0.9198355324074996
hardware_session0,11720,1.6252840539598843
hardware_session0,11721,0.5451729708467741
hardware_session0,11722,1.8544812499772219
hardware_session0,11723,1.0833097511565553
hardware_session0,11724,0.30225934727744835
hardware_session0,11725,1.4900514054363467
hardware_session0,11726,0.9525671497442195
hardware_session0,11727,0.8020666456091959
hardware_session0,11728,1.1261396946030502
hardware_session0,11729,1.2494529590411247
hardware_session0,11730,0.7345247490959039
hardware_session0,11731,1.7092403951351631
hardware_session0,11732,1.334116503035211
hardware_session0,11733,1.0763826915642853
hardware_session0,11734,2.150334727145063
hardware_session0,11735,0.9598856992375907
hardware_session0,11736,1.146712379059981
hardware_session0,11737,0.5707771987927114
hardware_session0,11738,0.6618982348050018
hardware_session0,11739,0.6279223025258325
hardware_session0,11740,0.7550274174691431
hardware_session0,11741,0.7162694663563891
hardware_session0,11742,0.8866532621809003
hardware_session0,11743,1.5535591013815708
hardware_session0,11744,1.1834655125830997
hardware_session0,11745,1.680685551615988
hardware_session0,11746,1.3589814146541424
hardware_session0,11747,1.852251952087926
hardware_session0,11748,1.3308848152204091
hardware_session0,11749,0.9674415481759876
hardware_session0,11750,1.0519300633535669
hardware_session0,11751,0.48621711983718674
hardware_session0,11752,0.5565327997608329
hardware_session0,11753,0.9388747843308973
hardware_session0,11754,1.130234441016387
hardware_session0,11755,2.0225505528986476
hardware_session0,11756,0.6004536647719225
hardware_session0,11757,0.6953073703977525
hardware_session0,11758,0.9681717173974681
hardware_session0,11759,1.677920021945944
hardware_session0,11760,1.827714081991468
hardware_session0,11761,1.4261465505911797
hardware_session0,11762,2.033223963968573
hardware_session0,11763,0.6305941379449739
hardware_session0,11764,1.012921251883025
hardware_session0,11765,0.6772109445591918
hardware_session0,11766,0.876325909525617
hardware_session0,11767,0.8620295867355962
hardware_session0,11768,1.1556862506501233
hardware_session0,11769,0.46191012246898105
hardware_session0,11770,1.1881336114954801
hardware_session0,11771,0.5731710010216219
hardware_session0,11772,1.957536824303326
hardware_session0,11773,0.9425494793117833
hardware_session0,11774,0.6485287740736779
hardware_session0,11775,0.6344915130725131
hardware_session0,11776,1.406983665407557
hardware_session0,11777,0.9786240842101877
hardware_session0,11778,1.454135639945641
hardware_session0,11779,0.5480142933292335
hardware_session0,11780,1.610536885142981
hardware_session0,11781,1.1126760835266662
hardware_session0,11782,0.8982351400683416
hardware_session0,11783,0.8157173337009113
hardware_session0,11784,1.04830522557427
hardware_session0,11785,1.191219176798828
hardware_session0,11786,0.5926373399264914
hardware_session0,11787,0.3123156886705932
hardware_session0,11788,1.485165275178491
hardware_session0,11789,1.9031303256064926
hardware_session0,11790,1.0237661894633425
hardware_session0,11791,0.9143220969655433
hardware_session0,11792,1.4287695040702078
hardware_session0,11793,0.6879664843926528
hardware_session0,11794,1.0729347701674563
hardware_session0,11795,3.0977282097635617
hardware_session0,11796,0.9233015969926953
hardware_session0,11797,0.6772336020260282
hardware_session0,11798,0.8248679592657122
hardware_session0,11799,1.7608624084303692
hardware_session0,11800,0.44355271414213454
hardware_session0,11801,1.832529540961043
hardware_session0,11802,0.5381390174691714
hardware_session0,11803,0.5358015204197522
hardware_session0,11804,1.0580182413556765
hardware_session0,11805,1.2511190307125302
hardware_session0,11806,0.778586189315671
hardware_session0,11807,0.7562838745933673
hardware_session0,11808,0.6821623044113652
hardware_session0,11809,1.2232022056127643
hardware_session0,11810,1.9407900423785667
hardware_session0,11811,1.208649774949522
hardware_session0,11812,0.9548291395211068
hardware_session0,11813,2.3058145158059897
hardware_session0,11814,0.677351072142212
hardware_session0,11815,0.8668149303497605
hardware_session0,11816,0.9650144529324145
hardware_session0,11817,0.7378613345739148
hardware_session0,11818,0.8244617864382146
hardware_session0,11819,0.9050279591495516
hardware_session0,11820,1.359114693764626
hardware_session0,11821,1.1892140797417587
hardware_session0,11822,0.7937925978266673
hardware_session0,11823,0.6419731271355693
hardware_session0,11824,2.042423760394522
hardware_session0,11825,1.1687417125236443
hardware_session0,11826,1.2182852385208283
hardware_session0,11827,1.629002090640499
hardware_session0,11828,1.3640130372962183
hardware_session0,11829,1.8082060628886791
hardware_session0,11830,0.716919355245874
hardware_session0,11831,1.007434610432413
hardware_session0,11832,2.2141901585808967
hardware_session0,11833,0.5407678049652921
hardware_session0,11834,1.6171111208011195
hardware_session0,11835,0.7658127761503307
hardware_session0,11836,0.9488868574338665
hardware_session0,11837,1.4151898509114376
hardware_session0,11838,0.9186095779888129
hardware_session0,11839,1.7498299174169718
hardware_session0,11840,0.7981286234163709
hardware_session0,11841,1.5051962809288613
hardware_session0,11842,1.7946470046901035
hardware_session0,11843,0.4872752038249019
hardware_session0,11844,1.2122373336174606
hardware_session0,11845,1.366981717703362
hardware_session0,11846,2.1082556782297535
hardware_session0,11847,0.6783375588091506
hardware_session0,11848,1.7958751621111209
hardware_session0,11849,0.5338858008912338
hardware_session0,11850,1.52228220571361
hardware_session0,11851,1.2279194344775373
hardware_session0,11852,1.4381057462256448
hardware_session0,11853,1.4312867100210758
hardware_session0,11854,0.8839357915392995
hardware_session0,11855,1.1446738217958943
hardware_session0,11856,0.7892711489908849
hardware_session0,11857,2.44406962325814
hardware_session0,11858,0.5914096088911363
hardware_session0,11859,0.7361393885555907
hardware_session0,11860,0.6906307122481429
hardware_session0,11861,1.8308915734606983
hardware_session0,11862,0.5271973225857921
hardware_session0,11863,1.170056986755922
hardware_session0,11864,0.8621266598219747
hardware_session0,11865,1.0872540234761632
hardware_session0,11866,3.55425105321487
hardware_session0,11867,1.4309522482954506
hardware_session0,11868,1.1336833668231387
hardware_session0,11869,0.5913105537971629
hardware_session0,11870,1.081281691558072
hardware_session0,11871,0.6039250989345802
hardware_session0,11872,1.1117083022881433
hardware_session0,11873,0.7298441114982378
hardware_session0,11874,0.5257012081059769
hardware_session0,11875,1.052035596675568
hardware_session0,11876,1.0271487146669418
hardware_session0,11877,0.5473631205659519
hardware_session0,11878,2.37053244207823
hardware_session0,11879,1.0849958786743203
hardware_session0,11880,0.718277623246956
hardware_session0,11881,0.7172462183448094
hardware_session0,11882,0.3717752777306326
hardware_session0,11883,1.0915507441401957
hardware_session0,11884,1.148389001230752
hardware_session0,11885,0.8834288950161471
hardware_session0,11886,2.560519226851762
hardware_session0,11887,0.5456492259844617
hardware_session0,11888,1.6235539161547647
hardware_session0,11889,1.634626730210702
hardware_session0,11890,0.7753768904033466
hardware_session0,11891,1.32872153812128
hardware_session0,11892,0.4376223887044611
hardware_session0,11893,0.30944261109809257
hardware_session0,11894,1.1568011490787578
hardware_session0,11895,1.5665042771094806
hardware_session0,11896,1.1875543560802524
hardware_session0,11897,0.7992815253015696
hardware_session0,11898,1.2305010472240314
hardware_session0,11899,0.8949385065712062
hardware_session0,11900,0.38651337056379104
hardware_session0,11901,0.7594664692825833
hardware_session0,11902,1.6958905429632032
hardware_session0,11903,1.4205974214511632
hardware_session0,11904,0.7732208825249987
hardware_session0,11905,0.9468718557434673
hardware_session0,11906,0.744398787162509
hardware_session0,11907,1.18738052897114
hardware_session0,11908,0.894064734042098
hardware_session0,11909,1.298151122834645
hardware_session0,11910,0.6896467913310788
hardware_session0,11911,1.0948614376695678
hardware_session0,11912,1.3074139391862925
hardware_session0,11913,0.6847231811678886
hardware_session0,11914,2.1956580163741397
hardware_session0,11915,0.581326846053557
hardware_session0,11916,0.7104659314594264
hardware_session0,11917,0.7878914613886043
hardware_session0,11918,1.2144093890484944
hardware_session0,11919,0.5959414941243992
hardware_session0,11920,1.139986333082379
hardware_session0,11921,1.6714143256164278
hardware_session0,11922,1.644152447728536
hardware_session0,11923,1.027006316003005
hardware_session0,11924,0.568034958956724
hardware_session0,11925,1.1645056753983976
hardware_session0,11926,0.7352297299770214
hardware_session0,11927,1.1458983945608
hardware_session0,11928,0.8900408813545233
hardware_session0,11929,2.1609618509474675
hardware_session0,11930,1.1954397607972966
hardware_session0,11931,0.6941399833019873
hardware_session0,11932,1.2581204430798374
hardware_session0,11933,0.42515621516189195
hardware_session0,11934,0.4561884406038575
hardware_session0,11935,1.9813764214822638
hardware_session0,11936,0.7521087862546417
hardware_session0,11937,0.6199131279994904
hardware_session0,11938,1.5550803104578685
hardware_session0,11939,1.996584637534408
hardware_session0,11940,0.7987830776510992
hardware_session0,11941,1.7621408678734478
hardware_session0,11942,1.5612326912132348
hardware_session0,11943,0.6752589861154031
hardware_session0,11944,0.7251628130683484
hardware_session0,11945,0.4655358391492846
hardware_session0,11946,0.8749875813328126
hardware_session0,11947,1.1680741166770205
hardware_session0,11948,1.3444924318344695
hardware_session0,11949,0.4839792023808034
hardware_session0,11950,1.5371282188587707
hardware_session0,11951,1.2899873829673427
hardware_session0,11952,1.5647349541289406
hardware_session0,11953,0.3725919113982438
hardware_session0,11954,0.9747485655101257
hardware_session0,11955,0.7744349942767086
hardware_session0,11956,0.5269154836072446
hardware_session0,11957,1.5609563328174085
hardware_session0,11958,2.097122893459491
hardware_session0,11959,1.1164557969858842
hardware_session0,11960,0.7174492462060948
hardware_session0,11961,1.054481449847817
hardware_session0,11962,1.0938718983884388
hardware_session0,11963,1.4867906712954848
hardware_session0,11964,0.6031559038863389
hardware_session0,11965,1.5123800259901474
hardware_session0,11966,0.7061392067953178
hardware_session0,11967,0.9190458106623804
hardware_session0,11968,0.37962017936084796
hardware_session0,11969,0.7986210268347477
hardware_session0,11970,1.810184274818447
hardware_session0,11971,0.8107954285316344
hardware_session0,11972,1.2181457583801965
hardware_session0,11973,2.2742226748887897
hardware_session0,11974,2.3579824579190096
hardware_session0,11975,0.9303578400110856
hardware_session0,11976,2.335475001789768
hardware_session0,11977,1.2345128848066922
hardware_session0,11978,2.800006236726369
hardware_session0,11979,0.7758973229392201
hardware_session0,11980,0.6477590404422798
hardware_session0,11981,0.8384978286549677
hardware_session0,11982,1.3305498123782928
hardware_session0,11983,1.9327060939444534
hardware_session0,11984,1.4319906693871018
hardware_session0,11985,1.6937942814008056
hardware_session0,11986,0.8195921006284651
hardware_session0,11987,0.5664364787713625
hardware_session0,11988,1.241418175865465
hardware_session0,11989,0.9759643768283073
hardware_session0,11990,0.7259982377547294
hardware_session0,11991,0.9993719807199121
hardware_session0,11992,1.011031697660516
hardware_session0,11993,1.5341562254197325
hardware_session0,11994,0.9943948251030227
hardware_session0,11995,1.1236407283332837
hardware_session0,11996,1.2135771220797926
hardware_session0,11997,1.153476893672037
hardware_session0,11998,0.48792817958339263
hardware_session0,11999,0.5447745829424863
hardware_session0,12000,0.695245464196777
hardware_session0,12001,1.1632536602457664
hardware_session0,12002,0.5202425661259859
hardware_session0,12003,0.8464154505232826
hardware_session0,12004,1.329008463438596
hardware_session0,12005,0.5822871820623736
hardware_session0,12006,0.6972730174915911
hardware_session0,12007,1.8338270341575866
hardware_session0,12008,0.7252607650100626
hardware_session0,12009,0.6186026815606404
hardware_session0,12010,1.9595396581184945
hardware_session0,12011,1.8055176720312172
hardware_session0,12012,1.2654845647427666
hardware_session0,12013,1.1850792118168294
hardware_session0,12014,1.7025338353327204
hardware_session0,12015,2.6137072219538906
hardware_session0,12016,1.173473762101981
hardware_session0,12017,1.2415732887009652
hardware_session0,12018,0.7952324719949972
hardware_session0,12019,1.3614093000144283
hardware_session0,12020,0.6670364731273825
hardware_session0,12021,1.0726162992242259
hardware_session0,12022,1.1867898195577662
hardware_session0,12023,0.7386597410522143
hardware_session0,12024,0.6546715153119107
hardware_session0,12025,0.6744027101509639
hardware_session0,12026,1.2685503598031789
hardware_session0,12027,1.1901097260703632
hardware_session0,12028,1.3910916203773693
hardware_session0,12029,1.5326233141404177
hardware_session0,12030,2.17831268583702
hardware_session0,12031,0.8313852738309405
hardware_session0,12032,0.8187127870572118
hardware_session0,12033,2.7394697946092714
hardware_session0,12034,0.8752003133413153
hardware_session0,12035,0.5876912154316973
hardware_session0,12036,0.6834145297073176
hardware_session0,12037,1.9643923684737012
hardware_session0,12038,1.6426211749420676
hardware_session0,12039,1.3426976371573047
hardware_session0,12040,2.077119036907987
hardware_session0,12041,0.7591168977975246
hardware_session0,12042,1.130809865234921
hardware_session0,12043,1.9406340873088694
hardware_session0,12044,0.7672270593874658
hardware_session0,12045,2.097422507443906
hardware_session0,12046,0.5844162749795655
hardware_session0,12047,1.0913518292437607
hardware_session0,12048,1.4775890587743945
hardware_session0,12049,0.30066168795821907
hardware_session0,12050,1.696921289093451
hardware_session0,12051,0.566099270365356
hardware_session0,12052,0.9498710486000962
hardware_session0,12053,0.6370393295381906
hardware_session0,12054,1.3340440082085308
hardware_session0,12055,2.0310985861325714
hardware_session0,12056,1.0525163965750326
hardware_session0,12057,0.9036259030320793
hardware_session0,12058,1.556859641932979
hardware_session0,12059,0.637851993076633
hardware_session0,12060,1.1290633977084779
hardware_session0,12061,0.5107191264786282
hardware_session0,12062,1.0250439300673824
hardware_session0,12063,1.1817210790096766
hardware_session0,12064,0.6392620421107833
hardware_session0,12065,1.4747586803223185
hardware_session0,12066,0.8808050953351827
hardware_session0,12067,0.8178665235722669
hardware_session0,12068,1.005265789172428
hardware_session0,12069,1.1357501928032159
hardware_session0,12070,0.6672951910192314
hardware_session0,12071,1.774973300626117
hardware_session0,12072,0.68742834660325
hardware_session0,12073,1.045060774730684
hardware_session0,12074,2.3262149474534763
hardware_session0,12075,0.7830645290121359
hardware_session0,12076,0.531935741046853
hardware_session0,12077,0.7825119626232365
hardware_session0,12078,0.8835589629366181
hardware_session0,12079,0.8621437857322539
hardware_session0,12080,0.668066740530945
hardware_session0,12081,0.6992387419676378
hardware_session0,12082,1.7283779533362904
hardware_session0,12083,0.7346478962894528
hardware_session0,12084,1.3130132743730851
hardware_session0,12085,0.7909844209324727
hardware_session0,12086,0.6823151338841229
hardware_session0,12087,1.4066796063025642
hardware_session0,12088,0.8569363647657582
hardware_session0,12089,0.6156250272980468
hardware_session0,12090,0.44664841165015934
hardware_session0,12091,1.559063729922268
hardware_session0,12092,0.6717309139535105
hardware_session0,12093,1.1735151284733443
hardware_session0,12094,1.0082107401260556
hardware_session0,12095,0.7265708178062122
hardware_session0,12096,0.8621586835231573
hardware_session0,12097,0.7532581581249564
hardware_session0,12098,0.7456997882684824
hardware_session0,12099,0.8265856220651661
hardware_session0,12100,0.991866429357721
hardware_session0,12101,1.7955508901849346
hardware_session0,12102,0.5839634199445015
hardware_session0,12103,0.97846706684976
hardware_session0,12104,0.7349909823430854
hardware_session0,12105,0.577804347866011
hardware_session0,12106,1.0599771176529211
hardware_session0,12107,0.5142980565729919
hardware_session0,12108,1.4969676192883399
hardware_session0,12109,1.5387611219021875
hardware_session0,12110,1.1722568933285515
hardware_session0,12111,0.6257485170255428
hardware_session0,12112,1.25174569178041
hardware_session0,12113,0.4867816727320094
hardware_session0,12114,0.6522870811516981
hardware_session0,12115,0.7181624387913055
hardware_session0,12116,0.8077889122203125
hardware_session0,12117,1.0280623012255594
hardware_session0,12118,0.4743212211766872
hardware_session0,12119,1.1664998532939932
hardware_session0,12120,2.4309909478698044
hardware_session0,12121,0.5209125072424505
hardware_session0,12122,1.6021872451402699
hardware_session0,12123,0.7092120671253943
hardware_session0,12124,1.6425866178716078
hardware_session0,12125,1.8669730702860952
hardware_session0,12126,2.0105011616709807
hardware_session0,12127,1.620339634896476
hardware_session0,12128,0.5206590277858277
hardware_session0,12129,1.9425919655869963
hardware_session0,12130,1.0352434466684959
hardware_session0,12131,0.6761597957517453
hardware_session0,12132,0.45890546668342863
hardware_session0,12133,0.8046882169078281
hardware_session0,12134,0.7791566245179153
hardware_session0,12135,0.6283200125344176
hardware_session0,12136,0.5087008416011469
hardware_session0,12137,0.7518228453950262
hardware_session0,12138,0.9209578809655236
hardware_session0,12139,0.7144300182627844
hardware_session0,12140,0.5548703103679289
hardware_session0,12141,1.2956267983838763
hardware_session0,12142,0.6515019645682124
hardware_session0,12143,1.170158762537565
hardware_session0,12144,0.7188584085459748
hardware_session0,12145,1.3723783280295945
hardware_session0,12146,0.8194399855131063
hardware_session0,12147,0.5648142087081304
hardware_session0,12148,0.8428880995951983
hardware_session0,12149,0.6363890464982848
hardware_session0,12150,0.5177358281572825
hardware_session0,12151,1.4727361989906296
hardware_session0,12152,0.7150294753742802
hardware_session0,12153,0.5085677708692727
hardware_session0,12154,0.4660873976969929
hardware_session0,12155,1.059311167930694
hardware_session0,12156,0.6301214154348324
hardware_session0,12157,1.4314714681368752
hardware_session0,12158,0.6955183188532671
hardware_session0,12159,1.1551174358667649
hardware_session0,12160,0.39780368635974994
hardware_session0,12161,1.4294060811615614
hardware_session0,12162,0.8630316084205653
hardware_session0,12163,1.0336304292694503
hardware_session0,12164,0.7914794441604583
hardware_session0,12165,1.5441098020340305
hardware_session0,12166,0.8387055091046206
hardware_session0,12167,1.7848003973019155
hardware_session0,12168,0.8278419442056879
hardware_session0,12169,1.0809248049060816
hardware_session0,12170,1.1411030279598637
hardware_session0,12171,0.5556413813386071
hardware_session0,12172,1.4703189484695198
hardware_session0,12173,1.904606280338363
hardware_session0,12174,0.8157942870948097
hardware_session0,12175,1.3243224387333041
hardware_session0,12176,0.6647066366647028
hardware_session0,12177,1.3124439868202562
hardware_session0,12178,1.530845029446066
hardware_session0,12179,0.8026688643287938
hardware_session0,12180,1.3537932272399391
hardware_session0,12181,1.7173548104398946
hardware_session0,12182,1.0374763267334157
hardware_session0,12183,0.5926668240884984
hardware_session0,12184,1.2639281597806886
hardware_session0,12185,0.8650632216681664
hardware_session0,12186,1.4987471123461866
hardware_session0,12187,0.8260982277628355
hardware_session0,12188,0.7018291883913572
hardware_session0,12189,1.3767584736373017
hardware_session0,12190,1.4284614654857513
hardware_session0,12191,1.814641077980169
hardware_session0,12192,0.508689241142168
hardware_session0,12193,1.8253484991078004
hardware_session0,12194,2.600779113624818
hardware_session0,12195,1.1559247326329414
hardware_session0,12196,1.2943121690524382
hardware_session0,12197,0.507957221571016
hardware_session0,12198,0.7575292885043616
hardware_session0,12199,0.9555577209616329
hardware_session0,12200,0.5348448644441789
hardware_session0,12201,2.137461164528063
hardware_session0,12202,1.1384209578414684
hardware_session0,12203,2.523274269012834
hardware_session0,12204,0.802801802622928
hardware_session0,12205,0.5794231839906298
hardware_session0,12206,0.49691485047957856
hardware_session0,12207,0.6447692728879361
hardware_session0,12208,1.7003790263362442
hardware_session0,12209,1.3312476610350465
hardware_session0,12210,1.6337520968763506
hardware_session0,12211,2.290367070114188
hardware_session0,12212,0.8610655932106945
hardware_session0,12213,0.6688086928642579
hardware_session0,12214,0.5389266094153962
hardware_session0,12215,0.7424218393130946
hardware_session0,12216,1.962818314025065
hardware_session0,12217,1.1095233373000248
hardware_session0,12218,0.7194510529518173
hardware_session0,12219,0.49188432875935845
hardware_session0,12220,0.7540973686192877
hardware_session0,12221,0.6817041023059205
hardware_session0,12222,0.7734710840788857
hardware_session0,12223,0.6463707958283648
hardware_session0,12224,0.9286926087608245
hardware_session0,12225,0.6669493999428135
hardware_session0,12226,1.3415179019929768
hardware_session0,12227,0.5826019400455873
hardware_session0,12228,1.652851407413376
hardware_session0,12229,0.7121852380032252
hardware_session0,12230,1.504820672141911
hardware_session0,12231,1.225393661690345
hardware_session0,12232,1.770529528840785
hardware_session0,12233,1.2685684655077445
hardware_session0,12234,1.5473707201562412
hardware_session0,12235,1.3597319192928639
hardware_session0,12236,0.5327423392733124
hardware_session0,12237,0.396048784011009
hardware_session0,12238,1.328909600171263
hardware_session0,12239,0.7201642241498062
hardware_session0,12240,1.5347216168761315
hardware_session0,12241,1.5631718337567095
hardware_session0,12242,0.990011409149755
hardware_session0,12243,1.1953929746914502
hardware_session0,12244,0.8861989100314074
hardware_session0,12245,0.6614367416797848
hardware_session0,12246,1.8521435775619774
hardware_session0,12247,0.9746977068315883
hardware_session0,12248,1.0385449640272664
hardware_session0,12249,0.9783793723021303
hardware_session0,12250,1.346835675498004
hardware_session0,12251,1.6281153672959787
hardware_session0,12252,1.2636931026996745
hardware_session0,12253,0.566621348050439
hardware_session0,12254,0.9224960244733663
hardware_session0,12255,0.921123375802029
hardware_session0,12256,0.5443169982763566
hardware_session0,12257,2.571697576487834
hardware_session0,12258,1.5364043419316218
hardware_session0,12259,0.9893460786209444
hardware_session0,12260,1.0251423156470445
hardware_session0,12261,1.4276208093575642
hardware_session0,12262,0.6630595630250395
hardware_session0,12263,0.7598626158329888
hardware_session0,12264,0.8399935071680417
hardware_session0,12265,0.8783661593670843
hardware_session0,12266,1.6865161254856529
hardware_session0,12267,1.5682943473188713
hardware_session0,12268,1.1766659446381846
hardware_session0,12269,0.8102928016891997
hardware_session0,12270,0.9670728280698804
hardware_session0,12271,1.6732688141918834
hardware_session0,12272,1.4679978981422654
hardware_session0,12273,1.1505051948611307
hardware_session0,12274,0.7667536180036908
hardware_session0,12275,0.5166030939627217
hardware_session0,12276,1.8062782297560216
hardware_session0,12277,1.1142051688076182
hardware_session0,12278,1.832192718747961
hardware_session0,12279,1.1572298073459781
hardware_session0,12280,0.8552285456632607
hardware_session0,12281,0.5284439184565063
hardware_session0,12282,1.1330668034348346
hardware_session0,12283,1.7666546532679512
hardware_session0,12284,1.846901647923105
hardware_session0,12285,1.2178749337744001
hardware_session0,12286,1.2194641352320108
hardware_session0,12287,0.7465510841501901
hardware_session0,12288,0.6102107126740357
hardware_session0,12289,1.1593932600456578
hardware_session0,12290,0.843689396933777
hardware_session0,12291,1.6480820008219716
hardware_session0,12292,1.1795102265150583
hardware_session0,12293,0.3025901377714561
hardware_session0,12294,0.7186269986826146
hardware_session0,12295,0.7487639790970296
hardware_session0,12296,1.9919326364540988
hardware_session0,12297,0.7702404424364233
hardware_session0,12298,0.6950585115772726
hardware_session0,12299,1.1075738752133104
hardware_session0,12300,1.1193088090293453
hardware_session0,12301,1.0881140731245293
hardware_session0,12302,1.8761015709336668
hardware_session0,12303,1.5877944769156396
hardware_session0,12304,0.9278535084348555
hardware_session0,12305,1.09615236058661
hardware_session0,12306,1.3516150291851752
hardware_session0,12307,0.9860810097858078
hardware_session0,12308,0.5652609963948177
hardware_session0,12309,0.9272556942891054
hardware_session0,12310,0.9083524091062842
hardware_session0,12311,0.7626430484802951
hardware_session0,12312,0.6521713487729796
hardware_session0,12313,0.6810348267896952
hardware_session0,12314,0.9451482563019826
hardware_session0,12315,0.8175182338160819
hardware_session0,12316,1.388488569109767
hardware_session0,12317,0.546124912310003
hardware_session0,12318,1.264334393986035
hardware_session0,12319,0.9199568869740749
hardware_session0,12320,0.5019568239793902
hardware_session0,12321,2.8044673115591516
hardware_session0,12322,1.6546669604215587
hardware_session0,12323,0.912679195623922
hardware_session0,12324,1.371368134042911
hardware_session0,12325,1.339519335819726
hardware_session0,12326,1.4540099391799588
hardware_session0,12327,2.6800372943234154
hardware_session0,12328,0.7079758021328119
hardware_session0,12329,1.3212062602982904
hardware_session0,12330,1.9075506450391608
hardware_session0,12331,0.656197378023492
hardware_session0,12332,0.42826726407658955
hardware_session0,12333,0.60812928738088
hardware_session0,12334,1.0081634192587736
hardware_session0,12335,0.7965170670948146
hardware_session0,12336,1.4136350210683244
hardware_session0,12337,1.1917531575448785
hardware_session0,12338,1.324108365615631
hardware_session0,12339,1.8463063803585285
hardware_session0,12340,1.4744232953471073
hardware_session0,12341,0.5959755890623422
hardware_session0,12342,1.2326916067946574
hardware_session0,12343,1.4127596279603105
hardware_session0,12344,1.4224630514069265
hardware_session0,12345,0.6786051278922662
hardware_session0,12346,1.0392393278288616
hardware_session0,12347,0.5940778825260429
hardware_session0,12348,1.7066161473250743
hardware_session0,12349,0.6699554325035033
hardware_session0,12350,1.0180951069421735
hardware_session0,12351,1.5668162428604941
hardware_session0,12352,0.942120363834584
hardware_session0,12353,1.4532716487492026
hardware_session0,12354,1.3955566542565632
hardware_session0,12355,1.2442502245629254
hardware_session0,12356,0.892433450971653
hardware_session0,12357,1.330405552880709
hardware_session0,12358,1.7529031434712323
hardware_session0,12359,0.6218609129024818
hardware_session0,12360,1.2616818147003177
hardware_session0,12361,1.4305877853817968
hardware_session0,12362,1.4714351152364458
hardware_session0,12363,1.2430324991656403
hardware_session0,12364,1.706947365793356
hardware_session0,12365,0.496564735671775
hardware_session0,12366,1.1472328523018176
hardware_session0,12367,1.4432183728521657
hardware_session0,12368,0.6804892536004258
hardware_session0,12369,0.9133762783819527
hardware_session0,12370,1.0800501816712411
hardware_session0,12371,1.5455792283120426
hardware_session0,12372,0.8110670373523697
hardware_session0,12373,1.045361747754527
hardware_session0,12374,0.5098946347150659
hardware_session0,12375,1.1882952130262707
hardware_session0,12376,0.7458272796910548
hardware_session0,12377,0.48044878368497385
hardware_session0,12378,1.0735069332189577
hardware_session0,12379,0.587561194089448
hardware_session0,12380,0.518582786804605
hardware_session0,12381,0.43163140905244884
hardware_session0,12382,0.7857468521735314
hardware_session0,12383,1.2227692956158716
hardware_session0,12384,1.1716053683627285
hardware_session0,12385,0.8775546379509706
hardware_session0,12386,0.6977786727556027
hardware_session0,12387,0.6117578866315898
hardware_session0,12388,0.8709241811050907
hardware_session0,12389,1.3896246357164614
hardware_session0,12390,1.3549277639074873
hardware_session0,12391,0.6260413008984664
hardware_session0,12392,1.261720679177935
hardware_session0,12393,1.0549619298606068
hardware_session0,12394,1.8693891855087068
hardware_session0,12395,1.9319684970400703
hardware_session0,12396,0.4332466020712428
hardware_session0,12397,1.5143104571833588
hardware_session0,12398,1.1487668322879128
hardware_session0,12399,0.9454536782932457
hardware_session0,12400,1.1696119263343048
hardware_session0,12401,0.5319769636303602
hardware_session0,12402,0.8841852517924136
hardware_session0,12403,1.4162041939072672
hardware_session0,12404,0.9413362324209297
hardware_session0,12405,0.9002343102776096
hardware_session0,12406,0.9781683633547036
hardware_session0,12407,1.3911968482124246
hardware_session0,12408,0.6769767587363404
hardware_session0,12409,1.7884720128577194
hardware_session0,12410,1.4328771153585431
hardware_session0,12411,2.7390883606026564
hardware_session0,12412,0.6923446041720935
hardware_session0,12413,1.3656608260060148
hardware_session0,12414,0.559939527880282
hardware_session0,12415,2.276160790268307
hardware_session0,12416,1.2826839830949497
hardware_session0,12417,0.7329083847855656
hardware_session0,12418,0.8071978954176202
hardware_session0,12419,1.5747158047947882
hardware_session0,12420,0.6451985440809387
hardware_session0,12421,0.6971193103752161
hardware_session0,12422,0.832414398980477
hardware_session0,12423,1.3973263073136106
hardware_session0,12424,0.5830447230880778
hardware_session0,12425,1.3360271046151024
hardware_session0,12426,0.6846086744686193
hardware_session0,12427,0.7664031557064576
hardware_session0,12428,0.9035171040558427
hardware_session0,12429,1.4104452974734372
hardware_session0,12430,0.5804784904677963
hardware_session0,12431,0.6726628812550025
hardware_session0,12432,1.3551566506867034
hardware_session0,12433,0.8633232265282434
hardware_session0,12434,1.6973129420150141
hardware_session0,12435,0.5244989789245843
hardware_session0,12436,1.17342350989962
hardware_session0,12437,0.6057124932315727
hardware_session0,12438,1.0350164652446636
hardware_session0,12439,1.4649579383196336
hardware_session0,12440,1.0028328317163777
hardware_session0,12441,1.173846754347097
hardware_session0,12442,0.5197938733953971
hardware_session0,12443,0.9633686810092533
hardware_session0,12444,1.0121656558324112
hardware_session0,12445,0.9700910600839274
hardware_session0,12446,0.92287682827182
hardware_session0,12447,0.6680532340118386
hardware_session0,12448,1.0574280071378712
hardware_session0,12449,1.1448346130615334
hardware_session0,12450,0.5361088045976353
hardware_session0,12451,1.7575989566497725
hardware_session0,12452,1.436267060421662
hardware_session0,12453,0.7113124363718997
hardware_session0,12454,0.696902361627236
hardware_session0,12455,0.6669920024300787
hardware_session0,12456,2.1048558488034375
hardware_session0,12457,1.3186826066655726
hardware_session0,12458,0.8572651576504073
hardware_session0,12459,1.0255845627688709
hardware_session0,12460,0.9079309483732617
hardware_session0,12461,0.6764003886356316
hardware_session0,12462,0.9285898377049565
hardware_session0,12463,1.0139630173501466
hardware_session0,12464,1.544139710310521
hardware_session0,12465,0.851507742165159
hardware_session0,12466,0.5234227702482925
hardware_session0,12467,0.857520309953887
hardware_session0,12468,1.0288855747558874
hardware_session0,12469,0.6733630940720783
hardware_session0,12470,0.997656669451191
hardware_session0,12471,0.7722415287262266
hardware_session0,12472,0.5443649751407443
hardware_session0,12473,2.145782354275228
hardware_session0,12474,0.9696522736535071
hardware_session0,12475,0.733545992574837
hardware_session0,12476,2.545238818465064
hardware_session0,12477,0.8033175952581263
hardware_session0,12478,1.0205252114356214
hardware_session0,12479,1.0151115228598
hardware_session0,12480,0.947604492024381
hardware_session0,12481,0.9139508700078148
hardware_session0,12482,0.4651987071560653
hardware_session0,12483,0.569003357822394
hardware_session0,12484,0.8556572792308659
hardware_session0,12485,0.6486656966049831
hardware_session0,12486,1.0858851902910496
hardware_session0,12487,2.2004139042941397
hardware_session0,12488,0.6418559404730498
hardware_session0,12489,0.5432028664256906
hardware_session0,12490,1.311369094643301
hardware_session0,12491,1.0096465504201704
hardware_session0,12492,1.7628167355356692
hardware_session0,12493,0.6817358017378762
hardware_session0,12494,1.0548618098450346
hardware_session0,12495,1.101240326276514
hardware_session0,12496,0.8839315730454568
hardware_session0,12497,2.2689617069495074
hardware_session0,12498,1.5040656166092004
hardware_session0,12499,0.9224921961965273
hardware_session0,12500,0.5358522964729041
hardware_session0,12501,1.24237859676831
hardware_session0,12502,1.3700606374669
hardware_session0,12503,1.327839882834124
hardware_session0,12504,1.1879668545881774
hardware_session0,12505,1.1318644868546843
hardware_session0,12506,0.9873071973004015
hardware_session0,12507,0.6623407053842345
hardware_session0,12508,1.0385643229131734
hardware_session0,12509,0.4958589000464281
hardware_session0,12510,0.43240789583172345
hardware_session0,12511,1.6293519727843184
hardware_session0,12512,0.7566706732601168
hardware_session0,12513,1.1858652101447011
hardware_session0,12514,1.0018694175072465
hardware_session0,12515,0.47769619929544144
hardware_session0,12516,0.6110881864278223
hardware_session0,12517,1.450380961008998
hardware_session0,12518,0.615732885168547
hardware_session0,12519,0.8282351536854653
hardware_session0,12520,0.9995573932723795
hardware_session0,12521,0.7186590031171587
hardware_session0,12522,0.3938617813760087
hardware_session0,12523,1.0500716964510701
hardware_session0,12524,0.6808287880031483
hardware_session0,12525,0.4524092629241569
hardware_session0,12526,1.2548709032616965
hardware_session0,12527,1.3532666939969522
hardware_session0,12528,0.7106877322150641
hardware_session0,12529,0.9707475370645962
hardware_session0,12530,0.8816312478597087
hardware_session0,12531,1.1502135331821044
hardware_session0,12532,1.1470834550368336
hardware_session0,12533,0.6781985910898716
hardware_session0,12534,0.8264589390194721
hardware_session0,12535,1.1798025795927807
hardware_session0,12536,0.7196170970671809
hardware_session0,12537,1.7790206276446427
hardware_session0,12538,1.3980251683954514
hardware_session0,12539,1.2577581412773993
hardware_session0,12540,0.4541839097688052
hardware_session0,12541,2.2888775218869464
hardware_session0,12542,1.6949932070214573
hardware_session0,12543,1.3732286350322995
hardware_session0,12544,1.8250152241437716
hardware_session0,12545,0.5498173435122929
hardware_session0,12546,0.6781749910209337
hardware_session0,12547,1.2309790573780248
hardware_session0,12548,1.6681587395423094
hardware_session0,12549,1.390049545283882
hardware_session0,12550,0.568677051686921
hardware_session0,12551,0.8286522246765713
hardware_session0,12552,1.1060964788973107
hardware_session0,12553,0.758374468218841
hardware_session0,12554,1.6772264260588465
hardware_session0,12555,1.2190134793317189
hardware_session0,12556,1.2495936612679703
hardware_session0,12557,0.5025637671695844
hardware_session0,12558,0.6541865256728143
hardware_session0,12559,1.1400575269174822
hardware_session0,12560,0.9798902658487824
hardware_session0,12561,1.7710544199733167
hardware_session0,12562,1.433607261510864
hardware_session0,12563,0.644027941219483
hardware_session0,12564,0.6523408260353272
hardware_session0,12565,0.4930007105866191
hardware_session0,12566,0.8335889991254946
hardware_session0,12567,0.6690563469741403
hardware_session0,12568,1.1517973048880876
hardware_session0,12569,1.823061828146865
hardware_session0,12570,1.339583451217594
hardware_session0,12571,1.5347550118856266
hardware_session0,12572,1.030745874504722
hardware_session0,12573,1.1033224114539604
hardware_session0,12574,0.9451980065920224
hardware_session0,12575,1.5670869105239933
hardware_session0,12576,0.7125527654810921
hardware_session0,12577,1.6604092493180242
hardware_session0,12578,0.9636643295478015
hardware_session0,12579,1.802556142749128
hardware_session0,12580,1.7698023841764492
hardware_session0,12581,0.5196104321167356
hardware_session0,12582,0.7668218121512937
hardware_session0,12583,1.1683887483056594
hardware_session0,12584,0.9328784584869632
hardware_session0,12585,1.167823122620169
hardware_session0,12586,0.7935522026113337
hardware_session0,12587,1.3008633496999267
hardware_session0,12588,1.225230310943468
hardware_session0,12589,1.0385998141700077
hardware_session0,12590,0.8302201814085715
hardware_session0,12591,1.2742421463018836
hardware_session0,12592,0.5124300127666972
hardware_session0,12593,1.311764354477868
hardware_session0,12594,1.2616779835575027
hardware_session0,12595,1.0945439181723975
hardware_session0,12596,0.7546738878123933
hardware_session0,12597,1.602992985581502
hardware_session0,12598,1.021576925450084
hardware_session0,12599,1.7097711842367183
hardware_session0,12600,0.45874121570299203
hardware_session0,12601,0.622386185410564
hardware_session0,12602,0.6931830907110037
hardware_session0,12603,1.258113378190951
hardware_session0,12604,0.766213852509385
hardware_session0,12605,0.6246028312378908
hardware_session0,12606,1.2462328251413581
hardware_session0,12607,0.7551396125358765
hardware_session0,12608,0.6898425037345017
hardware_session0,12609,1.9626871877169152
hardware_session0,12610,1.5775440204112197
hardware_session0,12611,1.0453731116511522
hardware_session0,12612,0.9308320324317412
hardware_session0,12613,1.331174414061524
hardware_session0,12614,0.31306883799767427
hardware_session0,12615,1.1786736034722536
hardware_session0,12616,2.0688238467065627
hardware_session0,12617,0.8007618133009188
hardware_session0,12618,0.5671771058358895
hardware_session0,12619,2.08294672177283
hardware_session0,12620,1.7884632364005137
hardware_session0,12621,0.5280033436033963
hardware_session0,12622,0.580095239434576
hardware_session0,12623,0.6052261080633351
hardware_session0,12624,1.0187936225004939
hardware_session0,12625,1.5874546098982318
hardware_session0,12626,0.7911880163669293
hardware_session0,12627,1.558248900476544
hardware_session0,12628,1.3429904605256757
hardware_session0,12629,1.8875532147541947
hardware_session0,12630,1.2528400540622842
hardware_session0,12631,1.6536400418068875
hardware_session0,12632,1.719892213511167
hardware_session0,12633,0.4221813067356692
hardware_session0,12634,1.3516875137272686
hardware_session0,12635,0.6288140825124798
hardware_session0,12636,0.7088985579048822
hardware_session0,12637,0.38052744443137293
hardware_session0,12638,2.003857597751291
hardware_session0,12639,1.1159847173577655
hardware_session0,12640,0.5900557700167351
hardware_session0,12641,1.4064457145759575
hardware_session0,12642,1.1579827119241057
hardware_session0,12643,2.1692958316629167
hardware_session0,12644,0.43139251916354304
hardware_session0,12645,0.7480427059479517
hardware_session0,12646,0.6377597333710818
hardware_session0,12647,0.9538700545928974
hardware_session0,12648,0.4887220290674291
hardware_session0,12649,0.5632108227398114
hardware_session0,12650,1.1188908395071187
hardware_session0,12651,0.7842504358561783
hardware_session0,12652,0.4956253652150802
hardware_session0,12653,0.9459462950038477
hardware_session0,12654,0.8097300303104188
hardware_session0,12655,2.4256057904573165
hardware_session0,12656,1.2282229217355065
hardware_session0,12657,0.8539294597595585
hardware_session0,12658,1.6151287556156264
hardware_session0,12659,0.8636009491833508
hardware_session0,12660,0.5263262096670146
hardware_session0,12661,1.0638629036590568
hardware_session0,12662,1.294546194710798
hardware_session0,12663,0.7268894682972786
hardware_session0,12664,0.8597759105713073
hardware_session0,12665,1.176590528081973
hardware_session0,12666,0.4483904291322015
hardware_session0,12667,1.851021686094556
hardware_session0,12668,0.8663033609376302
hardware_session0,12669,0.5444955900831414
hardware_session0,12670,0.6470193004111248
hardware_session0,12671,0.7095305464318636
hardware_session0,12672,0.7171303692932786
hardware_session0,12673,1.2869682181083268
hardware_session0,12674,0.8820935450467721
hardware_session0,12675,1.1384704205827845
hardware_session0,12676,1.8739946600382664
hardware_session0,12677,1.7204882858359718
hardware_session0,12678,0.8191641040381886
hardware_session0,12679,0.6228399124953913
hardware_session0,12680,1.6443512349797456
hardware_session0,12681,0.6896581724862162
hardware_session0,12682,0.4402271691192799
hardware_session0,12683,0.518750059493587
hardware_session0,12684,1.334116503035211
hardware_session0,12685,1.2600499740330973
hardware_session0,12686,0.6739541265637019
hardware_session0,12687,2.0680443843702316
hardware_session0,12688,2.0554657127931333
hardware_session0,12689,1.0133707824134957
hardware_session0,12690,0.9893459197658253
hardware_session0,12691,1.5610912098339729
hardware_session0,12692,1.7804306755700576
hardware_session0,12693,1.3114321061502474
hardware_session0,12694,0.7945398735700011
hardware_session0,12695,1.2017285534475577
hardware_session0,12696,2.127510650893464
hardware_session0,12697,0.9861198676780719
hardware_session0,12698,0.864922714293524
hardware_session0,12699,0.9308469000367399
hardware_session0,12700,0.8489441060186094
hardware_session0,12701,0.701658928283858
hardware_session0,12702,0.7264389492428756
hardware_session0,12703,0.7800368296340846
hardware_session0,12704,1.358132839338605
hardware_session0,12705,0.6843261528146557
hardware_session0,12706,1.3758714784895294
hardware_session0,12707,1.0079149436225738
hardware_session0,12708,1.5370140846880125
hardware_session0,12709,2.5281720948415667
hardware_session0,12710,0.7881907742291386
hardware_session0,12711,0.9601723640008318
hardware_session0,12712,0.9339625846294041
hardware_session0,12713,0.4856662908864179
hardware_session0,12714,1.0677649740307527
hardware_session0,12715,0.782258232826018
hardware_session0,12716,0.7360623930120951
hardware_session0,12717,0.5567022164793934
hardware_session0,12718,0.5782912237688537
hardware_session0,12719,0.965891759252836
hardware_session0,12720,0.4596674090823324
hardware_session0,12721,1.084366162246321
hardware_session0,12722,1.1408334677228025
hardware_session0,12723,0.5215906318889194
hardware_session0,12724,0.6533027303580566
hardware_session0,12725,2.0560025623131803
hardware_session0,12726,2.48822420890186
hardware_session0,12727,2.0408782275322634
hardware_session0,12728,1.438220489473007
hardware_session0,12729,0.8226822756835145
hardware_session0,12730,0.40402303459595
hardware_session0,12731,0.7485357494250559
hardware_session0,12732,0.6560446988763046
hardware_session0,12733,0.5335552351588304
hardware_session0,12734,1.1231660164897899
hardware_session0,12735,2.417197741256365
hardware_session0,12736,2.1938529269710743
hardware_session0,12737,0.7623683639823037
hardware_session0,12738,1.2134694951648821
hardware_session0,12739,1.7509707150947649
hardware_session0,12740,1.6616532635769816
hardware_session0,12741,0.9881447416588559
hardware_session0,12742,0.8749462361019008
hardware_session0,12743,0.531346317679577
hardware_session0,12744,1.1225539324076492
hardware_session0,12745,0.7374393717459502
hardware_session0,12746,0.8977497520328669
hardware_session0,12747,1.2078951578562709
hardware_session0,12748,1.0163418483678954
hardware_session0,12749,1.1575025042708886
hardware_session0,12750,1.0246315245962136
hardware_session0,12751,1.0541119076656282
hardware_session0,12752,2.0748423458684284
hardware_session0,12753,1.51508817330236
hardware_session0,12754,1.034811709025769
hardware_session0,12755,1.0591963009104417
hardware_session0,12756,1.0641072280544948
hardware_session0,12757,1.504759961160962
hardware_session0,12758,0.6093691409009994
hardware_session0,12759,1.0841954708969757
hardware_session0,12760,1.2733727406505468
hardware_session0,12761,1.716673892473675
hardware_session0,12762,0.6508309355395387
hardware_session0,12763,1.3888904051507125
hardware_session0,12764,0.4898474340171698
hardware_session0,12765,0.4513848617844398
hardware_session0,12766,1.160833765644434
hardware_session0,12767,0.5213605923178268
hardware_session0,12768,0.6971305253895325
hardware_session0,12769,0.9084305095231049
hardware_session0,12770,0.5902851611466963
hardware_session0,12771,0.676757662231052
hardware_session0,12772,0.5843188895894434
hardware_session0,12773,0.9041976968108604
hardware_session0,12774,0.8374083492266516
hardware_session0,12775,0.7343814085728246
hardware_session0,12776,0.4737921636319312
hardware_session0,12777,1.2453266211612009
hardware_session0,12778,1.1526153186873875
hardware_session0,12779,0.6667325058888006
hardware_session0,12780,0.7400089031170511
hardware_session0,12781,1.125253600497757
hardware_session0,12782,0.5054609273987505
hardware_session0,12783,0.8258506173332792
hardware_session0,12784,0.6922548138729226
hardware_session0,12785,1.5561404735840585
hardware_session0,12786,1.146312828362438
hardware_session0,12787,0.6524231353668752
hardware_session0,12788,1.9493639296819167
hardware_session0,12789,0.4707431615001851
hardware_session0,12790,1.691326175229685
hardware_session0,12791,1.4088906893942028
hardware_session0,12792,1.9471811871617546
hardware_session0,12793,2.06497078751582
hardware_session0,12794,2.083107565005488
hardware_session0,12795,1.9102498380466355
hardware_session0,12796,0.6883318476521746
hardware_session0,12797,2.3387393498191438
hardware_session0,12798,0.7420996643507382
hardware_session0,12799,0.6349732016472754
hardware_session0,12800,0.7574703037684808
hardware_session0,12801,0.6747721925548682
hardware_session0,12802,1.420356613727418
hardware_session0,12803,0.8727903109834397
hardware_session0,12804,0.7179191326538266
hardware_session0,12805,1.0636551296334762
hardware_session0,12806,0.46320198627857756
hardware_session0,12807,0.5350411862486651
hardware_session0,12808,1.0218492972402444
hardware_session0,12809,0.6498971792231244
hardware_session0,12810,1.1437858160240133
hardware_session0,12811,0.4757232296703139
hardware_session0,12812,0.8253446622055988
hardware_session0,12813,2.3450257446357936
hardware_session0,12814,1.2803978647155183
hardware_session0,12815,1.3993126520434929
hardware_session0,12816,1.5433354751414345
hardware_session0,12817,0.5997331678673665
hardware_session0,12818,0.7422623309849017
hardware_session0,12819,0.7438454406398202
hardware_session0,12820,0.45539505543711334
hardware_session0,12821,0.8549851843346221
hardware_session0,12822,0.4967860319732517
hardware_session0,12823,0.635054633058344
hardware_session0,12824,1.0442100930291138
hardware_session0,12825,1.9130887242405215
hardware_session0,12826,0.8225493181214378
hardware_session0,12827,0.4931727823600345
hardware_session0,12828,1.1473236883314133
hardware_session0,12829,2.0632005598851015
hardware_session0,12830,0.5609377220470209
hardware_session0,12831,0.6930746236034155
hardware_session0,12832,1.5633577209440215
hardware_session0,12833,0.8747827491928434
hardware_session0,12834,1.4495465218322263
hardware_session0,12835,1.5111429384157358
hardware_session0,12836,1.033455435104636
hardware_session0,12837,0.8748263768358587
hardware_session0,12838,0.5102967227390178
hardware_session0,12839,0.5920909616956977
hardware_session0,12840,1.3427832814277727
hardware_session0,12841,1.4362096223342204
hardware_session0,12842,0.8498298093187026
hardware_session0,12843,1.7667667368069526
hardware_session0,12844,0.956015438736969
hardware_session0,12845,0.41786869309043695
hardware_session0,12846,1.3399359574768643
hardware_session0,12847,0.9508119092374843
hardware_session0,12848,1.1314391873163074
hardware_session0,12849,0.9895244779586773
hardware_session0,12850,0.521206155780288
hardware_session0,12851,2.138306724590628
hardware_session0,12852,0.8161007156724359
hardware_session0,12853,2.945394302795548
hardware_session0,12854,0.33232683059618423
hardware_session0,12855,0.7487048098148427
hardware_session0,12856,0.8543816107651195
hardware_session0,12857,1.3840544047755592
hardware_session0,12858,2.367751806858475
hardware_session0,12859,0.7575354044099454
hardware_session0,12860,0.7046954638725861
hardware_session0,12861,0.8593700149768527
hardware_session0,12862,0.925430870327108
hardware_session0,12863,0.444833100302358
hardware_session0,12864,1.0665290083539292
hardware_session0,12865,0.7929607561706924
hardware_session0,12866,0.5276468880125026
hardware_session0,12867,1.1783840602404965
hardware_session0,12868,1.439802177998252
hardware_session0,12869,1.6131284126431542
hardware_session0,12870,0.5033334538739459
hardware_session0,12871,0.7234814485307854
hardware_session0,12872,1.189146572845804
hardware_session0,12873,1.0895982524420138
hardware_session0,12874,0.7454032547144623
hardware_session0,12875,1.6630840113495957
hardware_session0,12876,0.5278771538350869
hardware_session0,12877,1.2540253898373965
hardware_session0,12878,2.168843832704078
hardware_session0,12879,1.756256602204815
hardware_session0,12880,0.6922833325619713
hardware_session0,12881,0.8785608549134577
hardware_session0,12882,2.21809984774992
hardware_session0,12883,0.5760940647451116
hardware_session0,12884,0.9489000507758879
hardware_session0,12885,0.7183475140069655
hardware_session0,12886,1.1056857947936325
hardware_session0,12887,1.0926030072323376
hardware_session0,12888,0.9929948110501946
hardware_session0,12889,1.6910291921329141
hardware_session0,12890,1.1192426200467613
hardware_session0,12891,0.6332321179088818
hardware_session0,12892,1.0973419612587194
hardware_session0,12893,2.6878499446676205
hardware_session0,12894,1.1368343720971912
hardware_session0,12895,2.022781404747377
hardware_session0,12896,0.7080342528872086
hardware_session0,12897,1.4679301008364565
hardware_session0,12898,0.6844663993255793
hardware_session0,12899,0.8646382801827609
hardware_session0,12900,1.1017665950013695
hardware_session0,12901,1.9058819929686024
hardware_session0,12902,0.6044773360023483
hardware_session0,12903,0.599241725944732
hardware_session0,12904,0.879349862437352
hardware_session0,12905,1.36386297264938
hardware_session0,12906,1.6043080642100962
hardware_session0,12907,1.5871286746669924
hardware_session0,12908,1.889814955861876
hardware_session0,12909,0.5806233712106289
hardware_session0,12910,0.7743750493989529
hardware_session0,12911,1.408307405333767
hardware_session0,12912,1.1303895525542464
hardware_session0,12913,0.5801096617267254
hardware_session0,12914,1.8550364999075308
hardware_session0,12915,0.7118789614870797
hardware_session0,12916,0.647301795664331
hardware_session0,12917,0.7903819832803395
hardware_session0,12918,0.5466503900037303
hardware_session0,12919,0.5046315802851706
hardware_session0,12920,0.38049905197935224
hardware_session0,12921,1.287123563460234
hardware_session0,12922,1.949647164491922
hardware_session0,12923,1.516566724549108
hardware_session0,12924,1.5658192600970469
hardware_session0,12925,1.1220810678282347
hardware_session0,12926,1.658885281532507
hardware_session0,12927,1.0902986259894782
hardware_session0,12928,0.6363387620632116
hardware_session0,12929,1.2940059167605862
hardware_session0,12930,0.6794272965113426
hardware_session0,12931,0.6208526780324216
hardware_session0,12932,1.0617965292612994
hardware_session0,12933,1.428587502960648
hardware_session0,12934,0.8068846815999662
hardware_session0,12935,1.1412840856754742
hardware_session0,12936,0.9755046309448572
hardware_session0,12937,1.3415180555920516
hardware_session0,12938,0.9293900388266505
hardware_session0,12939,1.259806701239833
hardware_session0,12940,1.4120100674257337
hardware_session0,12941,1.3818986020209554
hardware_session0,12942,1.5931802553465761
hardware_session0,12943,0.6752904427748211
hardware_session0,12944,0.9052155644813892
hardware_session0,12945,0.4254543748319114
hardware_session0,12946,0.8354130350775355
hardware_session0,12947,2.1183521423913536
hardware_session0,12948,2.3235725039154977
hardware_session0,12949,1.135760750710236
hardware_session0,12950,0.6038193241829335
hardware_session0,12951,0.9423790109948629
hardware_session0,12952,1.3960940332088125
hardware_session0,12953,1.960025703383677
hardware_session0,12954,1.7584904952219578
hardware_session0,12955,1.4048441921880204
hardware_session0,12956,0.6911769031100312
hardware_session0,12957,1.2600876829470977
hardware_session0,12958,1.2125273594137302
hardware_session0,12959,0.7308644184781501
hardware_session0,12960,0.5205515394653829
hardware_session0,12961,0.705273646363088
hardware_session0,12962,0.7337519106016136
hardware_session0,12963,1.2757206253121098
hardware_session0,12964,1.4396337538979247
hardware_session0,12965,1.3538393176317505
hardware_session0,12966,2.2883062147407163
hardware_session0,12967,0.5500376592271025
hardware_session0,12968,0.8070084353945949
hardware_session0,12969,1.5298707058136143
hardware_session0,12970,0.4666708379346918
hardware_session0,12971,0.44372496156103536
hardware_session0,12972,1.8377061322287953
hardware_session0,12973,0.5982956976458808
hardware_session0,12974,0.7379633617371419
hardware_session0,12975,0.6287762343029423
hardware_session0,12976,0.7041224003584993
hardware_session0,12977,0.48695095024326907
hardware_session0,12978,1.2887791886490143
hardware_session0,12979,1.349314967527339
hardware_session0,12980,0.5728860793288396
hardware_session0,12981,0.9047932733935625
hardware_session0,12982,1.1893016971066344
hardware_session0,12983,0.6745383126776356
hardware_session0,12984,1.7562414169305014
hardware_session0,12985,1.6524874574855408
hardware_session0,12986,1.6488937106134987
hardware_session0,12987,0.6675607613933559
hardware_session0,12988,1.0288267967246307
hardware_session0,12989,2.111906542826813
hardware_session0,12990,0.6048454514037643
hardware_session0,12991,0.7119084372835546
hardware_session0,12992,2.1401280221953183
hardware_session0,12993,1.6194785890969068
hardware_session0,12994,1.412710662216227
hardware_session0,12995,0.836266473576433
hardware_session0,12996,1.2893003383685775
hardware_session0,12997,0.8084955729499002
hardware_session0,12998,0.546079288355391
hardware_session0,12999,0.6157878385271213
hardware_session0,13000,0.6703340620090479
hardware_session0,13001,1.453032062460234
hardware_session0,13002,0.5575042637507166
hardware_session0,13003,1.3691164241492249
hardware_session0,13004,0.7423023753505301
hardware_session0,13005,0.7438160949052394
hardware_session0,13006,0.7825996725846718
hardware_session0,13007,1.0301836091368015
hardware_session0,13008,0.868650182735225
hardware_session0,13009,0.7522434206782183
hardware_session0,13010,1.3720791457376897
hardware_session0,13011,0.9481353126382932
hardware_session0,13012,0.6329856956640786
hardware_session0,13013,0.5190452380139201
hardware_session0,13014,0.9646387482882458
hardware_session0,13015,0.9847761100443166
hardware_session0,13016,0.8778337107817367
hardware_session0,13017,1.1096796490885716
hardware_session0,13018,1.8500561717856108
hardware_session0,13019,1.1275622408820594
hardware_session0,13020,0.6565846589616653
hardware_session0,13021,0.47211099126665756
hardware_session0,13022,1.3086850394936937
hardware_session0,13023,0.7331333842234131
hardware_session0,13024,2.2664489260291183
hardware_session0,13025,2.302346540238209
hardware_session0,13026,1.344298251886024
hardware_session0,13027,1.3357930755398917
hardware_session0,13028,0.7960340740987345
hardware_session0,13029,0.5965949046892942
hardware_session0,13030,0.6040378288733058
hardware_session0,13031,1.6860808919624135
hardware_session0,13032,0.7141139168294607
hardware_session0,13033,1.7016035489235688
hardware_session0,13034,1.4356709434065542
hardware_session0,13035,0.5703563724041585
hardware_session0,13036,1.1097424463832677
hardware_session0,13037,1.1366447919922715
hardware_session0,13038,0.7955225394561783
hardware_session0,13039,0.8971921441827433
hardware_session0,13040,1.4581979483807084
hardware_session0,13041,1.599016436884368
hardware_session0,13042,0.41082157950096987
hardware_session0,13043,1.3133592076407132
hardware_session0,13044,0.7685322984494292
hardware_session0,13045,0.9687885188151507
hardware_session0,13046,0.6362664807876599
hardware_session0,13047,0.9307987111813493
hardware_session0,13048,0.90030369952613
hardware_session0,13049,0.966081031927838
hardware_session0,13050,0.7336922754757266
hardware_session0,13051,1.1267220333721493
hardware_session0,13052,1.348492941957505
hardware_session0,13053,2.1049883562074463
hardware_session0,13054,1.4231957471801313
hardware_session0,13055,0.750443464499879
hardware_session0,13056,1.047979900159393
hardware_session0,13057,1.141209512828864
hardware_session0,13058,2.033542978105905
hardware_session0,13059,0.5670348076979729
hardware_session0,13060,0.6875070466561248
hardware_session0,13061,0.8506741502080033
hardware_session0,13062,1.7654138593683466
hardware_session0,13063,1.0203854078912726
hardware_session0,13064,0.6981473687659551
hardware_session0,13065,2.1527596781776843
hardware_session0,13066,1.6373292835269166
hardware_session0,13067,0.6119494155878957
hardware_session0,13068,1.9459848507340727
hardware_session0,13069,1.1204718951044637
hardware_session0,13070,1.736426731234888
hardware_session0,13071,0.6737367197496437
hardware_session0,13072,0.8833104771309093
hardware_session0,13073,2.3848037400483686
hardware_session0,13074,1.951112180787099
hardware_session0,13075,0.5967839411243547
hardware_session0,13076,0.5755459171552162
hardware_session0,13077,0.727561950853175
hardware_session0,13078,0.9092779033192675
hardware_session0,13079,1.1033686847621094
hardware_session0,13080,2.3470643474774238
hardware_session0,13081,0.6736610357559664
hardware_session0,13082,0.8859750615063681
hardware_session0,13083,0.7895744754227003
hardware_session0,13084,0.7003368019890298
hardware_session0,13085,0.8484362916699854
hardware_session0,13086,1.068438074906936
hardware_session0,13087,1.537409796921781
hardware_session0,13088,0.6158157558270995
hardware_session0,13089,1.0591179097740984
hardware_session0,13090,0.8084607806704852
hardware_session0,13091,0.5959627001401188
hardware_session0,13092,0.5886926105506554
hardware_session0,13093,1.1156385533016213
hardware_session0,13094,0.8082451432731023
hardware_session0,13095,1.2160959470752721
hardware_session0,13096,1.4857914114822421
hardware_session0,13097,1.3724381480042291
hardware_session0,13098,0.6306393129077594
hardware_session0,13099,0.5700831890939216
hardware_session0,13100,2.4140181132353136
hardware_session0,13101,0.894914685323463
hardware_session0,13102,1.3056517744658347
hardware_session0,13103,0.5089352672114567
hardware_session0,13104,1.0653108142485985
hardware_session0,13105,0.9938581793419555
hardware_session0,13106,2.511269283002424
hardware_session0,13107,0.6140244750977638
hardware_session0,13108,0.4480070093424899
hardware_session0,13109,1.9515661047717014
hardware_session0,13110,2.215916203649825
hardware_session0,13111,0.8972411171608973
hardware_session0,13112,0.6604091780813104
hardware_session0,13113,0.8816516732400583
hardware_session0,13114,0.6240647112168448
hardware_session0,13115,0.6298690700095121
hardware_session0,13116,1.0546511811536383
hardware_session0,13117,2.1147376815610315
hardware_session0,13118,0.852714572413076
hardware_session0,13119,1.0628575801418934
hardware_session0,13120,1.4525509175962665
hardware_session0,13121,0.6227390553656178
hardware_session0,13122,1.653609800843732
hardware_session0,13123,0.5538552396450312
hardware_session0,13124,0.6675563908281464
hardware_session0,13125,0.6922143189788178
hardware_session0,13126,0.9380898382566095
hardware_session0,13127,0.5914956150368973
hardware_session0,13128,0.65200374457736
hardware_session0,13129,0.9227756146782138
hardware_session0,13130,1.167230853627498
hardware_session0,13131,0.7067528645021851
hardware_session0,13132,0.7258231920196209
hardware_session0,13133,0.854443837189033
hardware_session0,13134,1.6250261895396794
hardware_session0,13135,1.1771542545050655
hardware_session0,13136,0.6608527739424345
hardware_session0,13137,0.36687946057066734
hardware_session0,13138,0.44576235073117015
hardware_session0,13139,0.5461644130828146
hardware_session0,13140,0.7282925074820769
hardware_session0,13141,0.7631779744830498
hardware_session0,13142,1.6301456732543957
hardware_session0,13143,1.1249518753420287
hardware_session0,13144,1.9831335846343676
hardware_session0,13145,1.749247196964534
hardware_session0,13146,0.5496773454005509
hardware_session0,13147,1.2727987740437317
hardware_session0,13148,0.5142126734774249
hardware_session0,13149,1.1631851888750246
hardware_session0,13150,0.9968551385812422
hardware_session0,13151,1.6125452478679627
hardware_session0,13152,1.0058060941691633
hardware_session0,13153,1.3015562406067362
hardware_session0,13154,1.7306579046386417
hardware_session0,13155,0.8198839435953695
hardware_session0,13156,2.32182914219448
hardware_session0,13157,1.3375116937853282
hardware_session0,13158,0.5420004516714879
hardware_session0,13159,2.1777539124758354
hardware_session0,13160,2.275581669674474
hardware_session0,13161,0.6831210559264925
hardware_session0,13162,1.7570733541177626
hardware_session0,13163,0.8501903396868421
hardware_session0,13164,1.6202030920043773
hardware_session0,13165,1.4299675847775506
hardware_session0,13166,0.847916294744546
hardware_session0,13167,1.2127106208046452
hardware_session0,13168,0.9086967517811916
hardware_session0,13169,0.7658944763306879
hardware_session0,13170,1.744437220425941
hardware_session0,13171,0.9636263823697748
hardware_session0,13172,1.1497259521855985
hardware_session0,13173,0.7569466794234676
hardware_session0,13174,2.54796770327433
hardware_session0,13175,0.7947578701445093
hardware_session0,13176,0.7157869116067715
hardware_session0,13177,1.3986979613738246
hardware_session0,13178,1.4796881235072281
hardware_session0,13179,0.5793149454549888
hardware_session0,13180,1.2994957538456158
hardware_session0,13181,1.6094966320074
hardware_session0,13182,1.2851778576885653
hardware_session0,13183,0.9135910544962792
hardware_session0,13184,0.9800721444564338
hardware_session0,13185,0.9033123902097173
hardware_session0,13186,1.706947365793356
hardware_session0,13187,1.38671380684816
hardware_session0,13188,1.0194129513128984
hardware_session0,13189,1.3096384802634458
hardware_session0,13190,0.8699542766470812
hardware_session0,13191,0.9604667171277795
hardware_session0,13192,0.7199191413627049
hardware_session0,13193,0.6474848942106401
hardware_session0,13194,0.8052253896391376
hardware_session0,13195,0.7535972436288791
hardware_session0,13196,0.6239314430349563
hardware_session0,13197,0.5418866832064202
hardware_session0,13198,1.7007994932367756
hardware_session0,13199,0.814085514866316
hardware_session0,13200,1.956145672962719
hardware_session0,13201,0.9077131653510594
hardware_session0,13202,1.8849507051161405
hardware_session0,13203,0.6908818173777449
hardware_session0,13204,1.8472083413751685
hardware_session0,13205,0.5886924739860642
hardware_session0,13206,0.9682454307521069
hardware_session0,13207,0.6857334955507355
hardware_session0,13208,1.052831854541418
hardware_session0,13209,0.855140658583486
hardware_session0,13210,0.7970677832462192
hardware_session0,13211,0.9602415487570338
hardware_session0,13212,0.8551320371825515
hardware_session0,13213,0.9464130739723962
hardware_session0,13214,2.0296432099160175
hardware_session0,13215,1.3722663713155268
hardware_session0,13216,0.9554380016850518
hardware_session0,13217,0.5558853551238786
hardware_session0,13218,1.488465928950881
hardware_session0,13219,1.2775364166452563
hardware_session0,13220,0.7862008573557198
hardware_session0,13221,0.815440620574383
hardware_session0,13222,1.6378827415028647
hardware_session0,13223,0.9720336442067209
hardware_session0,13224,1.0911524009666185
hardware_session0,13225,0.6645817286112116
hardware_session0,13226,0.6144530311640692
hardware_session0,13227,0.4349274861858084
hardware_session0,13228,0.6320517111089977
hardware_session0,13229,1.3334165196934016
hardware_session0,13230,1.9812391721513258
hardware_session0,13231,1.5121125277236296
hardware_session0,13232,0.6290103613954293
hardware_session0,13233,0.752923586569493
hardware_session0,13234,0.9261734978644685
hardware_session0,13235,0.4656131129251339
hardware_session0,13236,1.2481617546338097
hardware_session0,13237,0.909504448087152
hardware_session0,13238,1.0487854306029984
hardware_session0,13239,0.617401763303491
hardware_session0,13240,0.7782495949213049
hardware_session0,13241,0.613504295431577
hardware_session0,13242,1.3960167318839383
hardware_session0,13243,2.5377827752904483
hardware_session0,13244,1.2158366973321884
hardware_session0,13245,0.4990133572609418
hardware_session0,13246,1.493713062174841
hardware_session0,13247,0.828881404797857
hardware_session0,13248,1.4915665732785168
hardware_session0,13249,0.6134301332126846
hardware_session0,13250,2.2179314840969333
hardware_session0,13251,0.6984307807755542
hardware_session0,13252,0.5557223843091783
hardware_session0,13253,0.706932314939028
hardware_session0,13254,1.3656786884227037
hardware_session0,13255,0.9716408797995487
hardware_session0,13256,0.7421383751308273
hardware_session0,13257,0.6650831167647308
hardware_session0,13258,0.5258717964696501
hardware_session0,13259,0.6230048719403508
hardware_session0,13260,1.1119451071304203
hardware_session0,13261,1.130985384579207
hardware_session0,13262,2.0476611613821696
hardware_session0,13263,0.6646701994636607
hardware_session0,13264,0.5057371748561214
hardware_session0,13265,0.5993769659235447
hardware_session0,13266,0.6388356178921909
hardware_session0,13267,1.2779062446767733
hardware_session0,13268,0.5782601414412256
hardware_session0,13269,0.5098992035984841
hardware_session0,13270,1.9183197600630781
hardware_session0,13271,1.726146229795616
hardware_session0,13272,1.611782984770714
hardware_session0,13273,1.109157262355428
hardware_session0,13274,1.040290314576702
hardware_session0,13275,1.9272141225612607
hardware_session0,13276,0.7080464752803004
hardware_session0,13277,0.7844832983347598
hardware_session0,13278,1.3600571019300718
hardware_session0,13279,0.796374920195028
hardware_session0,13280,1.3065819534031633
hardware_session0,13281,0.7422949212523079
hardware_session0,13282,2.3355282468606577
hardware_session0,13283,1.1950918584316959
hardware_session0,13284,1.753706242779942
hardware_session0,13285,0.631201006352676
hardware_session0,13286,1.0180462540211535
hardware_session0,13287,2.3830576094488976
hardware_session0,13288,0.4627939366135421
hardware_session0,13289,0.6912256886243936
hardware_session0,13290,1.3248456702338502
hardware_session0,13291,0.6051220101073942
hardware_session0,13292,1.4675320567228838
hardware_session0,13293,0.8115383956918502
hardware_session0,13294,1.5028118443785006
hardware_session0,13295,0.9526416959983118
hardware_session0,13296,0.9862450968633792
hardware_session0,13297,0.5415919957005343
hardware_session0,13298,1.3428847092112213
hardware_session0,13299,1.3589970448101525
hardware_session0,13300,1.3809438778447167
hardware_session0,13301,0.42383312148585045
hardware_session0,13302,1.310476184154904
hardware_session0,13303,1.1488545464991338
hardware_session0,13304,1.0312340300701868
hardware_session0,13305,0.30999612201287424
hardware_session0,13306,1.607569362160231
hardware_session0,13307,0.802880996475908
hardware_session0,13308,1.722247344566522
hardware_session0,13309,1.2753922422978636
hardware_session0,13310,0.6565869921072508
hardware_session0,13311,2.33777081543566
hardware_session0,13312,1.0478633608636156
hardware_session0,13313,0.6564177543877707
hardware_session0,13314,1.1932373731294414
hardware_session0,13315,2.4367650058515635
hardware_session0,13316,1.4202345114924664
hardware_session0,13317,0.546644991343267
hardware_session0,13318,0.8051559443329581
hardware_session0,13319,1.1334904717112857
hardware_session0,13320,1.2494185823355208
hardware_session0,13321,0.7006504028913869
hardware_session0,13322,0.4634525725380902
hardware_session0,13323,0.5830628562093029
hardware_session0,13324,1.0550642206186087
hardware_session0,13325,0.8985090285543117
hardware_session0,13326,0.6684948731876575
hardware_session0,13327,1.167032426550234
hardware_session0,13328,0.7812573911067381
hardware_session0,13329,1.131591951226706
hardware_session0,13330,1.5718960865579759
hardware_session0,13331,0.5336545561358849
hardware_session0,13332,0.7557178303999093
hardware_session0,13333,0.7830767419669618
hardware_session0,13334,0.6710583274794043
hardware_session0,13335,1.1614832373815227
hardware_session0,13336,2.0623440372006354
hardware_session0,13337,2.07841334232803
hardware_session0,13338,0.5573551468602825
hardware_session0,13339,0.42751570865679467
hardware_session0,13340,0.7100591235990592
hardware_session0,13341,1.200871022057618
hardware_session0,13342,2.3786456928646453
hardware_session0,13343,0.4162993369659023
hardware_session0,13344,0.8464181281178554
hardware_session0,13345,1.487950457656542
hardware_session0,13346,1.3275079792471867
hardware_session0,13347,0.953214746129789
hardware_session0,13348,1.46864723911918
hardware_session0,13349,1.1208710751212183
hardware_session0,13350,1.3761650019770884
hardware_session0,13351,1.173943933013485
hardware_session0,13352,1.050495567652211
hardware_session0,13353,1.5483686789915787
hardware_session0,13354,0.7827728295309768
hardware_session0,13355,1.7508171230417415
hardware_session0,13356,0.6920733299574572
hardware_session0,13357,1.6306579817649993
hardware_session0,13358,0.5584518013806054
hardware_session0,13359,0.7253209437707557
hardware_session0,13360,1.2419599373986359
hardware_session0,13361,0.3640343495708818
hardware_session0,13362,0.9091757035941949
hardware_session0,13363,0.8568617600227246
hardware_session0,13364,1.5040318827395918
hardware_session0,13365,1.9159368604139553
hardware_session0,13366,0.5328366351934325
hardware_session0,13367,1.1118451631762867
hardware_session0,13368,1.4749799582602854
hardware_session0,13369,1.4067346367069964
hardware_session0,13370,1.6770464572858044
hardware_session0,13371,2.250404261725138
hardware_session0,13372,1.2091841181960654
hardware_session0,13373,0.7841253328905939
hardware_session0,13374,1.2503752185829469
hardware_session0,13375,1.3325145738633268
hardware_session0,13376,0.9930130068003313
hardware_session0,13377,0.7758760735715035
hardware_session0,13378,0.529043877779791
hardware_session0,13379,0.726381550822664
hardware_session0,13380,1.613370136508616
hardware_session0,13381,1.8751322815993965
hardware_session0,13382,1.502722175226487
hardware_session0,13383,1.098562895582022
hardware_session0,13384,1.3465705605570648
hardware_session0,13385,2.4258842106442855
hardware_session0,13386,1.0294978532105907
hardware_session0,13387,1.0679712710190712
hardware_session0,13388,1.0067842837163907
hardware_session0,13389,1.486264010499858
hardware_session0,13390,1.1116947087675666
hardware_session0,13391,0.5440313413089113
hardware_session0,13392,1.5636786187085223
hardware_session0,13393,1.0956845469219654
hardware_session0,13394,0.5279042003700766
hardware_session0,13395,0.8833468504289439
hardware_session0,13396,0.5975069785449846
hardware_session0,13397,0.7310331566937416
hardware_session0,13398,1.1945179769808765
hardware_session0,13399,0.5530403663805248
hardware_session0,13400,0.544796653064557
hardware_session0,13401,0.6880004892316156
hardware_session0,13402,1.0850991614056567
hardware_session0,13403,0.6727839149694277
hardware_session0,13404,2.273228075934975
hardware_session0,13405,0.8694458454453932
hardware_session0,13406,0.9227059637206195
hardware_session0,13407,0.8092195297790507
hardware_session0,13408,0.6011148712653117
hardware_session0,13409,0.8346270042894484
hardware_session0,13410,1.7873731393603876
hardware_session0,13411,1.23381484230203
hardware_session0,13412,2.0083106326973468
hardware_session0,13413,0.8537366516646777
hardware_session0,13414,0.9322439620382904
hardware_session0,13415,2.0719503358765166
hardware_session0,13416,0.8147161303233177
hardware_session0,13417,1.8338270341575866
hardware_session0,13418,1.2364547264801324
hardware_session0,13419,0.7323089874697755
hardware_session0,13420,0.6500748893286385
hardware_session0,13421,1.1087228806811318
hardware_session0,13422,2.7750790732514607
hardware_session0,13423,0.6693812430204757
hardware_session0,13424,0.5015202366377127
hardware_session0,13425,0.2624721222993098
hardware_session0,13426,1.1500614462973289
hardware_session0,13427,1.3918365424475279
hardware_session0,13428,2.0769706770417877
hardware_session0,13429,0.9361649174025293
hardware_session0,13430,0.36216885222908873
hardware_session0,13431,0.928658983366817
hardware_session0,13432,1.0044047712731112
hardware_session0,13433,0.588097911131783
hardware_session0,13434,0.7874044083530289
hardware_session0,13435,1.0289508247748682
hardware_session0,13436,1.0771108153871398
hardware_session0,13437,0.5160584278787084
hardware_session0,13438,1.8992991283903804
hardware_session0,13439,0.9728412911758979
hardware_session0,13440,0.7526812368308711
hardware_session0,13441,1.1819773594830407
hardware_session0,13442,1.066056919750066
hardware_session0,13443,0.7125022024884948
hardware_session0,13444,1.9903501580999008
hardware_session0,13445,0.6879575657316566
hardware_session0,13446,1.422540682509241
hardware_session0,13447,0.7893685682835673
hardware_session0,13448,0.9537870310147537
hardware_session0,13449,0.80392986707857
hardware_session0,13450,2.849415049582631
hardware_session0,13451,0.907642920938606
hardware_session0,13452,0.44943954540200837
hardware_session0,13453,2.0333856669088965
hardware_session0,13454,0.7089909592818473
hardware_session0,13455,0.5504703042125144
hardware_session0,13456,0.59888954401332
hardware_session0,13457,1.2198896711084786
hardware_session0,13458,1.702686080714054
hardware_session0,13459,0.5319243738460859
hardware_session0,13460,1.6457476092929193
hardware_session0,13461,0.3982401971871912
hardware_session0,13462,1.329510240569228
hardware_session0,13463,0.9966139117264932
hardware_session0,13464,1.14283972711427
hardware_session0,13465,0.7102011197488558
hardware_session0,13466,1.4294956644487127
hardware_session0,13467,0.4038811986054917
hardware_session0,13468,0.7463852203937886
hardware_session0,13469,0.4539424865152496
hardware_session0,13470,1.440174281363858
hardware_session0,13471,1.2339530759369686
hardware_session0,13472,2.059721498212496
hardware_session0,13473,1.4559868134222487
hardware_session0,13474,2.220441032446494
hardware_session0,13475,1.429559912615691
hardware_session0,13476,0.7058700719807831
hardware_session0,13477,1.0604599975957942
hardware_session0,13478,1.5429425517778008
hardware_session0,13479,0.5885157891233456
hardware_session0,13480,2.5736331969480672
hardware_session0,13481,1.7449611324663499
hardware_session0,13482,1.20546168667767
hardware_session0,13483,1.3462266127121798
hardware_session0,13484,0.5186886729831521
hardware_session0,13485,0.719992382600042
hardware_session0,13486,1.8141885854682236
hardware_session0,13487,1.3661073909993726
hardware_session0,13488,1.4480223722354255
hardware_session0,13489,0.4553883616525476
hardware_session0,13490,0.6317864335650777
hardware_session0,13491,0.7474253371970223
hardware_session0,13492,0.4255385993775019
hardware_session0,13493,1.146910975662383
hardware_session0,13494,0.6409090143399481
hardware_session0,13495,3.348472795190879
hardware_session0,13496,1.133935255772604
hardware_session0,13497,0.5984131281632439
hardware_session0,13498,0.8467170540566682
hardware_session0,13499,1.6086804593923005
hardware_session0,13500,1.0231866464077513
hardware_session0,13501,0.9782121724674417
hardware_session0,13502,0.5527076618282498
hardware_session0,13503,2.0641104852790204
hardware_session0,13504,0.8322153368932469
hardware_session0,13505,1.5328752569748694
hardware_session0,13506,0.540524496900266
hardware_session0,13507,0.9056945758554243
hardware_session0,13508,1.1329041779930307
hardware_session0,13509,0.6474292075059789
hardware_session0,13510,0.4153331816082747
hardware_session0,13511,0.5071135309583948
hardware_session0,13512,0.7499047079066368
hardware_session0,13513,1.6976611332788631
hardware_session0,13514,1.0101574774390287
hardware_session0,13515,0.9338420256011511
hardware_session0,13516,0.4431840369029971
hardware_session0,13517,1.2901712994536774
hardware_session0,13518,0.4000186405286803
hardware_session0,13519,0.6599054158885829
hardware_session0,13520,0.41468935607791285
hardware_session0,13521,1.1429604083108922
hardware_session0,13522,0.7893504084238567
hardware_session0,13523,1.239417605680344
hardware_session0,13524,0.6401597364810877
hardware_session0,13525,0.6059703446618594
hardware_session0,13526,0.680244273610559
hardware_session0,13527,1.748123303864399
hardware_session0,13528,1.343734222264501
hardware_session0,13529,1.1736517710345296
hardware_session0,13530,0.44546925405309973
hardware_session0,13531,0.931490186744062
hardware_session0,13532,0.8454047386444022
hardware_session0,13533,1.30060600172826
hardware_session0,13534,1.635112908047054
hardware_session0,13535,1.344433892613201
hardware_session0,13536,0.953273221059936
hardware_session0,13537,1.6885329158536744
hardware_session0,13538,2.1916732191631816
hardware_session0,13539,0.9157367424992767
hardware_session0,13540,0.7071587570417661
hardware_session0,13541,0.7423082787464232
hardware_session0,13542,0.6944582987880378
hardware_session0,13543,0.7506929424372017
hardware_session0,13544,0.9821520574447382
hardware_session0,13545,0.5266749979720933
hardware_session0,13546,0.7224868892536117
hardware_session0,13547,2.340117059588677
hardware_session0,13548,0.8095942899699851
hardware_session0,13549,0.5799863525665842
hardware_session0,13550,0.8027045150407234
hardware_session0,13551,0.8779594842913561
hardware_session0,13552,1.3637136138386496
hardware_session0,13553,0.6385514114117221
hardware_session0,13554,0.6518798791473371
hardware_session0,13555,1.1615290671279086
hardware_session0,13556,2.573883996943302
hardware_session0,13557,1.9942954220691966
hardware_session0,13558,0.7025292878058988
hardware_session0,13559,1.1097424463832677
hardware_session0,13560,0.8887613377650121
hardware_session0,13561,1.1050581127391794
hardware_session0,13562,0.6198290892744065
hardware_session0,13563,0.6558565101223675
hardware_session0,13564,1.123940614646924
hardware_session0,13565,1.4832467762529533
hardware_session0,13566,0.3837339203759197
hardware_session0,13567,1.0628453566845795
hardware_session0,13568,0.45155342779469265
hardware_session0,13569,1.2973972093600505
hardware_session0,13570,0.9746496279691621
hardware_session0,13571,0.8235916513332748
hardware_session0,13572,0.7006387681629658
hardware_session0,13573,1.9328947597243276
hardware_session0,13574,0.989037841521513
hardware_session0,13575,1.3588351605539706
hardware_session0,13576,1.061346388900513
hardware_session0,13577,1.2534468943909953
hardware_session0,13578,1.695895587703119
hardware_session0,13579,0.5955232836191454
hardware_session0,13580,1.3804752346207527
hardware_session0,13581,2.126108771510869
hardware_session0,13582,1.1729913439912454
hardware_session0,13583,1.761352842721137
hardware_session0,13584,0.5039032102302208
hardware_session0,13585,0.5891284727929875
hardware_session0,13586,1.090061869227654
hardware_session0,13587,0.5978942973214393
hardware_session0,13588,1.411758086118461
hardware_session0,13589,0.6221222510637908
hardware_session0,13590,0.7597648266322391
hardware_session0,13591,0.7377373244740716
hardware_session0,13592,0.8170906379309492
hardware_session0,13593,1.5866557167994009
hardware_session0,13594,2.0407246950930493
hardware_session0,13595,0.4584276567081919
hardware_session0,13596,0.7328689008528004
hardware_session0,13597,2.0192685951119045
hardware_session0,13598,0.7006019870705781
hardware_session0,13599,1.7037883624161092
hardware_session0,13600,1.4112911950511475
hardware_session0,13601,0.9416606951274951
hardware_session0,13602,1.0760890984866247
hardware_session0,13603,1.573648198499253
hardware_session0,13604,1.4470395813962778
hardware_session0,13605,1.095872397232465
hardware_session0,13606,0.8252530566017935
hardware_session0,13607,1.7565311240835972
hardware_session0,13608,0.5090746027959576
hardware_session0,13609,0.7731407420228955
hardware_session0,13610,0.79670165418765
hardware_session0,13611,0.7092740878469644
hardware_session0,13612,1.3088213337969905
hardware_session0,13613,0.7338146294705701
hardware_session0,13614,3.0652297515492
hardware_session0,13615,1.5645117527079622
hardware_session0,13616,1.2659219040026246
hardware_session0,13617,1.0148725105951881
hardware_session0,13618,0.740476028931369
hardware_session0,13619,0.4078927765052623
hardware_session0,13620,0.749831170018873
hardware_session0,13621,0.855001646111471
hardware_session0,13622,0.869065055754575
hardware_session0,13623,1.8694212546649054
hardware_session0,13624,1.769240696664954
hardware_session0,13625,0.570917488066025
hardware_session0,13626,1.2790118732969753
hardware_session0,13627,1.3322099319152176
hardware_session0,13628,0.4385683743068851
hardware_session0,13629,1.095832478435734
hardware_session0,13630,0.4323465084069701
hardware_session0,13631,0.518397854661866
hardware_session0,13632,0.32263181836117183
hardware_session0,13633,1.4195835691838112
hardware_session0,13634,0.7331491176834765
hardware_session0,13635,0.605187285976184
hardware_session0,13636,1.0456298072694021
hardware_session0,13637,0.6218305962648931
hardware_session0,13638,0.7245388437619391
hardware_session0,13639,2.3231570781700945
hardware_session0,13640,1.3173389810186864
hardware_session0,13641,1.0522650517249004
hardware_session0,13642,0.7368609664854311
hardware_session0,13643,0.5141861712391066
hardware_session0,13644,0.7841051577776681
hardware_session0,13645,1.1613831859259536
hardware_session0,13646,2.028467167819825
hardware_session0,13647,1.2763123027514156
hardware_session0,13648,0.6005251861065869
hardware_session0,13649,1.2891873070025086
hardware_session0,13650,1.4692175913500647
hardware_session0,13651,2.025471266824147
hardware_session0,13652,0.5723348625666402
hardware_session0,13653,0.7193237756496574
hardware_session0,13654,0.9419985934481794
hardware_session0,13655,0.8532235997863269
hardware_session0,13656,0.5758472718756898
hardware_session0,13657,1.2744942095823957
hardware_session0,13658,0.41079684834892904
hardware_session0,13659,1.0370294795553547
hardware_session0,13660,1.3278840303516675
hardware_session0,13661,2.438312309666976
hardware_session0,13662,3.225846805781879
hardware_session0,13663,0.8956576269905819
hardware_session0,13664,0.6125009201440775
hardware_session0,13665,0.8302221141656351
hardware_session0,13666,0.9845226945376356
hardware_session0,13667,2.789924716510022
hardware_session0,13668,0.972310554451285
hardware_session0,13669,1.0033336603830119
hardware_session0,13670,1.1182184057402136
hardware_session0,13671,2.015684750977872
hardware_session0,13672,1.2492389905110435
hardware_session0,13673,0.7245998919667954
hardware_session0,13674,0.8246734423446458
hardware_session0,13675,0.8175466415660876
hardware_session0,13676,0.5442573587698085
hardware_session0,13677,0.5741162784902433
hardware_session0,13678,0.7742145188493342
hardware_session0,13679,1.1885077025700166
hardware_session0,13680,1.1278285093376175
hardware_session0,13681,0.5779856530357628
hardware_session0,13682,1.098889067463809
hardware_session0,13683,1.9538941916719441
hardware_session0,13684,1.575250589099788
hardware_session0,13685,0.9995474805356233
hardware_session0,13686,0.599419778507159
hardware_session0,13687,1.4897542346857728
hardware_session0,13688,1.0606291767855516
hardware_session0,13689,1.2567933364384072
hardware_session0,13690,1.7423392100101447
hardware_session0,13691,1.1925127223459082
hardware_session0,13692,0.5745772627380257
hardware_session0,13693,1.2553422397837715
hardware_session0,13694,0.5548873665454708
hardware_session0,13695,0.646688571204078
hardware_session0,13696,1.8613653954475613
hardware_session0,13697,1.4401500166381564
hardware_session0,13698,0.8873900117492225
hardware_session0,13699,0.9908729852093592
hardware_session0,13700,0.7261476542279315
hardware_session0,13701,2.1701436375964476
hardware_session0,13702,0.7671828269284195
hardware_session0,13703,1.4384503916007616
hardware_session0,13704,1.6407192284213497
hardware_session0,13705,0.8339318949476544
hardware_session0,13706,1.5611359644184648
hardware_session0,13707,1.0532257639180578
hardware_session0,13708,1.4763360169475173
hardware_session0,13709,0.9523161076323838
hardware_session0,13710,1.5192912236221319
hardware_session0,13711,0.44900683988619133
hardware_session0,13712,0.8733561790924876
hardware_session0,13713,2.265820066170448
hardware_session0,13714,1.20807699298006
hardware_session0,13715,2.1721479686466645
hardware_session0,13716,1.3434410289598413
hardware_session0,13717,0.5540369690527105
hardware_session0,13718,0.9246499467517798
hardware_session0,13719,1.276175363062338
hardware_session0,13720,0.5392494494429186
hardware_session0,13721,1.0947780696123688
hardware_session0,13722,0.4854142765922263
hardware_session0,13723,1.6219413342366962
hardware_session0,13724,0.5811597154482594
hardware_session0,13725,1.1215376525622145
hardware_session0,13726,0.954130436471997
hardware_session0,13727,0.710148224867716
hardware_session0,13728,0.7198948190679813
hardware_session0,13729,1.050596158888789
hardware_session0,13730,1.1531636597618071
hardware_session0,13731,0.7618152417018724
hardware_session0,13732,1.787777866294739
hardware_session0,13733,0.6789238341249995
hardware_session0,13734,2.08621242185933
hardware_session0,13735,0.7704790693220243
hardware_session0,13736,1.4152088977681803
hardware_session0,13737,1.2382422035512364
hardware_session0,13738,0.8634466628495717
hardware_session0,13739,1.4938982896607564
hardware_session0,13740,1.110711919033251
hardware_session0,13741,0.7791250933792613
hardware_session0,13742,0.5957515203169071
hardware_session0,13743,1.708147453015471
hardware_session0,13744,0.7973228448660798
hardware_session0,13745,0.9114429457048604
hardware_session0,13746,1.5182315875970538
hardware_session0,13747,0.5787478684506895
hardware_session0,13748,0.5066027666160078
hardware_session0,13749,1.7713760362503517
hardware_session0,13750,1.961225197461388
hardware_session0,13751,0.8468754274677959
hardware_session0,13752,1.6179686646309992
hardware_session0,13753,0.7411686493652433
hardware_session0,13754,0.4421988651740087
hardware_session0,13755,0.5424038006777855
hardware_session0,13756,1.0239955758246253
hardware_session0,13757,2.15542769992513
hardware_session0,13758,1.2282406240417858
hardware_session0,13759,0.6060966764828652
hardware_session0,13760,0.7065182534224133
hardware_session0,13761,1.0135584049265416
hardware_session0,13762,0.8479387918590033
hardware_session0,13763,2.2642450178396656
hardware_session0,13764,1.4171064852597022
hardware_session0,13765,1.0475670414574856
hardware_session0,13766,1.5749945645828207
hardware_session0,13767,2.0066528868193587
hardware_session0,13768,0.8738824768865104
hardware_session0,13769,1.6652314766432936
hardware_session0,13770,1.167866294362553
hardware_session0,13771,0.5810495421431356
hardware_session0,13772,1.7905150004264085
hardware_session0,13773,2.5990265089790396
hardware_session0,13774,1.3261301291293093
hardware_session0,13775,1.1748140526883197
hardware_session0,13776,1.2636609520412059
hardware_session0,13777,1.6944158334247041
hardware_session0,13778,1.1750021945431226
hardware_session0,13779,0.7179860186310633
hardware_session0,13780,0.43374205957175205
hardware_session0,13781,1.3950500909213392
hardware_session0,13782,0.53064015411201
hardware_session0,13783,0.8585259035888098
hardware_session0,13784,1.6512552615556255
hardware_session0,13785,0.7439776334430583
hardware_session0,13786,1.380241400441671
hardware_session0,13787,1.9580171649642797
hardware_session0,13788,0.8648552196965279
hardware_session0,13789,1.374119071049439
hardware_session0,13790,1.2162965999896265
hardware_session0,13791,0.3941973504361621
hardware_session0,13792,0.6416081034575183
hardware_session0,13793,0.6482780910721604
hardware_session0,13794,0.9190360342812177
hardware_session0,13795,1.4282302912948066
hardware_session0,13796,0.6295966221308221
hardware_session0,13797,0.47393785095057156
hardware_session0,13798,1.3432973264180552
hardware_session0,13799,1.0367329040540816
hardware_session0,13800,0.606738042272513
hardware_session0,13801,0.5807810008430863
hardware_session0,13802,0.7002393057893161
hardware_session0,13803,1.1684148969684751
hardware_session0,13804,1.992636737797548
hardware_session0,13805,1.6184840230975808
hardware_session0,13806,1.6252046036452086
hardware_session0,13807,0.5966385369208926
hardware_session0,13808,0.8374406296947228
hardware_session0,13809,0.801920853059746
hardware_session0,13810,1.0882053577515958
hardware_session0,13811,2.3506101622446516
hardware_session0,13812,0.6791859643651147
hardware_session0,13813,1.1165514217805086
hardware_session0,13814,1.1223054760753564
hardware_session0,13815,0.8803755225479444
hardware_session0,13816,0.7942723858675185
hardware_session0,13817,0.6634158523131809
hardware_session0,13818,1.3521788034560482
hardware_session0,13819,0.6969900525146432
hardware_session0,13820,1.7671005795768173
hardware_session0,13821,0.8171442580432602
hardware_session0,13822,0.5499319822380806
hardware_session0,13823,0.7532870386352674
hardware_session0,13824,0.5304597541706249
hardware_session0,13825,1.0261818762508452
hardware_session0,13826,1.5813992341224503
hardware_session0,13827,1.104310159319166
hardware_session0,13828,1.0903836177095387
hardware_session0,13829,1.2002382751203557
hardware_session0,13830,0.8964083406033191
hardware_session0,13831,0.8164964318228507
hardware_session0,13832,0.8619969608055762
hardware_session0,13833,0.9044911288692487
hardware_session0,13834,0.6866930357379406
hardware_session0,13835,1.1790387329379308
hardware_session0,13836,1.4437100464106316
hardware_session0,13837,1.624990246221378
hardware_session0,13838,1.0464246194873548
hardware_session0,13839,0.8016595820770569
hardware_session0,13840,3.3231850017286377
hardware_session0,13841,0.9981432901292442
hardware_session0,13842,0.9098128954743324
hardware_session0,13843,1.3673911025107182
hardware_session0,13844,0.6267917787832264
hardware_session0,13845,0.8875418377458858
hardware_session0,13846,0.9853178639509499
hardware_session0,13847,0.7251149552362102
hardware_session0,13848,1.0934330424946745
hardware_session0,13849,0.3221294703036447
hardware_session0,13850,1.7864195602910837
hardware_session0,13851,1.5444946470555212
hardware_session0,13852,0.6659619137574331
hardware_session0,13853,1.3507241283936235
hardware_session0,13854,0.7147508437908792
hardware_session0,13855,1.9480717526269646
hardware_session0,13856,0.6589329115610655
hardware_session0,13857,1.3584542641980741
hardware_session0,13858,1.311458388979764
hardware_session0,13859,1.326422346608779
hardware_session0,13860,1.0294042524148392
hardware_session0,13861,0.4409785497703573
hardware_session0,13862,0.35186650399912
hardware_session0,13863,1.1207123822843386
hardware_session0,13864,1.4666702482575882
hardware_session0,13865,1.197620594654137
hardware_session0,13866,1.6616104074406293
hardware_session0,13867,2.1004437556146884
hardware_session0,13868,1.304902766274178
hardware_session0,13869,0.8428416436115318
hardware_session0,13870,0.6756427420339444
hardware_session0,13871,0.7473420097976886
hardware_session0,13872,0.7278690486236217
hardware_session0,13873,0.6921265527868675
hardware_session0,13874,1.2772233123970427
hardware_session0,13875,0.7544257297485981
hardware_session0,13876,0.7605990316844046
hardware_session0,13877,2.200905054739939
hardware_session0,13878,1.6128519545700144
hardware_session0,13879,1.421098063697211
hardware_session0,13880,0.6782944010393208
hardware_session0,13881,2.026712552262503
hardware_session0,13882,0.5137142481830691
hardware_session0,13883,1.9935336059003583
hardware_session0,13884,0.6400637276831224
hardware_session0,13885,1.5507253994157932
hardware_session0,13886,1.076787954190712
hardware_session0,13887,0.5232576394140394
hardware_session0,13888,1.2398634254269436
hardware_session0,13889,1.5990691773194028
hardware_session0,13890,1.4883121496492895
hardware_session0,13891,0.524870377382869
hardware_session0,13892,1.0053010233446127
hardware_session0,13893,0.8645768159994232
hardware_session0,13894,1.4334318725027269
hardware_session0,13895,1.6381200215823963
hardware_session0,13896,1.6116293761859464
hardware_session0,13897,0.9231126984761012
hardware_session0,13898,0.7199796461471134
hardware_session0,13899,1.4124887372718322
hardware_session0,13900,0.5040215102926233
hardware_session0,13901,1.2159982923366415
hardware_session0,13902,0.777971765367034
hardware_session0,13903,1.378020046946642
hardware_session0,13904,1.6808704582838427
hardware_session0,13905,0.7321345128469624
hardware_session0,13906,0.7153769295096943
hardware_session0,13907,0.8616940702252461
hardware_session0,13908,1.0143130827189573
hardware_session0,13909,0.3676044259346324
hardware_session0,13910,1.2567761471079189
hardware_session0,13911,0.9203705448788042
hardware_session0,13912,0.8625100706148636
hardware_session0,13913,1.4623534425809481
hardware_session0,13914,1.0363753302365968
hardware_session0,13915,0.6939281172968232
hardware_session0,13916,0.6388972928379636
hardware_session0,13917,0.9785575145782425
hardware_session0,13918,1.0714929473144574
hardware_session0,13919,1.0164382138033186
hardware_session0,13920,1.0666126265021025
hardware_session0,13921,1.3219911212920046
hardware_session0,13922,1.3424182518003844
hardware_session0,13923,0.6530435164821752
hardware_session0,13924,1.151822055780655
hardware_session0,13925,1.4321762376271059
hardware_session0,13926,0.6561111295640693
hardware_session0,13927,1.3116635070059564
hardware_session0,13928,2.0353945520524626
hardware_session0,13929,1.0999955474534746
hardware_session0,13930,1.1410968884276627
hardware_session0,13931,1.5467326883428603
hardware_session0,13932,0.7082915464585311
hardware_session0,13933,1.3936188160400094
hardware_session0,13934,0.7817309148679162
hardware_session0,13935,1.4773449348716725
hardware_session0,13936,1.439759507276474
hardware_session0,13937,1.109707849179981
hardware_session0,13938,0.4464312181995709
hardware_session0,13939,0.875683668706132
hardware_session0,13940,1.9956816172686227
hardware_session0,13941,1.3774834500796578
hardware_session0,13942,1.1778999514671076
hardware_session0,13943,1.1945672518980124
hardware_session0,13944,0.8019925382281702
hardware_session0,13945,0.5982458744511628
hardware_session0,13946,0.5410617203871152
hardware_session0,13947,1.5930910747055296
hardware_session0,13948,0.6179919468525537
hardware_session0,13949,0.8983638582318287
hardware_session0,13950,0.5989488430241449
hardware_session0,13951,1.8157528855747482
hardware_session0,13952,0.5785897146843756
hardware_session0,13953,1.5032850957309511
hardware_session0,13954,1.8341598783597963
hardware_session0,13955,0.9104433701691338
hardware_session0,13956,1.7245015083639308
hardware_session0,13957,0.6053941100422099
hardware_session0,13958,1.3539596146888864
hardware_session0,13959,1.0062887664223052
hardware_session0,13960,2.411472575092669
hardware_session0,13961,1.5482467940819806
hardware_session0,13962,0.5911558254680319
hardware_session0,13963,1.4904297342349
hardware_session0,13964,1.1796506301429273
hardware_session0,13965,1.4124107706164453
hardware_session0,13966,1.103865876891577
hardware_session0,13967,1.4964694958072313
hardware_session0,13968,1.1072288852940628
hardware_session0,13969,0.6810777046665947
hardware_session0,13970,1.367489979461421
hardware_session0,13971,0.7219614816435961
hardware_session0,13972,1.5355260602524776
hardware_session0,13973,2.693104844965892
hardware_session0,13974,0.7856682093546724
hardware_session0,13975,1.89651698982757
hardware_session0,13976,0.8638310155516382
hardware_session0,13977,1.5818313896697276
hardware_session0,13978,1.8776563401564736
hardware_session0,13979,1.3904892927419576
hardware_session0,13980,0.8298752621938303
hardware_session0,13981,1.028461710815809
hardware_session0,13982,1.0032734325968262
hardware_session0,13983,0.5296601642622586
hardware_session0,13984,0.9569683903468409
hardware_session0,13985,1.4588872509910025
hardware_session0,13986,0.9154680294516682
hardware_session0,13987,2.684969035322094
hardware_session0,13988,0.6173359819750303
hardware_session0,13989,0.6266769909015824
hardware_session0,13990,1.2024366639040531
hardware_session0,13991,1.1355166810640858
hardware_session0,13992,0.9208556169286439
hardware_session0,13993,1.519654977708344
hardware_session0,13994,1.149299364061629
hardware_session0,13995,2.1252792124474795
hardware_session0,13996,1.0481207986044672
hardware_session0,13997,0.4411605963393165
hardware_session0,13998,0.6786888931622557
hardware_session0,13999,1.2815561391915784
hardware_session0,14000,1.778793038903164
hardware_session0,14001,0.6041161498780687
hardware_session0,14002,0.47535759085500795
hardware_session0,14003,1.2071986724221624
hardware_session0,14004,1.9444069797364598
hardware_session0,14005,1.1046132679333727
hardware_session0,14006,0.5401944638487067
hardware_session0,14007,0.6207823520750482
hardware_session0,14008,0.9933456959713406
hardware_session0,14009,1.362219824692785
hardware_session0,14010,1.0153752675023329
hardware_session0,14011,0.9194310807834228
hardware_session0,14012,0.5771017514517601
hardware_session0,14013,1.1070231869561655
hardware_session0,14014,0.768504625488478
hardware_session0,14015,0.6110323557250202
hardware_session0,14016,0.8242999782229139
hardware_session0,14017,1.2627328584786661
hardware_session0,14018,0.7799464558023314
hardware_session0,14019,0.8470940540681996
hardware_session0,14020,1.500369118937959
hardware_session0,14021,0.7354750558749152
hardware_session0,14022,0.5664408021857604
hardware_session0,14023,0.6637086594379435
hardware_session0,14024,0.37032364367700205
hardware_session0,14025,0.7405912244376547
hardware_session0,14026,1.0570108200556354
hardware_session0,14027,0.7711393327513529
hardware_session0,14028,0.9651509753385535
hardware_session0,14029,0.9303737639215253
hardware_session0,14030,0.4895617101872324
hardware_session0,14031,0.7680022115321791
hardware_session0,14032,0.7550843912017466
hardware_session0,14033,1.320800421312567
hardware_session0,14034,1.7173302747268908
hardware_session0,14035,1.2212112816151375
hardware_session0,14036,1.007943879023026
hardware_session0,14037,1.4971360451108437
hardware_session0,14038,1.5384836883537159
hardware_session0,14039,1.789293272653177
hardware_session0,14040,1.266005016872075
hardware_session0,14041,0.7193367108488786
hardware_session0,14042,1.2160822455162013
hardware_session0,14043,1.2835408344111727
hardware_session0,14044,1.0723411691854896
hardware_session0,14045,1.3403569599591842
hardware_session0,14046,0.7960148204113139
hardware_session0,14047,1.5134807590510821
hardware_session0,14048,1.5122927924371385
hardware_session0,14049,0.7073097533169087
hardware_session0,14050,0.8153456508897916
hardware_session0,14051,0.6656758725225076
hardware_session0,14052,1.6720888049603224
hardware_session0,14053,0.9146359641619854
hardware_session0,14054,1.1023866355920666
hardware_session0,14055,0.5437191285247397
hardware_session0,14056,1.6641737063382478
hardware_session0,14057,1.3890863271494525
hardware_session0,14058,1.11195884565584
hardware_session0,14059,0.7487975328157678
hardware_session0,14060,0.8254135640149828
hardware_session0,14061,2.409726676001175
hardware_session0,14062,1.4805503191967844
hardware_session0,14063,0.6242586897289728
hardware_session0,14064,0.801405795000903
hardware_session0,14065,1.463960470929776
hardware_session0,14066,0.5539487384985936
hardware_session0,14067,0.6516589360994149
hardware_session0,14068,0.6704490949474861
hardware_session0,14069,1.4210345813286245
hardware_session0,14070,2.4126000715106515
hardware_session0,14071,2.586276021238344
hardware_session0,14072,2.2145820253403885
hardware_session0,14073,0.7172333067830188
hardware_session0,14074,0.9033661837359832
hardware_session0,14075,1.3367803358419135
hardware_session0,14076,0.7913362061333746
hardware_session0,14077,0.8226921975414565
hardware_session0,14078,0.5554825792912322
hardware_session0,14079,1.8654189570541886
hardware_session0,14080,2.2939959388186373
hardware_session0,14081,1.6968999628940111
hardware_session0,14082,0.8249707230525325
hardware_session0,14083,1.5046771936980352
hardware_session0,14084,1.0534145335637362
hardware_session0,14085,0.48667501309388483
hardware_session0,14086,1.1562728546685204
hardware_session0,14087,1.0177137481586347
hardware_session0,14088,0.9476612761190976
hardware_session0,14089,0.5922914556724996
hardware_session0,14090,1.1410443450295031
hardware_session0,14091,1.5077253622315214
hardware_session0,14092,1.6180611505733218
hardware_session0,14093,0.9423939403216929
hardware_session0,14094,1.5315177842757122
hardware_session0,14095,1.4619925962299298
hardware_session0,14096,0.8476687171070207
hardware_session0,14097,1.1135870312612448
hardware_session0,14098,2.216221627634792
hardware_session0,14099,0.5046964924270174
hardware_session0,14100,1.5034256845137295
hardware_session0,14101,1.276335866577126
hardware_session0,14102,1.9457715805444715
hardware_session0,14103,2.259434684338837
hardware_session0,14104,1.3151413090876
hardware_session0,14105,1.2441483379324527
hardware_session0,14106,1.0110461543545446
hardware_session0,14107,1.0654099030821824
hardware_session0,14108,0.9258217562567771
hardware_session0,14109,1.8892682734507371
hardware_session0,14110,1.0637866547984467
hardware_session0,14111,1.0973805258407527
hardware_session0,14112,1.0597110087264068
hardware_session0,14113,1.2495204220069587
hardware_session0,14114,1.7686173245274315
hardware_session0,14115,1.2374929040291065
hardware_session0,14116,1.6873251910999112
hardware_session0,14117,1.349150652655352
hardware_session0,14118,1.606063910369066
hardware_session0,14119,0.6115717025555173
hardware_session0,14120,1.2317314343199792
hardware_session0,14121,0.4668860442883502
hardware_session0,14122,0.6825457952560252
hardware_session0,14123,0.8314749954084938
hardware_session0,14124,1.25101440924262
hardware_session0,14125,1.020382902005088
hardware_session0,14126,1.2059004827635038
hardware_session0,14127,1.1791938195859901
hardware_session0,14128,0.6992898730471624
hardware_session0,14129,1.5204980344704706
hardware_session0,14130,1.3475278969097748
hardware_session0,14131,0.8533970751926591
hardware_session0,14132,0.7781028902866138
hardware_session0,14133,0.489611989276775
hardware_session0,14134,0.7820854516725525
hardware_session0,14135,1.225757714381882
hardware_session0,14136,0.3934568127399653
hardware_session0,14137,0.9552544519081682
hardware_session0,14138,1.0926185466924594
hardware_session0,14139,0.46612001606392545
hardware_session0,14140,1.004040287370235
hardware_session0,14141,0.7677524830726021
hardware_session0,14142,0.7134929788161082
hardware_session0,14143,1.1664312305958946
hardware_session0,14144,1.8708443005192052
hardware_session0,14145,0.8037449855008911
hardware_session0,14146,1.2772693220091353
hardware_session0,14147,0.9948971519663568
hardware_session0,14148,1.1474798095932908
hardware_session0,14149,0.9607977701928395
hardware_session0,14150,0.9738443180232851
hardware_session0,14151,1.117827197569667
hardware_session0,14152,0.8937446855140874
hardware_session0,14153,1.4928231117436939
hardware_session0,14154,0.9326452428127692
hardware_session0,14155,0.36475810014493387
hardware_session0,14156,1.0013513352875052
hardware_session0,14157,1.0609799897317378
hardware_session0,14158,1.418031524625626
hardware_session0,14159,1.9625306198467818
hardware_session0,14160,0.8780925281292679
hardware_session0,14161,0.7255136025948589
hardware_session0,14162,1.0160881633354428
hardware_session0,14163,0.5210241335501181
hardware_session0,14164,0.6480076496098212
hardware_session0,14165,1.0965138196180126
hardware_session0,14166,0.5717828780893843
hardware_session0,14167,1.1847728819447716
hardware_session0,14168,1.1687877340579782
hardware_session0,14169,1.1132365713921661
hardware_session0,14170,0.7417986145591865
hardware_session0,14171,0.522161363473133
hardware_session0,14172,0.7399153968779936
hardware_session0,14173,0.8308661716134355
hardware_session0,14174,1.1318417334989581
hardware_session0,14175,1.8256124318678342
hardware_session0,14176,1.0343989241307567
hardware_session0,14177,2.0906347714035993
hardware_session0,14178,0.6275703762387564
hardware_session0,14179,1.1637068403209159
hardware_session0,14180,1.9275670936076805
hardware_session0,14181,1.4314517441418075
hardware_session0,14182,1.8607394722699417
hardware_session0,14183,1.09906734750259
hardware_session0,14184,0.49567601731686733
hardware_session0,14185,1.5247477347729665
hardware_session0,14186,0.7933701959045907
hardware_session0,14187,1.0083196385915754
hardware_session0,14188,0.6156421693008522
hardware_session0,14189,1.0530098821013563
hardware_session0,14190,0.8457547766057676
hardware_session0,14191,1.783490676579946
hardware_session0,14192,0.8400703751549474
hardware_session0,14193,1.8528198292079296
hardware_session0,14194,1.1820109239682248
hardware_session0,14195,1.810677388266413
hardware_session0,14196,0.9605427053092782
hardware_session0,14197,1.9553668223575493
hardware_session0,14198,0.4425227982740495
hardware_session0,14199,0.6568278877845684
hardware_session0,14200,1.2066219922165142
hardware_session0,14201,1.5472873076527678
hardware_session0,14202,1.3412518139303764
hardware_session0,14203,1.4811903114698388
hardware_session0,14204,1.542434962801728
hardware_session0,14205,1.5844125034663599
hardware_session0,14206,0.8290598613243924
hardware_session0,14207,1.0764098326068918
hardware_session0,14208,1.7739753591094491
hardware_session0,14209,1.2954416634010018
hardware_session0,14210,1.60422845532001
hardware_session0,14211,0.7634673031342281
hardware_session0,14212,0.7038766027007468
hardware_session0,14213,1.7298874633215757
hardware_session0,14214,1.9293361330087309
hardware_session0,14215,1.7052849659680847
hardware_session0,14216,1.6370447183950825
hardware_session0,14217,2.128510239923236
hardware_session0,14218,0.6708852107810032
hardware_session0,14219,0.977105874138771
hardware_session0,14220,1.5133807800185484
hardware_session0,14221,0.4756996634482176
hardware_session0,14222,0.37933223786964515
hardware_session0,14223,1.539073550797231
hardware_session0,14224,1.0956743082087688
hardware_session0,14225,0.3919984264862155
hardware_session0,14226,0.9175461088585208
hardware_session0,14227,0.3967035146458902
hardware_session0,14228,0.8610023063597223
hardware_session0,14229,0.7047795457175228
hardware_session0,14230,0.8062394034034874
hardware_session0,14231,3.245157262481956
hardware_session0,14232,0.9147792420330477
hardware_session0,14233,0.968771534674732
hardware_session0,14234,1.4593766632617582
hardware_session0,14235,1.6321620652785753
hardware_session0,14236,1.0839594941354886
hardware_session0,14237,0.3808874442753737
hardware_session0,14238,1.155083564361522
hardware_session0,14239,0.9077362964800388
hardware_session0,14240,0.5326609771890053
hardware_session0,14241,0.862171006814155
hardware_session0,14242,0.6396320730332631
hardware_session0,14243,0.5326328364036722
hardware_session0,14244,2.1628467555030304
hardware_session0,14245,1.562806084451036
hardware_session0,14246,2.392634925770613
hardware_session0,14247,1.1237591350639853
hardware_session0,14248,0.88680327396712
hardware_session0,14249,1.4793412277274582
hardware_session0,14250,1.1732458889969037
hardware_session0,14251,0.6477420053746797
hardware_session0,14252,2.472776295172906
hardware_session0,14253,1.9335908705144929
hardware_session0,14254,1.2885258844255016
hardware_session0,14255,1.1484833570193909
hardware_session0,14256,0.9973321802829942
hardware_session0,14257,1.4524263536109163
hardware_session0,14258,1.286692023345269
hardware_session0,14259,1.00300108145312
hardware_session0,14260,0.8158249621854504
hardware_session0,14261,1.8819388550052651
hardware_session0,14262,1.2117357966534452
hardware_session0,14263,0.5336408392061653
hardware_session0,14264,1.138767114356971
hardware_session0,14265,0.6581612977528138
hardware_session0,14266,1.621681639944879
hardware_session0,14267,1.0027131287449451
hardware_session0,14268,1.919876469735145
hardware_session0,14269,1.9768188201541583
hardware_session0,14270,0.7147193012042062
hardware_session0,14271,2.0973929126181625
hardware_session0,14272,1.3467181427606063
hardware_session0,14273,1.7981661337723003
hardware_session0,14274,0.8414200902232556
hardware_session0,14275,0.9516641739769112
hardware_session0,14276,0.9482620534314699
hardware_session0,14277,0.5767532860954736
hardware_session0,14278,0.7714151036805907
hardware_session0,14279,0.9035118128504899
hardware_session0,14280,2.1142159638337077
hardware_session0,14281,0.8494328701001582
hardware_session0,14282,1.6488880346065053
hardware_session0,14283,1.0884732637792625
hardware_session0,14284,0.7206320638550521
hardware_session0,14285,0.5839395366091491
hardware_session0,14286,1.685109948489431
hardware_session0,14287,1.0752945705551216
hardware_session0,14288,1.5051962809288613
hardware_session0,14289,1.5318221613568388
hardware_session0,14290,1.911124882441833
hardware_session0,14291,0.7171575516928617
hardware_session0,14292,0.39176590306235065
hardware_session0,14293,0.9023981449978898
hardware_session0,14294,0.6774308739671228
hardware_session0,14295,2.0567084332280734
hardware_session0,14296,0.41513952482599065
hardware_session0,14297,1.3304716091952704
hardware_session0,14298,0.5183332391268994
hardware_session0,14299,0.9708063780927505
hardware_session0,14300,0.9390137220552656
hardware_session0,14301,0.606989780167186
hardware_session0,14302,0.7756237731360636
hardware_session0,14303,0.8672061391006397
hardware_session0,14304,1.5887829803136144
hardware_session0,14305,2.189659175217411
hardware_session0,14306,1.2829933594081002
hardware_session0,14307,1.7596241495557374
hardware_session0,14308,1.9553761495763968
hardware_session0,14309,0.7975088196185044
hardware_session0,14310,0.589966878164578
hardware_session0,14311,1.5734222037218852
hardware_session0,14312,0.8696490363041882
hardware_session0,14313,2.1255636995015292
hardware_session0,14314,0.9515332837098971
hardware_session0,14315,0.7005604292855527
hardware_session0,14316,1.5829623662263248
hardware_session0,14317,1.6132377111552312
hardware_session0,14318,0.5431964805810067
hardware_session0,14319,0.930650555636595
hardware_session0,14320,0.752027083490351
hardware_session0,14321,0.47318897960803047
hardware_session0,14322,1.4289624712666054
hardware_session0,14323,0.7844063764869562
hardware_session0,14324,1.9071387791359247
hardware_session0,14325,0.5227810303875968
hardware_session0,14326,2.5481822862512935
hardware_session0,14327,0.9086472175141556
hardware_session0,14328,0.5155353742852892
hardware_session0,14329,2.072010684308115
hardware_session0,14330,0.5959119316084954
hardware_session0,14331,0.5994725547134904
hardware_session0,14332,0.5173163204595681
hardware_session0,14333,0.8240645987279082
hardware_session0,14334,1.3782424345530826
hardware_session0,14335,0.7590555952208613
hardware_session0,14336,1.6228486032951082
hardware_session0,14337,1.4381922173172712
hardware_session0,14338,0.6871962720409686
hardware_session0,14339,0.7287929287714292
hardware_session0,14340,0.8309098871894254
hardware_session0,14341,1.439628915794524
hardware_session0,14342,2.0737173616084124
hardware_session0,14343,1.148932990810024
hardware_session0,14344,1.1209251006963457
hardware_session0,14345,1.4756697079564993
hardware_session0,14346,1.3719137938204533
hardware_session0,14347,1.332174375203168
hardware_session0,14348,1.183773777755239
hardware_session0,14349,1.8169591033670451
hardware_session0,14350,1.8396617667024289
hardware_session0,14351,1.5887065040961965
hardware_session0,14352,1.3958855631414184
hardware_session0,14353,0.8924771825547573
hardware_session0,14354,1.5793870530990823
hardware_session0,14355,0.721484882203781
hardware_session0,14356,0.6356761880599812
hardware_session0,14357,0.8717977002753764
hardware_session0,14358,1.5806993367003226
hardware_session0,14359,0.8717679663518768
hardware_session0,14360,0.6053861325833235
hardware_session0,14361,0.5705249786221845
hardware_session0,14362,0.8563025065165076
hardware_session0,14363,0.9359556860424223
hardware_session0,14364,0.5487565143285826
hardware_session0,14365,1.09528691464137
hardware_session0,14366,1.6449499498417854
hardware_session0,14367,2.0141638183225674
hardware_session0,14368,0.7324482915781482
hardware_session0,14369,0.9283417036751338
hardware_session0,14370,0.5755499130608658
hardware_session0,14371,2.6119537837860616
hardware_session0,14372,0.6317829638452719
hardware_session0,14373,1.18005933744285
hardware_session0,14374,1.4204315750241978
hardware_session0,14375,0.9138288674264844
hardware_session0,14376,1.1458370437275787
hardware_session0,14377,2.6685016856208956
hardware_session0,14378,1.9692572494792713
hardware_session0,14379,2.0778199364772676
hardware_session0,14380,2.645269568535411
hardware_session0,14381,0.7480207221535211
hardware_session0,14382,0.8802901883180321
hardware_session0,14383,0.8391692992157089
hardware_session0,14384,0.5198549717388714
hardware_session0,14385,0.5241816794918456
hardware_session0,14386,0.6953586509135274
hardware_session0,14387,0.8062941637744012
hardware_session0,14388,1.9709389904285042
hardware_session0,14389,0.4033286107668429
hardware_session0,14390,0.8064386572662803
hardware_session0,14391,3.919437903222759
hardware_session0,14392,2.129354344623481
hardware_session0,14393,0.8529576025618686
hardware_session0,14394,0.8931905927677806
hardware_session0,14395,0.5987007504825125
hardware_session0,14396,1.4529347955011422
hardware_session0,14397,0.8263781325810688
hardware_session0,14398,0.358364552957418
hardware_session0,14399,1.6263238659021124
hardware_session0,14400,2.5496800922944276
hardware_session0,14401,0.6068219600561086
hardware_session0,14402,1.032796366229932
hardware_session0,14403,1.3224289732437262
hardware_session0,14404,0.5381786413831732
hardware_session0,14405,1.0536605309471632
hardware_session0,14406,1.0788379130050478
hardware_session0,14407,0.6780280534879662
hardware_session0,14408,0.7186559517624352
hardware_session0,14409,0.6715524555157557
hardware_session0,14410,1.8385103182400666
hardware_session0,14411,0.7433925107839945
hardware_session0,14412,1.535862598848879
hardware_session0,14413,1.012223649522154
hardware_session0,14414,1.4330539006245142
hardware_session0,14415,1.7573085285226364
hardware_session0,14416,0.49799184298026067
hardware_session0,14417,1.8921771962177338
hardware_session0,14418,1.7228154742505342
hardware_session0,14419,0.4719083883406185
hardware_session0,14420,1.4189952076904655
hardware_session0,14421,1.4906383925492601
hardware_session0,14422,0.6607183762519445
hardware_session0,14423,1.583416518628998
hardware_session0,14424,0.7348203979512405
hardware_session0,14425,1.2412350366108043
hardware_session0,14426,0.8251670693883527
hardware_session0,14427,1.0556060928458961
hardware_session0,14428,0.5581938552478416
hardware_session0,14429,0.7908539755542833
hardware_session0,14430,0.9694510994458476
hardware_session0,14431,0.6821950619534942
hardware_session0,14432,1.0465092563886589
hardware_session0,14433,1.0736120580529294
hardware_session0,14434,1.6455898453663578
hardware_session0,14435,2.1818371478361582
hardware_session0,14436,0.7518946038098605
hardware_session0,14437,1.4396569670886037
hardware_session0,14438,0.42118048509232575
hardware_session0,14439,0.7215648082719647
hardware_session0,14440,1.098786750187578
hardware_session0,14441,0.8583716986009321
hardware_session0,14442,1.2527726404198274
hardware_session0,14443,1.6833596129378183
hardware_session0,14444,0.746497608191636
hardware_session0,14445,1.4136350210683244
hardware_session0,14446,0.8194377301482474
hardware_session0,14447,0.9648967133958677
hardware_session0,14448,0.8421113817366563
hardware_session0,14449,1.0072485592353295
hardware_session0,14450,0.7546667033899337
hardware_session0,14451,1.6605585994769547
hardware_session0,14452,1.3349152204752974
hardware_session0,14453,0.2981446154047575
hardware_session0,14454,0.5317011528712906
hardware_session0,14455,1.3460187191530415
hardware_session0,14456,1.3741646213374492
hardware_session0,14457,1.671649627499821
hardware_session0,14458,1.6433396953116761
hardware_session0,14459,1.3179741347388125
hardware_session0,14460,0.7179780096109318
hardware_session0,14461,0.8472371870423776
hardware_session0,14462,1.483651328001503
hardware_session0,14463,0.7312052884873335
hardware_session0,14464,1.3913503044840074
hardware_session0,14465,1.424346684404587
hardware_session0,14466,0.7005678716649929
hardware_session0,14467,0.4311394779886547
hardware_session0,14468,0.6734450775578908
hardware_session0,14469,0.6337264479019532
hardware_session0,14470,1.4422227998988089
hardware_session0,14471,0.751059874848953
hardware_session0,14472,1.169771111937084
hardware_session0,14473,1.2490434539585549
hardware_session0,14474,0.4840185057990367
hardware_session0,14475,1.0383288007357832
hardware_session0,14476,1.382446841416304
hardware_session0,14477,0.933214823772938
hardware_session0,14478,0.7874333429171744
hardware_session0,14479,0.428389510590823
hardware_session0,14480,1.1956434460292582
hardware_session0,14481,1.3499375544482908
hardware_session0,14482,1.2708115228508585
hardware_session0,14483,0.46642350323078274
hardware_session0,14484,0.8839241656659826
hardware_session0,14485,1.5174420938129534
hardware_session0,14486,1.1111323018253474
hardware_session0,14487,0.5398955800831398
hardware_session0,14488,1.4996105058634575
hardware_session0,14489,0.6311519890899242
hardware_session0,14490,1.1238441219271895
hardware_session0,14491,1.9628275307312446
hardware_session0,14492,1.2508144863476867
hardware_session0,14493,1.0589366152794564
hardware_session0,14494,1.0790616871665846
hardware_session0,14495,0.5080374448530475
hardware_session0,14496,1.328926820156593
hardware_session0,14497,1.149877511362782
hardware_session0,14498,0.7888732743886907
hardware_session0,14499,0.6261766825475604
hardware_session0,14500,1.0133547521062976
hardware_session0,14501,1.0167718734351825
hardware_session0,14502,1.8970071128809411
hardware_session0,14503,1.4498115196645847
hardware_session0,14504,0.4943344605213157
hardware_session0,14505,1.1164050556305858
hardware_session0,14506,0.6908306355681203
hardware_session0,14507,0.614077349834463
hardware_session0,14508,1.237977643786168
hardware_session0,14509,1.1915030576687886
hardware_session0,14510,1.1297384411544258
hardware_session0,14511,0.5459777622417454
hardware_session0,14512,0.7909405120071367
hardware_session0,14513,1.2085914997833618
hardware_session0,14514,1.2817977143547992
hardware_session0,14515,2.2765022474666408
hardware_session0,14516,0.5572436002482309
hardware_session0,14517,2.1375512502928826
hardware_session0,14518,1.12439350141872
hardware_session0,14519,0.48957504112802785
hardware_session0,14520,0.7583005291314242
hardware_session0,14521,0.32758819080568685
hardware_session0,14522,1.9755738128260472
hardware_session0,14523,0.6104308450008401
hardware_session0,14524,1.0056322603767522
hardware_session0,14525,1.157957985671897
hardware_session0,14526,1.6776561955308118
hardware_session0,14527,1.14021920668393
hardware_session0,14528,0.550814752487682
hardware_session0,14529,1.7147408828549844
hardware_session0,14530,0.6548182913431777
hardware_session0,14531,1.680553397226789
hardware_session0,14532,0.7641836747729817
hardware_session0,14533,0.6144449479884146
hardware_session0,14534,0.7669173011450462
hardware_session0,14535,1.4696229651657948
hardware_session0,14536,0.9496524653294691
hardware_session0,14537,1.688994051811116
hardware_session0,14538,0.9810761788367884
hardware_session0,14539,2.071840208341147
hardware_session0,14540,1.4440547821941787
hardware_session0,14541,0.8523133289531557
hardware_session0,14542,0.606441252518249
hardware_session0,14543,1.3000448997949303
hardware_session0,14544,0.7430271174343253
hardware_session0,14545,0.6121095802731885
hardware_session0,14546,1.0865692361652688
hardware_session0,14547,0.9589262905315393
hardware_session0,14548,1.4628857774463628
hardware_session0,14549,0.609770443381818
hardware_session0,14550,0.8852803483519008
hardware_session0,14551,0.6331513739672749
hardware_session0,14552,0.6419380108556287
hardware_session0,14553,2.61990047865791
hardware_session0,14554,0.7038191881995303
hardware_session0,14555,1.3629511928303242
hardware_session0,14556,1.777925641415027
hardware_session0,14557,0.7283618414655152
hardware_session0,14558,0.40741115673952066
hardware_session0,14559,1.5255892987794264
hardware_session0,14560,2.0030946371039136
hardware_session0,14561,1.3090749846000664
hardware_session0,14562,0.8396732735204323
hardware_session0,14563,1.120942944903386
hardware_session0,14564,1.1707214688456957
hardware_session0,14565,1.5006431744345103
hardware_session0,14566,0.6645778735981688
hardware_session0,14567,0.6812189312256932
hardware_session0,14568,1.032769548867073
hardware_session0,14569,1.961009184023272
hardware_session0,14570,2.0560086014355874
hardware_session0,14571,0.43916335505095533
hardware_session0,14572,2.5346820524181064
hardware_session0,14573,1.9014434721196727
hardware_session0,14574,2.7196229264198637
hardware_session0,14575,1.8188647267448566
hardware_session0,14576,2.3846247502448144
hardware_session0,14577,2.8018217795168083
hardware_session0,14578,0.4392660534452104
hardware_session0,14579,0.4598943995563333
hardware_session0,14580,0.9391165941886983
hardware_session0,14581,0.8102013411510858
hardware_session0,14582,1.4967170209090788
hardware_session0,14583,1.025991001729539
hardware_session0,14584,0.7888517440835682
hardware_session0,14585,1.4263827957017847
hardware_session0,14586,1.2046193638240739
hardware_session0,14587,1.359897902754319
hardware_session0,14588,0.8140046431374007
hardware_session0,14589,1.2246423767702788
hardware_session0,14590,0.7191847344744211
hardware_session0,14591,0.8452472308804883
hardware_session0,14592,0.8139862892694018
hardware_session0,14593,0.7029062844416338
hardware_session0,14594,1.8001696270984249
hardware_session0,14595,0.586054688115909
hardware_session0,14596,1.2803057584404125
hardware_session0,14597,1.1799554326094146
hardware_session0,14598,1.1101476316400734
hardware_session0,14599,0.7313225518807438
hardware_session0,14600,0.6686508511288208
hardware_session0,14601,0.8144550805117483
hardware_session0,14602,0.6243105375630634
hardware_session0,14603,3.135855503775897
hardware_session0,14604,0.9410573771359744
hardware_session0,14605,0.8288433493004803
hardware_session0,14606,0.9370416374903106
hardware_session0,14607,1.7777512162663212
hardware_session0,14608,0.5072508024275675
hardware_session0,14609,1.9773377214376688
hardware_session0,14610,0.7192032164055004
hardware_session0,14611,0.7193739936692423
hardware_session0,14612,1.3947712909230598
hardware_session0,14613,1.466979715955669
hardware_session0,14614,0.9900549532298824
hardware_session0,14615,2.061023037325211
hardware_session0,14616,1.3585374246501076
hardware_session0,14617,0.6825905996313946
hardware_session0,14618,1.1149913477978683
hardware_session0,14619,0.9952576077223277
hardware_session0,14620,0.6358036081645564
hardware_session0,14621,1.4761345575647145
hardware_session0,14622,0.9319299007427774
hardware_session0,14623,1.190901386151008
hardware_session0,14624,1.353094375426058
hardware_session0,14625,1.2623529453526054
hardware_session0,14626,0.7819218886294981
hardware_session0,14627,0.8508787622921505
hardware_session0,14628,0.9282333877057447
hardware_session0,14629,2.095465601364075
hardware_session0,14630,1.2536737086756296
hardware_session0,14631,1.066196407351939
hardware_session0,14632,0.6270257958604494
hardware_session0,14633,0.8529979319784639
hardware_session0,14634,0.8066474761485484
hardware_session0,14635,0.6136235158251284
hardware_session0,14636,0.5668935586900125
hardware_session0,14637,1.5372007445931564
hardware_session0,14638,1.0934793404650514
hardware_session0,14639,1.1896775151182908
hardware_session0,14640,1.3688979373575234
hardware_session0,14641,0.9388171329478501
hardware_session0,14642,0.9059046986231166
hardware_session0,14643,1.2266215784590204
hardware_session0,14644,1.1412438330828227
hardware_session0,14645,0.7750835195521277
hardware_session0,14646,0.5063167332098554
hardware_session0,14647,0.5289732070118549
hardware_session0,14648,0.46932169676928653
hardware_session0,14649,0.6188045665177315
hardware_session0,14650,0.8288851110736813
hardware_session0,14651,1.0413125992307986
hardware_session0,14652,0.7344195770906092
hardware_session0,14653,0.9104546447834895
hardware_session0,14654,0.8145440777540885
hardware_session0,14655,0.7230131949867584
hardware_session0,14656,0.7156415347298143
hardware_session0,14657,1.948875516127289
hardware_session0,14658,0.509465280524645
hardware_session0,14659,0.775873135617687
hardware_session0,14660,0.5454988392387481
hardware_session0,14661,1.9250307861058997
hardware_session0,14662,1.5454329527777244
hardware_session0,14663,0.9772498161036274
hardware_session0,14664,1.40329463599653
hardware_session0,14665,0.660559573287832
hardware_session0,14666,1.1398080728259659
hardware_session0,14667,0.7441458943644711
hardware_session0,14668,0.6133691792742005
hardware_session0,14669,1.8884661598257582
hardware_session0,14670,0.8201081261590416
hardware_session0,14671,1.0342588950804106
hardware_session0,14672,0.5554664109895765
hardware_session0,14673,0.5324122027808188
hardware_session0,14674,0.8990284975567071
hardware_session0,14675,1.1660420807699141
hardware_session0,14676,0.876176534302274
hardware_session0,14677,1.5273149226253715
hardware_session0,14678,0.7081550868170465
hardware_session0,14679,0.7365289000065078
hardware_session0,14680,1.3154483069799832
hardware_session0,14681,1.4935810068490423
hardware_session0,14682,1.658041475076191
hardware_session0,14683,0.6945780699279696
hardware_session0,14684,0.8938769598428079
hardware_session0,14685,1.1276489865267594
hardware_session0,14686,0.5430540058324163
hardware_session0,14687,0.8533848256268088
hardware_session0,14688,0.8455465097960583
hardware_session0,14689,2.3779600355833725
hardware_session0,14690,1.0605702875215772
hardware_session0,14691,0.5166666460767917
hardware_session0,14692,1.0844587598695314
hardware_session0,14693,1.5127622281080053
hardware_session0,14694,0.6809097455280206
hardware_session0,14695,1.303967887297875
hardware_session0,14696,0.7735005497277303
hardware_session0,14697,0.894371270384303
hardware_session0,14698,0.48857843873178014
hardware_session0,14699,0.8193811335588085
hardware_session0,14700,1.7182770879735343
hardware_session0,14701,1.6825726624916133
hardware_session0,14702,1.9826136747477623
hardware_session0,14703,1.669354657415415
hardware_session0,14704,1.4998421103281332
hardware_session0,14705,1.7561536057686251
hardware_session0,14706,0.3670477046864551
hardware_session0,14707,0.6285208459925855
hardware_session0,14708,1.1120366649921931
hardware_session0,14709,0.5751046486493956
hardware_session0,14710,1.0329804053244225
hardware_session0,14711,1.9501226128113827
hardware_session0,14712,1.481726870019051
hardware_session0,14713,0.8347488762128414
hardware_session0,14714,1.132231694841596
hardware_session0,14715,1.4715119759551722
hardware_session0,14716,0.8097906537831032
hardware_session0,14717,0.7292777237650081
hardware_session0,14718,0.8907283103436329
hardware_session0,14719,1.455367277910215
hardware_session0,14720,0.8332787363154703
hardware_session0,14721,1.3816116728654078
hardware_session0,14722,1.7668610481616205
hardware_session0,14723,1.5036403322574863
hardware_session0,14724,1.1107415820523514
hardware_session0,14725,0.9609627838445394
hardware_session0,14726,0.7747657369759761
hardware_session0,14727,0.5087344275238488
hardware_session0,14728,2.5734021082832768
hardware_session0,14729,0.612466522040063
hardware_session0,14730,1.005588342917493
hardware_session0,14731,0.9878995035513239
hardware_session0,14732,1.1886232616632424
hardware_session0,14733,2.331964521932036
hardware_session0,14734,1.3604162545911835
hardware_session0,14735,0.9019759468996708
hardware_session0,14736,1.1158355000145805
hardware_session0,14737,0.6801910418407094
hardware_session0,14738,0.9825065887021059
hardware_session0,14739,1.5487069254453356
hardware_session0,14740,0.7736583064410136
hardware_session0,14741,0.8376062859159278
hardware_session0,14742,1.0554548114667233
hardware_session0,14743,1.146626366596038
hardware_session0,14744,0.7270525883071352
hardware_session0,14745,1.227670248946512
hardware_session0,14746,0.6099688996888997
hardware_session0,14747,1.4980930593442838
hardware_session0,14748,1.0921206988400236
hardware_session0,14749,1.4427814169062612
hardware_session0,14750,1.1865810240126715
hardware_session0,14751,0.6568582786661136
hardware_session0,14752,1.659693553905556
hardware_session0,14753,0.39196976210408635
hardware_session0,14754,0.9142883530102534
hardware_session0,14755,0.5687912648967626
hardware_session0,14756,0.4972144913048681
hardware_session0,14757,1.916468060141594
hardware_session0,14758,0.44783675352709534
hardware_session0,14759,0.6922812717842698
hardware_session0,14760,1.11125068433721
hardware_session0,14761,0.7992082599479451
hardware_session0,14762,1.0815541933614898
hardware_session0,14763,1.29714735588363
hardware_session0,14764,0.710544098055247
hardware_session0,14765,1.0880465399480803
hardware_session0,14766,0.7003831873322565
hardware_session0,14767,1.5495389915221798
hardware_session0,14768,0.7707876080359329
hardware_session0,14769,1.5550054713345778
hardware_session0,14770,0.6108106389580392
hardware_session0,14771,2.420823057340943
hardware_session0,14772,1.5926119055845476
hardware_session0,14773,1.1430921804745666
hardware_session0,14774,0.4552284469701725
hardware_session0,14775,1.5671767518871076
hardware_session0,14776,1.0122753902372559
hardware_session0,14777,3.115519115897321
hardware_session0,14778,1.1803140787131272
hardware_session0,14779,1.3653327166009663
hardware_session0,14780,0.4376387454046955
hardware_session0,14781,0.6092795397797888
hardware_session0,14782,0.8478651066061825
hardware_session0,14783,1.824386331459048
hardware_session0,14784,1.7538306725208836
hardware_session0,14785,1.2272115857421284
hardware_session0,14786,0.9623312473516447
hardware_session0,14787,0.5996606003010918
hardware_session0,14788,1.6135112330226924
hardware_session0,14789,1.3362826129856589
hardware_session0,14790,1.6790048116291092
hardware_session0,14791,1.4872213387226807
hardware_session0,14792,0.7766465098367966
hardware_session0,14793,1.4710996541266954
hardware_session0,14794,0.6839979919041453
hardware_session0,14795,0.4880015001852562
hardware_session0,14796,0.7594251677839772
hardware_session0,14797,1.0695885099811961
hardware_session0,14798,1.065151660260316
hardware_session0,14799,0.7315133039874899
hardware_session0,14800,1.241042052714025
hardware_session0,14801,1.556960161013663
hardware_session0,14802,0.5957386263637768
hardware_session0,14803,1.3087584523232099
hardware_session0,14804,1.0084651525903703
hardware_session0,14805,1.8923805203041242
hardware_session0,14806,0.6223808159212482
hardware_session0,14807,0.978204939514383
hardware_session0,14808,1.5716107160443422
hardware_session0,14809,1.0897423118035714
hardware_session0,14810,0.8762091331693264
hardware_session0,14811,0.59972150488025
hardware_session0,14812,1.5926088210052332
hardware_session0,14813,1.130528707516891
hardware_session0,14814,2.033177421826899
hardware_session0,14815,1.2370919948292223
hardware_session0,14816,2.186809017396116
hardware_session0,14817,1.404857246851993
hardware_session0,14818,0.5903680978510002
hardware_session0,14819,0.5049575156159227
hardware_session0,14820,0.844817059835304
hardware_session0,14821,0.8974328786497601
hardware_session0,14822,2.372371906520855
hardware_session0,14823,1.085346882315744
hardware_session0,14824,1.3091808893721912
hardware_session0,14825,1.6985532195728312
hardware_session0,14826,0.8329516750368728
hardware_session0,14827,1.310252645803976
hardware_session0,14828,0.5971665366486975
hardware_session0,14829,0.9644962782085313
hardware_session0,14830,0.6826972938723139
hardware_session0,14831,1.4070845624227406
hardware_session0,14832,1.316303222627674
hardware_session0,14833,1.4210814779056098
hardware_session0,14834,2.026028561103346
hardware_session0,14835,1.0871203360708075
hardware_session0,14836,1.1689614816591547
hardware_session0,14837,1.074837543909317
hardware_session0,14838,0.49053138769851945
hardware_session0,14839,1.3460935821952467
hardware_session0,14840,1.051560095163404
hardware_session0,14841,1.0972557757167845
hardware_session0,14842,0.757551364505072
hardware_session0,14843,2.213862864539136
hardware_session0,14844,0.5657056557639092
hardware_session0,14845,0.668556698482126
hardware_session0,14846,1.7917359785751183
hardware_session0,14847,0.46624164992592887
hardware_session0,14848,0.9431159479380923
hardware_session0,14849,0.6251093984532072
hardware_session0,14850,1.4604096234134307
hardware_session0,14851,0.36815541707156996
hardware_session0,14852,2.1810099309059745
hardware_session0,14853,1.4368448032437808
hardware_session0,14854,0.6681445763851516
hardware_session0,14855,1.3033058428962787
hardware_session0,14856,0.8461315982018115
hardware_session0,14857,0.9410191607382417
hardware_session0,14858,1.181225572984129
hardware_session0,14859,1.2343863741020242
hardware_session0,14860,0.5477749753760502
hardware_session0,14861,0.6796173175111943
hardware_session0,14862,1.9888647899765686
hardware_session0,14863,0.6867073894810347
hardware_session0,14864,1.5464842952628406
hardware_session0,14865,1.5219961127617685
hardware_session0,14866,0.8815930888031068
hardware_session0,14867,0.5306028967522859
hardware_session0,14868,0.9123049906205773
hardware_session0,14869,1.9970556858805308
hardware_session0,14870,1.1903805104694558
hardware_session0,14871,0.4513247443759841
hardware_session0,14872,0.736968531486601
hardware_session0,14873,0.6933475812904243
hardware_session0,14874,0.676799177757806
hardware_session0,14875,0.43518806387896497
hardware_session0,14876,1.0745384897529058
hardware_session0,14877,0.7387394182032592
hardware_session0,14878,1.5281399638901967
hardware_session0,14879,0.9023400448935271
hardware_session0,14880,2.200141980145138
hardware_session0,14881,0.6280278769350592
hardware_session0,14882,1.3974241525041602
hardware_session0,14883,1.0898395053565257
hardware_session0,14884,0.35133146480246896
hardware_session0,14885,1.62384315941551
hardware_session0,14886,1.3127291434054085
hardware_session0,14887,1.1765200194271566
hardware_session0,14888,1.9373096331181845
hardware_session0,14889,0.8219834897621047
hardware_session0,14890,1.1650756309781596
hardware_session0,14891,1.9331341973743055
hardware_session0,14892,1.4458923269250523
hardware_session0,14893,0.5796370848484343
hardware_session0,14894,1.2078219430112895
hardware_session0,14895,0.7090332142029282
hardware_session0,14896,0.8843374538637382
hardware_session0,14897,0.7235262619062683
hardware_session0,14898,0.7407925100437257
hardware_session0,14899,0.7222399792706063
hardware_session0,14900,0.7810946545753831
hardware_session0,14901,0.8844738377568164
hardware_session0,14902,1.0017383766549393
hardware_session0,14903,1.0611905658146719
hardware_session0,14904,1.104519871007117
hardware_session0,14905,1.1122616417350515
hardware_session0,14906,1.6241117703169563
hardware_session0,14907,0.6863624966769674
hardware_session0,14908,1.164154716559505
hardware_session0,14909,2.2269286987554637
hardware_session0,14910,0.5930883138277911
hardware_session0,14911,1.9918609369430695
hardware_session0,14912,0.7276173493964988
hardware_session0,14913,1.0298347227212656
hardware_session0,14914,1.5281789056498731
hardware_session0,14915,0.7604714635751626
hardware_session0,14916,0.8914266352689206
hardware_session0,14917,1.9681340148562607
hardware_session0,14918,0.5850285040933453
hardware_session0,14919,0.8531824085739546
hardware_session0,14920,1.7649729829364622
hardware_session0,14921,1.5007966265962784
hardware_session0,14922,1.0797789838686278
hardware_session0,14923,1.4446343126951882
hardware_session0,14924,1.9430536195565116
hardware_session0,14925,1.485741226955976
hardware_session0,14926,1.1750439872724425
hardware_session0,14927,0.6271783119072731
hardware_session0,14928,0.6203654790295916
hardware_session0,14929,0.9285321616660203
hardware_session0,14930,1.3874152513716853
hardware_session0,14931,0.8666641270000542
hardware_session0,14932,1.2821534584112482
hardware_session0,14933,1.1977291871363451
hardware_session0,14934,0.8009398684010638
hardware_session0,14935,2.3293995551071807
hardware_session0,14936,1.1358296777161832
hardware_session0,14937,0.7676137558138264
hardware_session0,14938,0.8025859923599508
hardware_session0,14939,0.48455379142692845
hardware_session0,14940,1.3835836006947064
hardware_session0,14941,0.7847695093309088
hardware_session0,14942,1.4096903539700076
hardware_session0,14943,0.5636840612039898
hardware_session0,14944,2.7539436519893274
hardware_session0,14945,1.111756623308664
hardware_session0,14946,1.6413011762466243
hardware_session0,14947,1.3342222895073887
hardware_session0,14948,2.217614791932356
hardware_session0,14949,0.46396538702138695
hardware_session0,14950,0.7875939932451403
hardware_session0,14951,1.7320031324717031
hardware_session0,14952,1.6688499182667698
hardware_session0,14953,0.8134141045858067
hardware_session0,14954,1.4352149325450905
hardware_session0,14955,1.665392847362361
hardware_session0,14956,0.8167664118505807
hardware_session0,14957,1.197380731582392
hardware_session0,14958,0.6039961653870984
hardware_session0,14959,0.7823372593215273
hardware_session0,14960,0.6398026231342174
hardware_session0,14961,0.7929293997340794
hardware_session0,14962,1.390744633036747
hardware_session0,14963,0.520878753066965
hardware_session0,14964,1.2689414617490526
hardware_session0,14965,2.2253425011816
hardware_session0,14966,0.6215572765807286
hardware_session0,14967,1.3460570596019144
hardware_session0,14968,1.1205964268218604
hardware_session0,14969,0.7757655144698964
hardware_session0,14970,0.4240862219050494
hardware_session0,14971,0.7508268226091316
hardware_session0,14972,1.168619768930567
hardware_session0,14973,1.2006074798864248
hardware_session0,14974,2.0512343180439507
hardware_session0,14975,0.8491460422101458
hardware_session0,14976,0.9881655040334866
hardware_session0,14977,0.9658183267494026
hardware_session0,14978,0.848614717309445
hardware_session0,14979,0.38235942821954283
hardware_session0,14980,0.612967467868175
hardware_session0,14981,1.4713251055088001
hardware_session0,14982,1.231251562934382
hardware_session0,14983,0.6486656966049831
hardware_session0,14984,1.1874729858140163
hardware_session0,14985,1.232520410967262
hardware_session0,14986,0.6399886121321693
hardware_session0,14987,1.1998172876560358
hardware_session0,14988,2.0587320146072887
hardware_session0,14989,0.5456515480476712
hardware_session0,14990,1.32674365824175
hardware_session0,14991,1.4386991658656816
hardware_session0,14992,1.4225645215729086
hardware_session0,14993,1.6734208838365676
hardware_session0,14994,0.4740075461362328
hardware_session0,14995,0.8132896026714057
hardware_session0,14996,0.8255347014581709
hardware_session0,14997,0.5111354040411936
hardware_session0,14998,1.2105237633026664
hardware_session0,14999,0.8170560101566074
hardware_session0,15000,0.6270627537893287
hardware_session0,15001,0.9770876281307291
hardware_session0,15002,2.1162965124460325
hardware_session0,15003,0.5823242995336507
hardware_session0,15004,1.0330756670364523
hardware_session0,15005,0.9105911052580931
hardware_session0,15006,1.2993827660522146
hardware_session0,15007,0.492607651394302
hardware_session0,15008,1.1525716043931287
hardware_session0,15009,1.4181749018539713
hardware_session0,15010,0.37731738951330396
hardware_session0,15011,0.6617551903637433
hardware_session0,15012,1.071893434136242
hardware_session0,15013,0.7120031079557895
hardware_session0,15014,0.8834324152999184
hardware_session0,15015,1.2817431620448492
hardware_session0,15016,1.053056505057354
hardware_session0,15017,1.1468537060478392
hardware_session0,15018,0.5697785947354768
hardware_session0,15019,0.8546842037506225
hardware_session0,15020,0.8844600507801516
hardware_session0,15021,1.6509453146823534
hardware_session0,15022,1.1393644746162677
hardware_session0,15023,0.7596652262665075
hardware_session0,15024,1.1871535935554463
hardware_session0,15025,0.662130668181842
hardware_session0,15026,1.0192944369054158
hardware_session0,15027,0.8353153521185933
hardware_session0,15028,0.9487218749237745
hardware_session0,15029,0.6810980180716831
hardware_session0,15030,2.0853162133107928
hardware_session0,15031,0.9757359393512189
hardware_session0,15032,0.8402450181692082
hardware_session0,15033,0.824933076701206
hardware_session0,15034,1.1183815619646447
hardware_session0,15035,0.5062929451378932
hardware_session0,15036,0.9998494112413082
hardware_session0,15037,1.9552380014522326
hardware_session0,15038,0.6614053566595571
hardware_session0,15039,0.8654612014886481
hardware_session0,15040,0.9218656790021459
hardware_session0,15041,0.7892428621826381
hardware_session0,15042,0.6944346661156465
hardware_session0,15043,1.0608582692316086
hardware_session0,15044,1.576058114255423
hardware_session0,15045,1.2328725772068612
hardware_session0,15046,0.849725178181669
hardware_session0,15047,0.8377841083865188
hardware_session0,15048,0.9544347824547772
hardware_session0,15049,1.4634099197206352
hardware_session0,15050,0.6938104480140896
hardware_session0,15051,1.027554884566676
hardware_session0,15052,1.8909587853181302
hardware_session0,15053,1.2965994978051198
hardware_session0,15054,1.0896694189768203
hardware_session0,15055,1.0748640826714808
hardware_session0,15056,1.9827959541115876
hardware_session0,15057,1.0631147696879415
hardware_session0,15058,0.3718093866205075
hardware_session0,15059,1.452933136365515
hardware_session0,15060,1.365070916689173
hardware_session0,15061,0.5944595189432218
hardware_session0,15062,1.3192846084219103
hardware_session0,15063,0.8764835857968282
hardware_session0,15064,0.42503100054822024
hardware_session0,15065,0.8453418515055872
hardware_session0,15066,1.2443037171193796
hardware_session0,15067,0.6085762567966412
hardware_session0,15068,0.8615991296152546
hardware_session0,15069,1.1986785857614528
hardware_session0,15070,0.8685874122376273
hardware_session0,15071,1.6487280105243285
hardware_session0,15072,1.8844032064393168
hardware_session0,15073,1.1098467716265072
hardware_session0,15074,0.8270843316953044
hardware_session0,15075,0.6135520051429659
hardware_session0,15076,0.6241742525222851
hardware_session0,15077,0.8165299390561178
hardware_session0,15078,0.9258870387563419
hardware_session0,15079,0.7900970782820163
hardware_session0,15080,0.6437629783217154
hardware_session0,15081,2.1380943070175187
hardware_session0,15082,0.8843511039801922
hardware_session0,15083,2.5313839142983308
hardware_session0,15084,0.5573584931553329
hardware_session0,15085,1.0954725213899568
hardware_session0,15086,1.3337234826199302
hardware_session0,15087,1.5436269811963077
hardware_session0,15088,2.1292758857518845
hardware_session0,15089,1.676433703802142
hardware_session0,15090,0.9965440361436986
hardware_session0,15091,1.1941851483469708
hardware_session0,15092,0.7493498232689236
hardware_session0,15093,0.8208175450048412
hardware_session0,15094,1.638882199354212
hardware_session0,15095,0.7031109174751522
hardware_session0,15096,0.5197768499089841
hardware_session0,15097,0.71024953445298
hardware_session0,15098,0.6944515178157684
hardware_session0,15099,0.9860222858142482
hardware_session0,15100,1.3790860613167035
hardware_session0,15101,0.8721211787365638
hardware_session0,15102,1.3026394299680544
hardware_session0,15103,1.6584169164697469
hardware_session0,15104,0.4775162261938488
hardware_session0,15105,1.026462553918976
hardware_session0,15106,0.9714943885354433
hardware_session0,15107,0.428665071992715
hardware_session0,15108,2.4923774888442667
hardware_session0,15109,0.9168015449991008
hardware_session0,15110,1.9852386072790957
hardware_session0,15111,0.896404317299896
hardware_session0,15112,0.7761572707836946
hardware_session0,15113,1.4618962816652021
hardware_session0,15114,0.3822887078911783
hardware_session0,15115,1.200715736018323
hardware_session0,15116,0.6040040286499717
hardware_session0,15117,1.3211305329644114
hardware_session0,15118,0.9000974547915341
hardware_session0,15119,1.165958378986709
hardware_session0,15120,0.4239717377378582
hardware_session0,15121,2.070388649559433
hardware_session0,15122,1.2235611491320446
hardware_session0,15123,0.9890586454153094
hardware_session0,15124,0.6691843037295396
hardware_session0,15125,0.5520477643114454
hardware_session0,15126,1.3356976191115204
hardware_session0,15127,0.8376860274705951
hardware_session0,15128,1.171493216726421
hardware_session0,15129,1.404920821977567
hardware_session0,15130,0.49468152399890314
hardware_session0,15131,1.1073679546681816
hardware_session0,15132,0.5718324299498801
hardware_session0,15133,0.6261980602936252
hardware_session0,15134,0.8831809250137369
hardware_session0,15135,0.7563699389929931
hardware_session0,15136,0.9632706178923477
hardware_session0,15137,0.7645288483983355
hardware_session0,15138,1.1873099760464196
hardware_session0,15139,1.0853012265876334
hardware_session0,15140,0.6290402801601582
hardware_session0,15141,1.0051252846686274
hardware_session0,15142,1.2067316653883136
hardware_session0,15143,2.129202671552806
hardware_session0,15144,1.4170842125538972
hardware_session0,15145,1.5742629615637573
hardware_session0,15146,0.9998916248321247
hardware_session0,15147,1.3273788293147049
hardware_session0,15148,1.2953579925798757
hardware_session0,15149,0.9525950765487514
hardware_session0,15150,1.7968518804248608
hardware_session0,15151,1.8161983169383682
hardware_session0,15152,1.8122761644845204
hardware_session0,15153,0.9038486053239273
hardware_session0,15154,1.3628702306541265
hardware_session0,15155,0.7230921576790571
hardware_session0,15156,1.9799150459180272
hardware_session0,15157,1.1523733478681064
hardware_session0,15158,1.93075044489976
hardware_session0,15159,0.447446056386017
hardware_session0,15160,1.051605164352572
hardware_session0,15161,1.598829965612202
hardware_session0,15162,1.2986661088650195
hardware_session0,15163,1.1800462685705146
hardware_session0,15164,0.508161829665594
hardware_session0,15165,3.4293860873110074
hardware_session0,15166,0.5077823546912009
hardware_session0,15167,0.7254513597450882
hardware_session0,15168,0.7559981783770139
hardware_session0,15169,1.0495733390999749
hardware_session0,15170,1.2047008476469159
hardware_session0,15171,1.5308641102006268
hardware_session0,15172,0.7323266580091758
hardware_session0,15173,0.5513432616243145
hardware_session0,15174,2.055948671288945
hardware_session0,15175,1.9684674043422061
hardware_session0,15176,0.5530708463521721
hardware_session0,15177,1.29787695616094
hardware_session0,15178,0.9864701817035312
hardware_session0,15179,1.0203764068030345
hardware_session0,15180,0.9604605956220887
hardware_session0,15181,1.115585168600533
hardware_session0,15182,1.410802891767757
hardware_session0,15183,1.4883940558540705
hardware_session0,15184,0.6050826207781699
hardware_session0,15185,1.0262483748131392
hardware_session0,15186,0.9040936888632497
hardware_session0,15187,0.6695022716931657
hardware_session0,15188,0.9416076545534204
hardware_session0,15189,0.8533406033283238
hardware_session0,15190,2.9866712684913805
hardware_session0,15191,1.0209440446447724
hardware_session0,15192,0.5290299006825442
hardware_session0,15193,0.7077133183378919
hardware_session0,15194,0.7461970653993478
hardware_session0,15195,1.0018379002947417
hardware_session0,15196,0.7807111043419335
hardware_session0,15197,0.9548140184281382
hardware_session0,15198,1.6415486338476735
hardware_session0,15199,1.2053590124750777
hardware_session0,15200,0.8121928393932392
hardware_session0,15201,1.1796148655415764
hardware_session0,15202,0.7342835266889514
hardware_session0,15203,1.1762933432453384
hardware_session0,15204,0.9355577624454454
hardware_session0,15205,1.6831390887449742
hardware_session0,15206,1.137627717173724
hardware_session0,15207,1.3731418816347776
hardware_session0,15208,0.9073012635903053
hardware_session0,15209,0.8438956551585673
hardware_session0,15210,1.0107476344561188
hardware_session0,15211,1.1451312883718832
hardware_session0,15212,1.8465505882669182
hardware_session0,15213,1.4895847477757282
hardware_session0,15214,1.8560557201585695
hardware_session0,15215,0.467809636568968
hardware_session0,15216,0.6267221961394487
hardware_session0,15217,0.6247183951092586
hardware_session0,15218,1.3776049774844776
hardware_session0,15219,0.9847373271693405
hardware_session0,15220,0.6938296591849246
hardware_session0,15221,1.18721219594779
hardware_session0,15222,0.7420015197135069
hardware_session0,15223,0.7628119495585879
hardware_session0,15224,0.4186305632485632
hardware_session0,15225,1.0105809972906847
hardware_session0,15226,0.6387693640430386
hardware_session0,15227,1.3117368635185789
hardware_session0,15228,1.1523258219452228
hardware_session0,15229,0.5640057631139287
hardware_session0,15230,1.141375206644477
hardware_session0,15231,2.095152388958045
hardware_session0,15232,0.8588028771114806
hardware_session0,15233,0.7704401218017004
hardware_session0,15234,2.4887518598050913
hardware_session0,15235,1.3315783536947605
hardware_session0,15236,1.403382944623985
hardware_session0,15237,0.7254640918465237
hardware_session0,15238,1.2274689407393184
hardware_session0,15239,1.452562993329498
hardware_session0,15240,2.8905359482357564
hardware_session0,15241,0.7845344223276549
hardware_session0,15242,0.7459079630776907
hardware_session0,15243,1.0636728451249209
hardware_session0,15244,1.5057848577334465
hardware_session0,15245,1.347706755981374
hardware_session0,15246,1.4412503977212043
hardware_session0,15247,0.9636924462939376
hardware_session0,15248,0.40285569425094647
hardware_session0,15249,1.3398450840467746
hardware_session0,15250,0.9535134865424266
hardware_session0,15251,1.6467194199919994
hardware_session0,15252,0.8845621287133696
hardware_session0,15253,0.7645206081639182
hardware_session0,15254,1.620738917313095
hardware_session0,15255,2.031357878144898
hardware_session0,15256,0.8484903147911657
hardware_session0,15257,1.4687397081034792
hardware_session0,15258,0.9697403693169836
hardware_session0,15259,0.9437145179016382
hardware_session0,15260,0.5468945894881081
hardware_session0,15261,1.3158016862085113
hardware_session0,15262,0.6767224106115239
hardware_session0,15263,1.4849891634994712
hardware_session0,15264,1.2297680425864477
hardware_session0,15265,1.6377667926679367
hardware_session0,15266,0.5756071663390148
hardware_session0,15267,0.9457009221111718
hardware_session0,15268,0.5491988165825343
hardware_session0,15269,0.6573327646150214
hardware_session0,15270,0.8918306049777281
hardware_session0,15271,0.5127131393791095
hardware_session0,15272,1.04969495712686
hardware_session0,15273,0.6166388628924614
hardware_session0,15274,1.7756691212506972
hardware_session0,15275,1.0754633172549577
hardware_session0,15276,0.9422485494849201
hardware_session0,15277,0.8046977665482936
hardware_session0,15278,1.0200364739135916
hardware_session0,15279,0.8007508299200549
hardware_session0,15280,1.6750009802780457
hardware_session0,15281,1.7193383751162092
hardware_session0,15282,0.8458425231171889
hardware_session0,15283,0.812726442171179
hardware_session0,15284,1.6463477160920044
hardware_session0,15285,1.9014817039922758
hardware_session0,15286,1.30690793665747
hardware_session0,15287,1.9823466011320003
hardware_session0,15288,0.7818958688556292
hardware_session0,15289,1.1929921970594908
hardware_session0,15290,0.5260326687680619
hardware_session0,15291,1.0160483551311565
hardware_session0,15292,0.5999467761946363
hardware_session0,15293,1.710377819350134
hardware_session0,15294,0.6717712286467571
hardware_session0,15295,1.687552448323554
hardware_session0,15296,1.0034003380373122
hardware_session0,15297,1.047641174858399
hardware_session0,15298,0.7774899102443905
hardware_session0,15299,1.445275319310191
hardware_session0,15300,0.4955940388007423
hardware_session0,15301,1.2628780802450956
hardware_session0,15302,0.7495391808213934
hardware_session0,15303,1.2635557061012959
hardware_session0,15304,1.4938386885984696
hardware_session0,15305,1.06233024089881
hardware_session0,15306,0.654667107993586
hardware_session0,15307,1.4842124918314759
hardware_session0,15308,0.9879968075838877
hardware_session0,15309,0.6379337208236269
hardware_session0,15310,1.0514954586674539
hardware_session0,15311,0.5804934822723793
hardware_session0,15312,1.3050313692771849
hardware_session0,15313,0.4484988840666559
hardware_session0,15314,1.1613364876317689
hardware_session0,15315,1.38567926274016
hardware_session0,15316,1.5028654200037301
hardware_session0,15317,2.3313883725664803
hardware_session0,15318,0.6880560557037355
hardware_session0,15319,0.9996159479475998
hardware_session0,15320,0.5143841176650743
hardware_session0,15321,0.4979100197630295
hardware_session0,15322,1.2373726494833308
hardware_session0,15323,1.2471806924206017
hardware_session0,15324,1.0203997447628206
hardware_session0,15325,1.0885498674173273
hardware_session0,15326,1.1066789881277526
hardware_session0,15327,1.521734649072803
hardware_session0,15328,0.8195091542682126
hardware_session0,15329,1.468092055052869
hardware_session0,15330,1.1451514025191416
hardware_session0,15331,1.4397895772129532
hardware_session0,15332,0.711358426239005
hardware_session0,15333,0.7250270800204062
hardware_session0,15334,0.5447704450022889
hardware_session0,15335,1.1258542668295026
hardware_session0,15336,1.0767730136451508
hardware_session0,15337,0.9871355447479357
hardware_session0,15338,1.0316716595067954
hardware_session0,15339,2.04185253326955
hardware_session0,15340,1.3989444704171463
hardware_session0,15341,1.95331927385625
hardware_session0,15342,0.7783397995577644
hardware_session0,15343,0.7128346364714394
hardware_session0,15344,0.8724502658334113
hardware_session0,15345,0.7927854987918165
hardware_session0,15346,1.1012534749076432
hardware_session0,15347,0.5108809691754089
hardware_session0,15348,0.645831157629086
hardware_session0,15349,0.7262949133716873
hardware_session0,15350,1.2437496949613438
hardware_session0,15351,1.8372353962689159
hardware_session0,15352,0.6313573633930207
hardware_session0,15353,1.0609943063386151
hardware_session0,15354,1.214080884299915
hardware_session0,15355,1.5515845435735236
hardware_session0,15356,1.4404914617159732
hardware_session0,15357,0.7278587248024225
hardware_session0,15358,0.7614516369577228
hardware_session0,15359,1.4171695657589516
hardware_session0,15360,1.0490021131449871
hardware_session0,15361,1.5571101452048977
hardware_session0,15362,0.4707352954087726
hardware_session0,15363,0.8466270122150787
hardware_session0,15364,1.2096922446181197
hardware_session0,15365,0.7766533443970056
hardware_session0,15366,1.7247508784757675
hardware_session0,15367,1.3645465448069103
hardware_session0,15368,1.6322114004156691
hardware_session0,15369,0.6931806457728297
hardware_session0,15370,1.6599651357147187
hardware_session0,15371,1.2363637561761989
hardware_session0,15372,0.8313232058241983
hardware_session0,15373,0.7110318870938886
hardware_session0,15374,0.8010135017865495
hardware_session0,15375,0.5210438004570301
hardware_session0,15376,1.1265009375146369
hardware_session0,15377,0.6708029958700232
hardware_session0,15378,0.9372792526854703
hardware_session0,15379,0.7522411806017886
hardware_session0,15380,0.5318517210553912
hardware_session0,15381,0.7425436159418051
hardware_session0,15382,0.33656134448987246
hardware_session0,15383,1.368483710163388
hardware_session0,15384,0.5897103459583201
hardware_session0,15385,0.7936377693557498
hardware_session0,15386,1.6342553359702998
hardware_session0,15387,1.426270653009479
hardware_session0,15388,0.4680459969386111
hardware_session0,15389,0.6768680205673661
hardware_session0,15390,1.490560665337254
hardware_session0,15391,0.8116066953215619
hardware_session0,15392,1.2995774956710502
hardware_session0,15393,1.2555864510173553
hardware_session0,15394,0.6886759300202487
hardware_session0,15395,0.6463074725274234
hardware_session0,15396,2.3030186002667863
hardware_session0,15397,1.6541018725573753
hardware_session0,15398,1.5670832900547944
hardware_session0,15399,1.3827375275870113
hardware_session0,15400,1.3859486128087435
hardware_session0,15401,0.8038022186421068
hardware_session0,15402,1.2164200094248483
hardware_session0,15403,0.7509100779447966
hardware_session0,15404,1.3023607058047961
hardware_session0,15405,1.7936245632867385
hardware_session0,15406,1.616610807869268
hardware_session0,15407,0.8766921550484293
hardware_session0,15408,0.625056842725101
hardware_session0,15409,1.5016203759880011
hardware_session0,15410,1.0340572753774613
hardware_session0,15411,1.6490173262667542
hardware_session0,15412,0.5864649810731754
hardware_session0,15413,0.3859435719197359
hardware_session0,15414,1.185871785786895
hardware_session0,15415,1.5933229468615497
hardware_session0,15416,0.9700711155172136
hardware_session0,15417,1.3737652877862645
hardware_session0,15418,1.01262226721324
hardware_session0,15419,1.277498517174027
hardware_session0,15420,1.103036329704366
hardware_session0,15421,0.9132616798452534
hardware_session0,15422,0.44445757244981227
hardware_session0,15423,1.1967212616251508
hardware_session0,15424,0.6644121456264331
hardware_session0,15425,0.7671820642256219
hardware_session0,15426,1.146072452129298
hardware_session0,15427,1.198031684451595
hardware_session0,15428,1.7642378654049382
hardware_session0,15429,1.5124149931883575
hardware_session0,15430,0.5587012612751756
hardware_session0,15431,0.4664482837160073
hardware_session0,15432,0.8890372055388641
hardware_session0,15433,1.5212676273571624
hardware_session0,15434,1.7048131789354983
hardware_session0,15435,0.9730789477922177
hardware_session0,15436,1.2425304252532157
hardware_session0,15437,0.3910138624207818
hardware_session0,15438,1.8810361925884036
hardware_session0,15439,1.0731511008058325
hardware_session0,15440,0.636384118933125
hardware_session0,15441,0.7179600336522917
hardware_session0,15442,1.234516142473441
hardware_session0,15443,0.485390616260826
hardware_session0,15444,1.297896533996469
hardware_session0,15445,0.5515157510111857
hardware_session0,15446,0.735636898424998
hardware_session0,15447,1.9890442297141049
hardware_session0,15448,1.7893776774475119
hardware_session0,15449,1.4577735056617103
hardware_session0,15450,0.4809799906492786
hardware_session0,15451,1.8393160708405716
hardware_session0,15452,3.018177580726954
hardware_session0,15453,0.605748846453686
hardware_session0,15454,0.7243042177326214
hardware_session0,15455,1.0929410766122232
hardware_session0,15456,0.5725070447869538
hardware_session0,15457,1.0447456243852435
hardware_session0,15458,0.8524081896032472
hardware_session0,15459,0.7425522891392687
hardware_session0,15460,2.528988249161179
hardware_session0,15461,0.7418035212028451
hardware_session0,15462,0.5593903963286129
hardware_session0,15463,1.1847721721870252
hardware_session0,15464,1.0021135036443103
hardware_session0,15465,0.9439571837103637
hardware_session0,15466,1.0240626162402187
hardware_session0,15467,1.9052565501981906
hardware_session0,15468,1.3945502524376319
hardware_session0,15469,0.675974170974894
hardware_session0,15470,0.6974217277602284
hardware_session0,15471,0.8692207458821657
hardware_session0,15472,0.5593308078284246
hardware_session0,15473,0.6246752910783481
hardware_session0,15474,0.6330754213394962
hardware_session0,15475,1.6899164853756155
hardware_session0,15476,0.8804544187349647
hardware_session0,15477,1.4146381744634882
hardware_session0,15478,1.1483578221298312
hardware_session0,15479,2.592035817384413
hardware_session0,15480,0.42366190568360446
hardware_session0,15481,1.5538658309492162
hardware_session0,15482,0.46942999019806886
hardware_session0,15483,1.501206448680061
hardware_session0,15484,1.454009379964658
hardware_session0,15485,1.0442125486737501
hardware_session0,15486,0.5140989453353089
hardware_session0,15487,1.5450229196164786
hardware_session0,15488,1.973036153917613
hardware_session0,15489,0.7605870360058421
hardware_session0,15490,1.5672310733016617
hardware_session0,15491,0.3827797772173306
hardware_session0,15492,2.129187422377552
hardware_session0,15493,0.8465831166884066
hardware_session0,15494,0.8874036053014938
hardware_session0,15495,2.0654160664285066
hardware_session0,15496,0.5114437551767228
hardware_session0,15497,0.8079034808026537
hardware_session0,15498,2.058906338955538
hardware_session0,15499,0.7460036692331942
hardware_session0,15500,1.550832239536817
hardware_session0,15501,0.8892817433193614
hardware_session0,15502,1.3115778644589398
hardware_session0,15503,1.2556853862909934
hardware_session0,15504,0.7429382040994301
hardware_session0,15505,0.776669429446595
hardware_session0,15506,0.5190215976693507
hardware_session0,15507,1.3413504862584475
hardware_session0,15508,1.434991754583449
hardware_session0,15509,1.3613879698503948
hardware_session0,15510,1.3941954069066975
hardware_session0,15511,1.4528506336336298
hardware_session0,15512,0.5244796396152301
hardware_session0,15513,0.8064471516023003
hardware_session0,15514,1.4136539957282028
hardware_session0,15515,1.5730846089246617
hardware_session0,15516,2.436297733589675
hardware_session0,15517,0.6688652447825839
hardware_session0,15518,0.8876049841483801
hardware_session0,15519,1.6132852779758124
hardware_session0,15520,1.171102612587154
hardware_session0,15521,0.4231755586653661
hardware_session0,15522,1.1590002994582713
hardware_session0,15523,1.0653890897985887
hardware_session0,15524,0.5244469453763543
hardware_session0,15525,0.6243226984682249
hardware_session0,15526,1.38940828350549
hardware_session0,15527,1.2818214569424045
hardware_session0,15528,0.9342555908037431
hardware_session0,15529,0.3983916579346684
hardware_session0,15530,1.0416347414085685
hardware_session0,15531,1.6686808329885394
hardware_session0,15532,0.9735917763348394
hardware_session0,15533,1.2906311503318262
hardware_session0,15534,0.6609538670015291
hardware_session0,15535,0.7505989165077992
hardware_session0,15536,1.2925638356121079
hardware_session0,15537,0.47069580978036557
hardware_session0,15538,0.6034047923057906
hardware_session0,15539,1.8065947658043409
hardware_session0,15540,0.965855753055153
hardware_session0,15541,0.7582407921219082
hardware_session0,15542,1.6278082334638564
hardware_session0,15543,1.0906503516759285
hardware_session0,15544,1.239539552008796
hardware_session0,15545,1.1924670418327494
hardware_session0,15546,0.8292642258572563
hardware_session0,15547,0.612120014760989
hardware_session0,15548,0.8228546735337592
hardware_session0,15549,0.46942237823229016
hardware_session0,15550,1.796936687367984
hardware_session0,15551,0.45717403562939085
hardware_session0,15552,0.5207779938606952
hardware_session0,15553,1.5683903110863326
hardware_session0,15554,0.8918832470922015
hardware_session0,15555,0.29487414446373
hardware_session0,15556,0.5565944987476446
hardware_session0,15557,0.9737103125063911
hardware_session0,15558,1.5695446979588017
hardware_session0,15559,0.9465887119410797
hardware_session0,15560,1.012041845353661
hardware_session0,15561,0.5933218244802181
hardware_session0,15562,0.9259653036137308
hardware_session0,15563,0.40136930270772503
hardware_session0,15564,1.7863737632771972
hardware_session0,15565,0.523246939256463
hardware_session0,15566,0.9755288277074919
hardware_session0,15567,1.3163131477775898
hardware_session0,15568,1.7110003271433114
hardware_session0,15569,1.557457506408683
hardware_session0,15570,0.533820079148472
hardware_session0,15571,1.4557340252047406
hardware_session0,15572,1.4341111312207095
hardware_session0,15573,0.717707924189317
hardware_session0,15574,1.277608778650459
hardware_session0,15575,0.9292295811540522
hardware_session0,15576,0.7785050066280832
hardware_session0,15577,0.6623508167944963
hardware_session0,15578,0.8872319745265418
hardware_session0,15579,0.881310580029913
hardware_session0,15580,1.4317026587977382
hardware_session0,15581,0.6491946641824637
hardware_session0,15582,0.749113842207882
hardware_session0,15583,1.2882176260535154
hardware_session0,15584,1.064050537225502
hardware_session0,15585,0.6159663565338092
hardware_session0,15586,1.0017651865178985
hardware_session0,15587,2.254217457854774
hardware_session0,15588,0.9261378295506878
hardware_session0,15589,0.985690651101028
hardware_session0,15590,1.347675220984717
hardware_session0,15591,1.7940660400170465
hardware_session0,15592,1.8880305971399167
hardware_session0,15593,1.3897166593050265
hardware_session0,15594,0.9585677509017583
hardware_session0,15595,1.0963334637523823
hardware_session0,15596,1.2272786774190245
hardware_session0,15597,1.5545919631491836
hardware_session0,15598,1.2795664215068427
hardware_session0,15599,0.9200279379171745
hardware_session0,15600,1.7758853895027997
hardware_session0,15601,0.8220371531114931
hardware_session0,15602,1.0661476973178516
hardware_session0,15603,2.129897850834342
hardware_session0,15604,0.5099224537741863
hardware_session0,15605,1.026260337214776
hardware_session0,15606,0.5897791238560628
hardware_session0,15607,0.8162543119297914
hardware_session0,15608,0.8798074892071717
hardware_session0,15609,1.6557393677864112
hardware_session0,15610,2.179751720986998
hardware_session0,15611,0.7212164719610555
hardware_session0,15612,1.0670794304342472
hardware_session0,15613,1.4201074273826324
hardware_session0,15614,2.5658494895320176
hardware_session0,15615,0.7936394561212583
hardware_session0,15616,0.5321043078317158
hardware_session0,15617,1.1613869781561195
hardware_session0,15618,2.0947143370171637
hardware_session0,15619,1.0394461513009614
hardware_session0,15620,0.8991054333813592
hardware_session0,15621,1.5119053715866062
hardware_session0,15622,1.3166552080821026
hardware_session0,15623,1.3703956075720034
hardware_session0,15624,0.7578851523190698
hardware_session0,15625,1.050358595985137
hardware_session0,15626,0.8222243166005233
hardware_session0,15627,1.0025696841380987
hardware_session0,15628,0.8647200406769024
hardware_session0,15629,0.6639566365943927
hardware_session0,15630,0.8655069255679775
hardware_session0,15631,1.8773388644786317
hardware_session0,15632,0.6688939802122035
hardware_session0,15633,1.0152336024818482
hardware_session0,15634,0.7360733696152757
hardware_session0,15635,0.6505553771568199
hardware_session0,15636,1.2516992370515942
hardware_session0,15637,0.5285407535786405
hardware_session0,15638,0.3478627191464282
hardware_session0,15639,0.6650685110704613
hardware_session0,15640,1.4370103591571453
hardware_session0,15641,1.5357571244523356
hardware_session0,15642,0.7227902365580335
hardware_session0,15643,1.1267693195114576
hardware_session0,15644,0.7875562315132403
hardware_session0,15645,0.9323782912472108
hardware_session0,15646,1.3297008100780523
hardware_session0,15647,1.6682451037750885
hardware_session0,15648,1.47360266219581
hardware_session0,15649,0.7804210341334434
hardware_session0,15650,0.9508330736133467
hardware_session0,15651,1.2855699353437335
hardware_session0,15652,0.7123625539725235
hardware_session0,15653,0.4518313275507942
hardware_session0,15654,1.1444523880546542
hardware_session0,15655,0.46874553944556013
hardware_session0,15656,2.0433013283860837
hardware_session0,15657,1.1509903617346275
hardware_session0,15658,1.1281184433672349
hardware_session0,15659,0.9411004264416657
hardware_session0,15660,1.4557939577284404
hardware_session0,15661,1.9206600611387525
hardware_session0,15662,1.5758528320013192
hardware_session0,15663,0.7833241891378103
hardware_session0,15664,2.274327444080332
hardware_session0,15665,0.653129794481098
hardware_session0,15666,1.3679131464611791
hardware_session0,15667,0.6518873751382439
hardware_session0,15668,2.4017474476999263
hardware_session0,15669,2.2591954521890134
hardware_session0,15670,0.6897799924330877
hardware_session0,15671,1.6750177747688524
hardware_session0,15672,1.2522250604485228
hardware_session0,15673,0.8542145425392301
hardware_session0,15674,0.6027676794386299
hardware_session0,15675,0.4557630760190842
hardware_session0,15676,0.7702937860860568
hardware_session0,15677,0.5024314411450103
hardware_session0,15678,0.7411016619652526
hardware_session0,15679,1.118827121155865
hardware_session0,15680,0.3879974272481974
hardware_session0,15681,1.1964821680048505
hardware_session0,15682,1.3505197745245296
hardware_session0,15683,1.6037520426788152
hardware_session0,15684,0.448266499735966
hardware_session0,15685,0.6437438091909488
hardware_session0,15686,0.5643922997070138
hardware_session0,15687,0.5476445827546315
hardware_session0,15688,0.5609809982681612
hardware_session0,15689,0.7758712838663919
hardware_session0,15690,0.3836048400664299
hardware_session0,15691,0.5862837879384543
hardware_session0,15692,0.8742955789868905
hardware_session0,15693,1.4178249427305596
hardware_session0,15694,0.6676580867587785
hardware_session0,15695,1.300286790389649
hardware_session0,15696,1.1317035136000775
hardware_session0,15697,1.4876384632755393
hardware_session0,15698,0.9742145254514016
hardware_session0,15699,0.9495070851686617
hardware_session0,15700,1.5058318174855205
hardware_session0,15701,0.6585863321459862
hardware_session0,15702,1.1562159593288377
hardware_session0,15703,0.8182445857992955
hardware_session0,15704,0.6467839398060479
hardware_session0,15705,1.3506030679138112
hardware_session0,15706,0.6052833306901867
hardware_session0,15707,0.750963145133462
hardware_session0,15708,1.0948614404201455
hardware_session0,15709,0.5917037244600194
hardware_session0,15710,0.8073360535909017
hardware_session0,15711,1.0953463500675005
hardware_session0,15712,0.7558760150702484
hardware_session0,15713,1.821238546105973
hardware_session0,15714,0.6227397589677316
hardware_session0,15715,1.488465928950881
hardware_session0,15716,1.125944539367608
hardware_session0,15717,0.6415053357408655
hardware_session0,15718,0.5237127807656557
hardware_session0,15719,0.7299634502931374
hardware_session0,15720,0.5687742894495492
hardware_session0,15721,0.9346692502981246
hardware_session0,15722,0.6528741595492749
hardware_session0,15723,1.1727649449862299
hardware_session0,15724,0.9675658512523807
hardware_session0,15725,1.2427989806657826
hardware_session0,15726,0.6029774178697072
hardware_session0,15727,0.6250750773950423
hardware_session0,15728,0.9657517708644084
hardware_session0,15729,1.1953581191982772
hardware_session0,15730,0.7439630659784667
hardware_session0,15731,0.8355215572064797
hardware_session0,15732,0.42624061090952403
hardware_session0,15733,0.5403135220511703
hardware_session0,15734,1.5806117699613114
hardware_session0,15735,1.283977471222756
hardware_session0,15736,1.1249579477928253
hardware_session0,15737,1.4130671942435389
hardware_session0,15738,0.7219270661748822
hardware_session0,15739,0.5646858249416717
hardware_session0,15740,0.7520193767540359
hardware_session0,15741,1.7302968696266818
hardware_session0,15742,2.111829008964651
hardware_session0,15743,1.5145763017398601
hardware_session0,15744,0.42269420560874316
hardware_session0,15745,0.9746755454575071
hardware_session0,15746,0.6331098488951
hardware_session0,15747,1.8578453486253974
hardware_session0,15748,1.0230613665988997
hardware_session0,15749,1.2733036946829281
hardware_session0,15750,0.3094824380728502
hardware_session0,15751,0.6196734093272673
hardware_session0,15752,0.5653973652568264
hardware_session0,15753,1.9038474529691998
hardware_session0,15754,1.773261222583475
hardware_session0,15755,0.6045002121678555
hardware_session0,15756,1.4437077176672053
hardware_session0,15757,0.488436790678749
hardware_session0,15758,1.4636009199731779
hardware_session0,15759,0.6305839550603353
hardware_session0,15760,1.5346902425817186
hardware_session0,15761,1.9124493075713391
hardware_session0,15762,0.9022342989181694
hardware_session0,15763,1.0959402539691088
hardware_session0,15764,0.6177896665553582
hardware_session0,15765,0.9296582479011283
hardware_session0,15766,0.9289909408616501
hardware_session0,15767,1.1346202427359984
hardware_session0,15768,0.5474569932642778
hardware_session0,15769,0.7118371402214485
hardware_session0,15770,0.46097321801547847
hardware_session0,15771,1.3854385876071447
hardware_session0,15772,1.4662824336543483
hardware_session0,15773,1.7913636899654914
hardware_session0,15774,1.2165699569769728
hardware_session0,15775,0.5163768054902618
hardware_session0,15776,0.9460959991447763
hardware_session0,15777,1.910028775818352
hardware_session0,15778,0.7122491170096511
hardware_session0,15779,1.2772851861254046
hardware_session0,15780,1.6756024298371295
hardware_session0,15781,0.39080539206403053
hardware_session0,15782,1.7840631805318239
hardware_session0,15783,0.68507572083062
hardware_session0,15784,0.712812003434573
hardware_session0,15785,0.8459852496283339
hardware_session0,15786,1.442546636663517
hardware_session0,15787,0.7071028317733754
hardware_session0,15788,1.8298392194286692
hardware_session0,15789,1.924411593835417
hardware_session0,15790,0.5853732294859709
hardware_session0,15791,1.2717766155589334
hardware_session0,15792,1.1387715917331611
hardware_session0,15793,0.8434111545399832
hardware_session0,15794,0.7632281692542124
hardware_session0,15795,2.5628263920369614
hardware_session0,15796,1.9923223660251148
hardware_session0,15797,0.6720985052679485
hardware_session0,15798,0.5884948041144059
hardware_session0,15799,0.7765352473439526
hardware_session0,15800,0.6110017393225068
hardware_session0,15801,1.2590315588951642
hardware_session0,15802,1.9052708016265818
hardware_session0,15803,0.8651903193657542
hardware_session0,15804,1.9922625257178965
hardware_session0,15805,1.6364799563112327
hardware_session0,15806,1.2749583130472195
hardware_session0,15807,1.050919217016328
hardware_session0,15808,1.166014105367016
hardware_session0,15809,2.2932312467657288
hardware_session0,15810,0.8784399555398384
hardware_session0,15811,1.4650356461903447
hardware_session0,15812,1.5238241165889472
hardware_session0,15813,1.856699118882712
hardware_session0,15814,1.1794810968663227
hardware_session0,15815,0.37881417308826604
hardware_session0,15816,1.2596386096047427
hardware_session0,15817,0.9021654156226514
hardware_session0,15818,1.3170284249650637
hardware_session0,15819,1.0807906438808557
hardware_session0,15820,0.9579268653665095
hardware_session0,15821,0.7108939345672927
hardware_session0,15822,1.0355242414795431
hardware_session0,15823,1.4175160529388038
hardware_session0,15824,0.7200351833008963
hardware_session0,15825,1.2999209909486353
hardware_session0,15826,0.3364287967465241
hardware_session0,15827,1.4789351304084988
hardware_session0,15828,1.0689144963695498
hardware_session0,15829,0.49935256719323046
hardware_session0,15830,0.7647459241990046
hardware_session0,15831,1.77044491748382
hardware_session0,15832,0.785005969373509
hardware_session0,15833,1.024358368541521
hardware_session0,15834,1.2568769421364485
hardware_session0,15835,1.2826878782178515
hardware_session0,15836,0.7074776863428914
hardware_session0,15837,0.6536755029604009
hardware_session0,15838,0.9445231116043681
hardware_session0,15839,1.3563231264855027
hardware_session0,15840,0.622279856420779
hardware_session0,15841,1.3656493318314764
hardware_session0,15842,0.680717238789045
hardware_session0,15843,0.6133082966394591
hardware_session0,15844,0.6454645559330381
hardware_session0,15845,1.0794891093403214
hardware_session0,15846,0.4348668063572411
hardware_session0,15847,0.8834724090542527
hardware_session0,15848,0.7736023031977711
hardware_session0,15849,1.6835397256323152
hardware_session0,15850,1.3872371731407651
hardware_session0,15851,1.2028230227436179
hardware_session0,15852,0.5660205828598663
hardware_session0,15853,0.7785027188960034
hardware_session0,15854,1.5992686674698569
hardware_session0,15855,1.726540287982355
hardware_session0,15856,0.664318786831437
hardware_session0,15857,0.5856010209477478
hardware_session0,15858,0.8753431410602175
hardware_session0,15859,1.170766904416559
hardware_session0,15860,1.5768902047523283
hardware_session0,15861,1.0692916508891057
hardware_session0,15862,1.0122183002409222
hardware_session0,15863,0.999165653778802
hardware_session0,15864,1.8137774068214954
hardware_session0,15865,1.1529527555165717
hardware_session0,15866,1.5374710764895947
hardware_session0,15867,0.636059299468957
hardware_session0,15868,1.1986712241780257
hardware_session0,15869,0.988028061674211
hardware_session0,15870,1.1289269130862563
hardware_session0,15871,1.136028705814884
hardware_session0,15872,0.7478226407515546
hardware_session0,15873,0.5325175771240467
hardware_session0,15874,0.7451793021058172
hardware_session0,15875,0.6454723918516236
hardware_session0,15876,0.63147057124653
hardware_session0,15877,1.317578044923908
hardware_session0,15878,2.1686913221452078
hardware_session0,15879,0.8851475854401665
hardware_session0,15880,0.4100232903398155
hardware_session0,15881,0.7769011989334174
hardware_session0,15882,1.9191669284931263
hardware_session0,15883,1.361810950344133
hardware_session0,15884,0.9536430070247095
hardware_session0,15885,1.216652787669478
hardware_session0,15886,1.678910894109797
hardware_session0,15887,1.3793323146620624
hardware_session0,15888,1.2465608643036956
hardware_session0,15889,1.6727807915120299
hardware_session0,15890,0.6031594666201536
hardware_session0,15891,1.9106054534177588
hardware_session0,15892,1.5229124222454995
hardware_session0,15893,1.52643724230715
hardware_session0,15894,2.957543606322811
hardware_session0,15895,0.4941390121160024
hardware_session0,15896,0.8556141512519035
hardware_session0,15897,1.2443056039491482
hardware_session0,15898,1.2209696146288709
hardware_session0,15899,0.7958362515616275
hardware_session0,15900,1.0106959932633512
hardware_session0,15901,0.8209435395526188
hardware_session0,15902,0.6109594149240798
hardware_session0,15903,1.2897880703275784
hardware_session0,15904,1.5002508024677088
hardware_session0,15905,0.7920185884603497
hardware_session0,15906,2.0454990488542943
hardware_session0,15907,1.8826622837301368
hardware_session0,15908,2.290415600803268
hardware_session0,15909,0.7614788372949989
hardware_session0,15910,0.6216365972780667
hardware_session0,15911,0.4540100195520169
hardware_session0,15912,0.7828296570246825
hardware_session0,15913,1.7955770119159684
hardware_session0,15914,2.227295938024051
hardware_session0,15915,0.9663786736096472
hardware_session0,15916,0.97012512333959
hardware_session0,15917,1.0490171945542632
hardware_session0,15918,1.1082149548501443
hardware_session0,15919,1.1793937046048824
hardware_session0,15920,1.7402830332786654
hardware_session0,15921,0.8018410164164095
hardware_session0,15922,0.43705195978589817
hardware_session0,15923,2.0514527578804134
hardware_session0,15924,0.5209635269722053
hardware_session0,15925,1.4499017651816164
hardware_session0,15926,1.4199049638732588
hardware_session0,15927,0.8203962510475203
hardware_session0,15928,1.201789539946441
hardware_session0,15929,1.3083927281418237
hardware_session0,15930,1.3463572379047368
hardware_session0,15931,1.6265602049852323
hardware_session0,15932,0.5627432087010569
hardware_session0,15933,2.2024943326024826
hardware_session0,15934,0.8706619598665344
hardware_session0,15935,1.5272367070882404
hardware_session0,15936,1.3143915416395713
hardware_session0,15937,0.8511579090913244
hardware_session0,15938,1.277883866608815
hardware_session0,15939,1.7909445533226143
hardware_session0,15940,2.1101931696420877
hardware_session0,15941,1.3659445227088054
hardware_session0,15942,1.0324309163144412
hardware_session0,15943,2.3496345071454474
hardware_session0,15944,0.6725345682320184
hardware_session0,15945,1.5281453304313208
hardware_session0,15946,1.6486035250481434
hardware_session0,15947,1.66351082619379
hardware_session0,15948,1.6716512351341692
hardware_session0,15949,0.7028897985637589
hardware_session0,15950,1.9427484211409938
hardware_session0,15951,1.898739877630108
hardware_session0,15952,0.5215680185428588
hardware_session0,15953,0.9439873062192498
hardware_session0,15954,0.824869788829907
hardware_session0,15955,1.4173671358552467
hardware_session0,15956,0.9238531675931686
hardware_session0,15957,1.2659937198359645
hardware_session0,15958,0.44757958954108534
hardware_session0,15959,1.1485282825543033
hardware_session0,15960,1.2324484801906035
hardware_session0,15961,0.8669893148282782
hardware_session0,15962,1.3464350577318733
hardware_session0,15963,1.4326618696638986
hardware_session0,15964,0.7033173424084291
hardware_session0,15965,0.38473714040297824
hardware_session0,15966,1.4775769407207504
hardware_session0,15967,0.9610488600443797
hardware_session0,15968,2.236782412209834
hardware_session0,15969,1.102573090446062
hardware_session0,15970,0.9294781813497514
hardware_session0,15971,0.6517610180747868
hardware_session0,15972,0.4948375511504397
hardware_session0,15973,1.238687216676303
hardware_session0,15974,0.8494537368650614
hardware_session0,15975,1.0122753902372559
hardware_session0,15976,0.8239145502195517
hardware_session0,15977,1.917156461817004
hardware_session0,15978,0.6353142019652351
hardware_session0,15979,1.3391337148776987
hardware_session0,15980,1.39424847115449
hardware_session0,15981,0.9464416394959206
hardware_session0,15982,1.398028244136107
hardware_session0,15983,0.5122310328689428
hardware_session0,15984,1.0590363636990456
hardware_session0,15985,0.8583923458198788
hardware_session0,15986,1.8752022923789986
hardware_session0,15987,1.673500724244233
hardware_session0,15988,1.0358597888385428
hardware_session0,15989,0.6287374899376909
hardware_session0,15990,1.0964950326799658
hardware_session0,15991,1.6592691663383745
hardware_session0,15992,1.2921458822249496
hardware_session0,15993,1.6852300180042752
hardware_session0,15994,1.4186226651599008
hardware_session0,15995,0.8446674854062788
hardware_session0,15996,0.5744858443062801
hardware_session0,15997,0.6097474728275363
hardware_session0,15998,0.8576834822508762
hardware_session0,15999,0.7767799153690199
hardware_session0,16000,0.4597011353922418
hardware_session0,16001,1.7391163586958343
hardware_session0,16002,0.7743336253539083
hardware_session0,16003,0.9091787560229622
hardware_session0,16004,0.9642192392934221
hardware_session0,16005,0.6217671791429037
hardware_session0,16006,1.4419214517711962
hardware_session0,16007,0.576204026876793
hardware_session0,16008,1.4846230398266484
hardware_session0,16009,0.9250743654474755
hardware_session0,16010,1.2765274269194358
hardware_session0,16011,1.200875423472757
hardware_session0,16012,0.8849910955473088
hardware_session0,16013,1.5775262527758878
hardware_session0,16014,1.2098810674094616
hardware_session0,16015,1.1394373660137151
hardware_session0,16016,1.5133754768540015
hardware_session0,16017,1.2218769261896851
hardware_session0,16018,1.1311470792975802
hardware_session0,16019,1.6052402620979078
hardware_session0,16020,2.3265723664788514
hardware_session0,16021,0.6642991404103994
hardware_session0,16022,1.1421792801298853
hardware_session0,16023,0.5697394794425799
hardware_session0,16024,1.1869805790891592
hardware_session0,16025,1.0218331043106639
hardware_session0,16026,0.8144576398077182
hardware_session0,16027,1.027958716478681
hardware_session0,16028,1.3070535241147954
hardware_session0,16029,1.8188643481470133
hardware_session0,16030,1.6075353289463563
hardware_session0,16031,1.4685692782185449
hardware_session0,16032,1.634761491135843
hardware_session0,16033,0.5765081298214978
hardware_session0,16034,1.2861722305439711
hardware_session0,16035,0.7936926396113257
hardware_session0,16036,0.41189730298379107
hardware_session0,16037,1.5344922397194174
hardware_session0,16038,1.7862729707243987
hardware_session0,16039,2.040104672277905
hardware_session0,16040,0.7762847762570647
hardware_session0,16041,1.1692505961994728
hardware_session0,16042,0.9986812221201817
hardware_session0,16043,1.049335270267644
hardware_session0,16044,1.80839657862873
hardware_session0,16045,1.479680122763934
hardware_session0,16046,1.5387986705302066
hardware_session0,16047,0.8398937198777771
hardware_session0,16048,1.0091572651917344
hardware_session0,16049,0.7879964125725597
hardware_session0,16050,0.7057531938388844
hardware_session0,16051,0.6082763917355399
hardware_session0,16052,1.4698561388485167
hardware_session0,16053,0.5194438913434882
hardware_session0,16054,0.9446326164094025
hardware_session0,16055,1.4682078183865064
hardware_session0,16056,1.2626592868980027
hardware_session0,16057,0.3738307377100152
hardware_session0,16058,1.349822580452246
hardware_session0,16059,0.8459685710950332
hardware_session0,16060,0.6520170343684212
hardware_session0,16061,1.0325532554573644
hardware_session0,16062,1.1736913642272673
hardware_session0,16063,1.488199137361957
hardware_session0,16064,1.1692704426064497
hardware_session0,16065,1.2017089591543912
hardware_session0,16066,0.8767627443260219
hardware_session0,16067,0.5566203363265668
hardware_session0,16068,1.566823110684893
hardware_session0,16069,0.642694752355331
hardware_session0,16070,0.9692778560658081
hardware_session0,16071,0.8559781185704415
hardware_session0,16072,1.1536522014112875
hardware_session0,16073,0.42676166553107886
hardware_session0,16074,0.44090143660130904
hardware_session0,16075,1.6303291287856436
hardware_session0,16076,0.6085658977882293
hardware_session0,16077,1.2259832761250322
hardware_session0,16078,2.0999305360758993
hardware_session0,16079,1.1847424883232478
hardware_session0,16080,1.1638927424127254
hardware_session0,16081,0.71296661579344
hardware_session0,16082,1.389008634408698
hardware_session0,16083,0.5536928785595412
hardware_session0,16084,0.5291747453952306
hardware_session0,16085,1.255023590976703
hardware_session0,16086,1.4885580597115358
hardware_session0,16087,1.106933561024893
hardware_session0,16088,1.6366324597151576
hardware_session0,16089,1.085862011118592
hardware_session0,16090,0.43583051109425874
hardware_session0,16091,0.9203315964530581
hardware_session0,16092,0.8173494210558484
hardware_session0,16093,0.6479927181866533
hardware_session0,16094,0.9688220670597536
hardware_session0,16095,1.9223299658583544
hardware_session0,16096,0.735258775533622
hardware_session0,16097,0.4142743256323318
hardware_session0,16098,0.9001151254921226
hardware_session0,16099,0.5364444834735999
hardware_session0,16100,1.1172740565670545
hardware_session0,16101,1.1524900708055816
hardware_session0,16102,0.4635424006908763
hardware_session0,16103,0.6978304264040166
hardware_session0,16104,2.241676925777465
hardware_session0,16105,0.7479394964359325
hardware_session0,16106,1.6760261272792416
hardware_session0,16107,2.1151309426302105
hardware_session0,16108,1.7071494486164565
hardware_session0,16109,0.7311261918430061
hardware_session0,16110,1.2132251329969481
hardware_session0,16111,0.9745795869927234
hardware_session0,16112,0.8326656110953135
hardware_session0,16113,2.2094876722546695
hardware_session0,16114,0.5402880009041408
hardware_session0,16115,0.7218746307246118
hardware_session0,16116,2.0046102650454856
hardware_session0,16117,2.2310721201133186
hardware_session0,16118,1.322125655165178
hardware_session0,16119,1.2272246374370543
hardware_session0,16120,2.8809629271583
hardware_session0,16121,1.3252779588945365
hardware_session0,16122,0.587122322916689
hardware_session0,16123,0.7329387072261093
hardware_session0,16124,1.400180267523133
hardware_session0,16125,0.38748510505382716
hardware_session0,16126,0.953350222524891
hardware_session0,16127,0.7989843986089233
hardware_session0,16128,1.4950308108503274
hardware_session0,16129,0.8191960274904668
hardware_session0,16130,0.6983047113634632
hardware_session0,16131,1.1464015949139863
hardware_session0,16132,0.4819674142212293
hardware_session0,16133,1.473347145448568
hardware_session0,16134,0.6891829545883528
hardware_session0,16135,2.061499560676168
hardware_session0,16136,1.7322558833992516
hardware_session0,16137,1.485774220172073
hardware_session0,16138,0.6206678328534916
hardware_session0,16139,2.962679929869592
hardware_session0,16140,1.4726222762387906
hardware_session0,16141,1.5951208341972483
hardware_session0,16142,0.3697187241142965
hardware_session0,16143,0.8928944152859803
hardware_session0,16144,0.7937153241516974
hardware_session0,16145,0.5426823132910812
hardware_session0,16146,1.382379047396796
hardware_session0,16147,0.8037537469806575
hardware_session0,16148,1.1500578158226094
hardware_session0,16149,1.3141274450673648
hardware_session0,16150,0.6498272198567441
hardware_session0,16151,1.6123969294590657
hardware_session0,16152,0.7436795819730339
hardware_session0,16153,1.2806802616030055
hardware_session0,16154,1.3521886893403838
hardware_session0,16155,0.7152979773440421
hardware_session0,16156,0.7872239144779378
hardware_session0,16157,0.6084687449367655
hardware_session0,16158,0.8201921834683329
hardware_session0,16159,0.6530575608061652
hardware_session0,16160,0.7953382001406589
hardware_session0,16161,1.2426626432970163
hardware_session0,16162,1.5222741959050243
hardware_session0,16163,0.9881556575699607
hardware_session0,16164,0.5563742145863118
hardware_session0,16165,0.4683176649779838
hardware_session0,16166,0.6371762286473235
hardware_session0,16167,0.7480047879331841
hardware_session0,16168,0.8831226048949008
hardware_session0,16169,1.3618644171361614
hardware_session0,16170,0.3655350114145917
hardware_session0,16171,0.8392677937883037
hardware_session0,16172,0.5512617382322993
hardware_session0,16173,1.247542410822997
hardware_session0,16174,0.5731041985946832
hardware_session0,16175,0.6915112581478486
hardware_session0,16176,1.0962710043316415
hardware_session0,16177,0.6629116923897036
hardware_session0,16178,1.6305297734491715
hardware_session0,16179,1.1460940932296368
hardware_session0,16180,0.5302147328122859
hardware_session0,16181,1.3131013666396545
hardware_session0,16182,1.111096299320032
hardware_session0,16183,1.6844806514976152
hardware_session0,16184,0.3767058499312902
hardware_session0,16185,1.1985794408484878
hardware_session0,16186,0.7031755228919523
hardware_session0,16187,0.7638885167541184
hardware_session0,16188,1.6913410255160066
hardware_session0,16189,0.6125873744703946
hardware_session0,16190,0.3447036009951808
hardware_session0,16191,1.2138902836218821
hardware_session0,16192,0.5041995680923381
hardware_session0,16193,1.6838299502831584
hardware_session0,16194,1.5072244229122886
hardware_session0,16195,1.0648380178977939
hardware_session0,16196,0.931136033953735
hardware_session0,16197,0.7788691008480094
hardware_session0,16198,0.9234124958942697
hardware_session0,16199,0.5449198575129047
hardware_session0,16200,0.7550057171798108
hardware_session0,16201,0.7724152404669151
hardware_session0,16202,0.8675182436891182
hardware_session0,16203,1.083462733513188
hardware_session0,16204,0.9094727603460364
hardware_session0,16205,1.2113528764412862
hardware_session0,16206,0.7180387430416649
hardware_session0,16207,0.6733002494201951
hardware_session0,16208,1.8757097843000257
hardware_session0,16209,1.1001257789787646
hardware_session0,16210,0.9621887398822923
hardware_session0,16211,1.291074961348689
hardware_session0,16212,1.230627043286907
hardware_session0,16213,2.631595187423468
hardware_session0,16214,2.2466884144999275
hardware_session0,16215,1.0281881668662338
hardware_session0,16216,0.6733322618915771
hardware_session0,16217,0.9488650417523905
hardware_session0,16218,1.7921525920515886
hardware_session0,16219,1.864884912839807
hardware_session0,16220,1.6822939537397925
hardware_session0,16221,0.5301837812938239
hardware_session0,16222,1.5489807798926736
hardware_session0,16223,0.9737588260907405
hardware_session0,16224,1.4976056142391692
hardware_session0,16225,1.8702337202875372
hardware_session0,16226,1.8401396525362599
hardware_session0,16227,2.0252504690216337
hardware_session0,16228,1.9344395966789938
hardware_session0,16229,1.1874255971530543
hardware_session0,16230,1.1722419772611767
hardware_session0,16231,0.5602991455185703
hardware_session0,16232,1.2204400598971767
hardware_session0,16233,0.7838305596792879
hardware_session0,16234,0.7888098949962672
hardware_session0,16235,1.4676910547340085
hardware_session0,16236,0.5609949248797677
hardware_session0,16237,0.7853157122755406
hardware_session0,16238,0.7678707235099816
hardware_session0,16239,1.0744340135422064
hardware_session0,16240,1.0907507827521818
hardware_session0,16241,0.7930087139662505
hardware_session0,16242,0.9282497997149084
hardware_session0,16243,0.8321936708222786
hardware_session0,16244,1.2482490406464326
hardware_session0,16245,1.375692268427382
hardware_session0,16246,0.5139324832942533
hardware_session0,16247,0.9380441344964148
hardware_session0,16248,0.9936895263844497
hardware_session0,16249,2.4307058392995944
hardware_session0,16250,0.9658404879707452
hardware_session0,16251,0.6986866332564984
hardware_session0,16252,1.4269467489167627
hardware_session0,16253,1.0902392556523888
hardware_session0,16254,1.6660665793918545
hardware_session0,16255,0.8663121946792381
hardware_session0,16256,0.36708716315522133
hardware_session0,16257,1.276148542462759
hardware_session0,16258,0.4696260460794267
hardware_session0,16259,0.6314506409940972
hardware_session0,16260,1.0043267444682817
hardware_session0,16261,0.74855952205764
hardware_session0,16262,1.137311271729015
hardware_session0,16263,1.02002143978377
hardware_session0,16264,0.7577494211175119
hardware_session0,16265,1.4631016498233305
hardware_session0,16266,1.0051591109640257
hardware_session0,16267,0.5526625276578548
hardware_session0,16268,1.2595506217932668
hardware_session0,16269,0.4701863302145172
hardware_session0,16270,0.7695785319751959
hardware_session0,16271,0.37683181716629377
hardware_session0,16272,0.5714757227402573
hardware_session0,16273,2.02644153834933
hardware_session0,16274,0.8475627365393461
hardware_session0,16275,1.5152523563500184
hardware_session0,16276,1.3123654275424175
hardware_session0,16277,0.7223436437395686
hardware_session0,16278,1.3350072235047
hardware_session0,16279,1.1975125574710048
hardware_session0,16280,0.8496240726013862
hardware_session0,16281,0.4879838551527349
hardware_session0,16282,1.1388248814577477
hardware_session0,16283,1.2003079332879314
hardware_session0,16284,0.5747044786132074
hardware_session0,16285,1.2642553919579613
hardware_session0,16286,0.8002028328635141
hardware_session0,16287,0.3892136449436614
hardware_session0,16288,0.5478608311697809
hardware_session0,16289,1.8393826229103376
hardware_session0,16290,0.783676672392244
hardware_session0,16291,2.0654160664285066
hardware_session0,16292,1.5405384170570995
hardware_session0,16293,1.056406312439912
hardware_session0,16294,0.5673227147412685
hardware_session0,16295,1.3028585833521564
hardware_session0,16296,0.6975867507815595
hardware_session0,16297,0.5856637768392812
hardware_session0,16298,0.5603157181280364
hardware_session0,16299,1.2297121364185393
hardware_session0,16300,1.4512879953302409
hardware_session0,16301,1.5934729554253677
hardware_session0,16302,0.6448607850236784
hardware_session0,16303,0.820197881536386
hardware_session0,16304,1.259672671893239
hardware_session0,16305,1.6854889506237396
hardware_session0,16306,0.8419612176376267
hardware_session0,16307,1.45863383571913
hardware_session0,16308,1.0887391013375332
hardware_session0,16309,1.2965683317784018
hardware_session0,16310,1.822260158474481
hardware_session0,16311,0.7732819199330514
hardware_session0,16312,2.1978359011183826
hardware_session0,16313,1.2932052983420455
hardware_session0,16314,0.6289336128770632
hardware_session0,16315,1.6245228957467919
hardware_session0,16316,1.0151436465998123
hardware_session0,16317,0.7110375876490761
hardware_session0,16318,1.0647244477882332
hardware_session0,16319,1.2447329567315644
hardware_session0,16320,0.723804354669594
hardware_session0,16321,1.5730256422366493
hardware_session0,16322,0.6722376208051645
hardware_session0,16323,0.6046734582556886
hardware_session0,16324,0.9443559550915827
hardware_session0,16325,0.6125212290031474
hardware_session0,16326,2.02403132413713
hardware_session0,16327,0.7249952173193303
hardware_session0,16328,1.0861242717698996
hardware_session0,16329,0.46647931660489217
hardware_session0,16330,1.5199016807715142
hardware_session0,16331,0.7567250612237713
hardware_session0,16332,0.6509517691264999
hardware_session0,16333,1.1286554349986035
hardware_session0,16334,1.2222019710520007
hardware_session0,16335,1.113292807001659
hardware_session0,16336,0.6617195658760494
hardware_session0,16337,1.0745206453229685
hardware_session0,16338,1.5099736805579573
hardware_session0,16339,0.9566464326619321
hardware_session0,16340,1.1584827809418379
hardware_session0,16341,0.5339442703970707
hardware_session0,16342,0.7454020621005284
hardware_session0,16343,0.6971614913541427
hardware_session0,16344,1.3521302450682222
hardware_session0,16345,0.4101466727895153
hardware_session0,16346,0.5373314553225417
hardware_session0,16347,0.5748244731328274
hardware_session0,16348,1.7403395589704278
hardware_session0,16349,0.8881116254396598
hardware_session0,16350,0.7181517030352281
hardware_session0,16351,1.0627969631998362
hardware_session0,16352,0.6257906124673694
hardware_session0,16353,1.09112832073586
hardware_session0,16354,0.48054408353293127
hardware_session0,16355,0.7411868642376667
hardware_session0,16356,0.6442941589096242
hardware_session0,16357,1.058745124944847
hardware_session0,16358,0.6343758467528068
hardware_session0,16359,0.43248564320269256
hardware_session0,16360,1.5723579564883083
hardware_session0,16361,2.9579048591909145
hardware_session0,16362,0.5603583135989442
hardware_session0,16363,0.7077991116100952
hardware_session0,16364,0.7394460263592053
hardware_session0,16365,0.7345481477525319
hardware_session0,16366,1.425105864449427
hardware_session0,16367,0.832641223990491
hardware_session0,16368,1.7995249279534258
hardware_session0,16369,1.2249846245327083
hardware_session0,16370,1.155319071054111
hardware_session0,16371,0.941941089250261
hardware_session0,16372,0.7912891572755641
hardware_session0,16373,0.42428706034890323
hardware_session0,16374,0.8679124835229884
hardware_session0,16375,0.8416583357367873
hardware_session0,16376,1.0774833805714314
hardware_session0,16377,1.8621875767821798
hardware_session0,16378,0.8621410623341732
hardware_session0,16379,0.8310890895780443
hardware_session0,16380,0.8509070563575282
hardware_session0,16381,0.6085551508554449
hardware_session0,16382,1.075929146274326
hardware_session0,16383,0.9115664099287487
hardware_session0,16384,1.2338406119355494
hardware_session0,16385,1.5231329176829587
hardware_session0,16386,1.1049970942918446
hardware_session0,16387,1.355344661009013
hardware_session0,16388,1.504875184071877
hardware_session0,16389,0.9864112928348999
hardware_session0,16390,1.461520906831673
hardware_session0,16391,2.1076531351129453
hardware_session0,16392,1.5420996395345399
hardware_session0,16393,0.8348197222913408
hardware_session0,16394,0.8107098079693201
hardware_session0,16395,0.4969452258058148
hardware_session0,16396,1.6084453627899034
hardware_session0,16397,0.7820533944100896
hardware_session0,16398,1.1015190252402254
hardware_session0,16399,1.6811716907824714
hardware_session0,16400,1.0847830762409072
hardware_session0,16401,1.9042498378946453
hardware_session0,16402,1.242118193085053
hardware_session0,16403,0.5898070562499942
hardware_session0,16404,0.7183377356828671
hardware_session0,16405,0.9245080652624351
hardware_session0,16406,0.8882324867277877
hardware_session0,16407,0.7349385571219889
hardware_session0,16408,0.5042206753503562
hardware_session0,16409,0.6445441165054239
hardware_session0,16410,0.8074413357112116
hardware_session0,16411,1.314844996631398
hardware_session0,16412,0.7482729118466858
hardware_session0,16413,0.6596710948714338
hardware_session0,16414,0.8702926393952138
hardware_session0,16415,0.7120728413172919
hardware_session0,16416,0.7931513585152864
hardware_session0,16417,1.2615582702665376
hardware_session0,16418,1.134814259926169
hardware_session0,16419,0.8761018109428222
hardware_session0,16420,1.6579428383907617
hardware_session0,16421,1.0462110292922493
hardware_session0,16422,0.7988424334204725
hardware_session0,16423,1.1859290200096895
hardware_session0,16424,0.757211680573227
hardware_session0,16425,1.3110474364288356
hardware_session0,16426,1.0611910535017135
hardware_session0,16427,0.7955174203764394
hardware_session0,16428,0.7100126471186997
hardware_session0,16429,0.6307390416658297
hardware_session0,16430,0.6692768518188044
hardware_session0,16431,1.877206798405887
hardware_session0,16432,0.7212122832631801
hardware_session0,16433,1.6276122963184265
hardware_session0,16434,1.292553818250206
hardware_session0,16435,0.9270530714774484
hardware_session0,16436,0.8556660251072338
hardware_session0,16437,0.8172677616128712
hardware_session0,16438,0.9795884269276024
hardware_session0,16439,0.6105960996094233
hardware_session0,16440,1.5042738596785226
hardware_session0,16441,0.7709125956157319
hardware_session0,16442,0.6506600076401898
hardware_session0,16443,1.1852538138198854
hardware_session0,16444,0.7592948048043225
hardware_session0,16445,0.9989709264749455
hardware_session0,16446,1.1341358577257186
hardware_session0,16447,1.1219102021616436
hardware_session0,16448,1.0581315611798172
hardware_session0,16449,0.6517786836736137
hardware_session0,16450,0.9226351831252645
hardware_session0,16451,0.8844460635297334
hardware_session0,16452,0.7065018504933055
hardware_session0,16453,1.128556234453322
hardware_session0,16454,0.5007370581167212
hardware_session0,16455,0.6494098218843778
hardware_session0,16456,0.8978185132340716
hardware_session0,16457,0.8386844205351791
hardware_session0,16458,1.0525273625133356
hardware_session0,16459,0.8991556146683286
hardware_session0,16460,1.3081283373502819
hardware_session0,16461,1.5146351791469355
hardware_session0,16462,3.1871064476670177
hardware_session0,16463,0.8541147049426286
hardware_session0,16464,0.6908860618814026
hardware_session0,16465,2.0605551501998174
hardware_session0,16466,0.8073233807666073
hardware_session0,16467,0.9472576365422426
hardware_session0,16468,1.5749749387742829
hardware_session0,16469,1.4191240886590955
hardware_session0,16470,0.8083113375252617
hardware_session0,16471,1.0443614082345951
hardware_session0,16472,0.920489184103321
hardware_session0,16473,1.5241332538154206
hardware_session0,16474,1.1260305144715468
hardware_session0,16475,1.1927180842638834
hardware_session0,16476,0.6510186452482579
hardware_session0,16477,2.782362194645999
hardware_session0,16478,0.7361831482823356
hardware_session0,16479,0.8144102299800097
hardware_session0,16480,1.4013016583064062
hardware_session0,16481,1.8313837392540524
hardware_session0,16482,1.400981864357881
hardware_session0,16483,2.1362309186491633
hardware_session0,16484,0.600576437740866
hardware_session0,16485,1.2951465519229037
hardware_session0,16486,0.7476588707264861
hardware_session0,16487,1.08634492340662
hardware_session0,16488,2.491479751790926
hardware_session0,16489,1.355547611275701
hardware_session0,16490,0.787427190382734
hardware_session0,16491,1.3789044273975928
hardware_session0,16492,0.5849840794208332
hardware_session0,16493,0.7099625123644342
hardware_session0,16494,1.5065113573022286
hardware_session0,16495,0.8426448763905837
hardware_session0,16496,0.8073048003366736
hardware_session0,16497,0.5192051729101689
hardware_session0,16498,0.786269913182587
hardware_session0,16499,1.0776401412773233
hardware_session0,16500,1.5787907738644302
hardware_session0,16501,0.6407927113070626
hardware_session0,16502,0.8337145502038166
hardware_session0,16503,1.2287210667536623
hardware_session0,16504,1.224761808903729
hardware_session0,16505,1.8878983627737518
hardware_session0,16506,1.6684633474069634
hardware_session0,16507,1.0373822291016332
hardware_session0,16508,1.478614879300564
hardware_session0,16509,1.7544803351160614
hardware_session0,16510,0.9079494863111297
hardware_session0,16511,1.3299532689147429
hardware_session0,16512,0.8012874886861052
hardware_session0,16513,1.4139330167824489
hardware_session0,16514,1.2745858273682555
hardware_session0,16515,1.0207030053229953
hardware_session0,16516,1.2996979467628051
hardware_session0,16517,0.6567653363828498
hardware_session0,16518,1.0813176132656772
hardware_session0,16519,1.634741894111748
hardware_session0,16520,1.9033931059644793
hardware_session0,16521,0.5382133145380517
hardware_session0,16522,0.8720047719599688
hardware_session0,16523,0.6591151280746151
hardware_session0,16524,0.6303985701755689
hardware_session0,16525,2.380376692786933
hardware_session0,16526,1.4475484261869163
hardware_session0,16527,0.6347402085600374
hardware_session0,16528,0.7054452616607547
hardware_session0,16529,1.3383994833647643
hardware_session0,16530,2.0154646297942693
hardware_session0,16531,2.0044774861679855
hardware_session0,16532,0.8513756740771588
hardware_session0,16533,2.042905092137504
hardware_session0,16534,0.7850280662074473
hardware_session0,16535,0.8931634721676472
hardware_session0,16536,1.2639435507790522
hardware_session0,16537,1.4648490316387517
hardware_session0,16538,0.8856653499745147
hardware_session0,16539,0.7300947474833459
hardware_session0,16540,0.5802250629211835
hardware_session0,16541,0.5164453922564556
hardware_session0,16542,0.771854394434296
hardware_session0,16543,0.9098688407666788
hardware_session0,16544,0.759510903400078
hardware_session0,16545,1.0071859609044076
hardware_session0,16546,0.6594629856727248
hardware_session0,16547,0.9402418229834714
hardware_session0,16548,1.5474158310161605
hardware_session0,16549,0.6198231194201974
hardware_session0,16550,0.5111568929603608
hardware_session0,16551,2.3787773662718914
hardware_session0,16552,0.8702198225692827
hardware_session0,16553,0.6166095892639818
hardware_session0,16554,1.0370050608302657
hardware_session0,16555,0.54637818332186
hardware_session0,16556,0.6792079847083089
hardware_session0,16557,0.44724205636263425
hardware_session0,16558,2.4583986574258816
hardware_session0,16559,1.352313104078456
hardware_session0,16560,0.9676817990797277
hardware_session0,16561,1.1515681702912604
hardware_session0,16562,1.0290616297405173
hardware_session0,16563,0.5664031162035228
hardware_session0,16564,0.5451988449163648
hardware_session0,16565,0.9902020066874182
hardware_session0,16566,0.7635236769378143
hardware_session0,16567,0.9846548072749669
hardware_session0,16568,1.8950372023180653
hardware_session0,16569,0.7779915710958797
hardware_session0,16570,1.398036588380265
hardware_session0,16571,0.9165374559873825
hardware_session0,16572,1.1247616505330076
hardware_session0,16573,1.330240573213092
hardware_session0,16574,0.8994712912193747
hardware_session0,16575,0.6118390918887187
hardware_session0,16576,0.4096198425193893
hardware_session0,16577,0.7871291423567506
hardware_session0,16578,1.6813351854570275
hardware_session0,16579,1.3637582594766444
hardware_session0,16580,0.99807994848498
hardware_session0,16581,0.7795840508154479
hardware_session0,16582,0.7065104093163491
hardware_session0,16583,0.6548498533633291
hardware_session0,16584,1.2687790798620586
hardware_session0,16585,1.3937746420410662
hardware_session0,16586,1.520482731670713
hardware_session0,16587,0.40354168977773014
hardware_session0,16588,0.8520535138126263
hardware_session0,16589,0.91296567339338
hardware_session0,16590,0.5400183157821435
hardware_session0,16591,1.0254158260138995
hardware_session0,16592,0.49992628137931794
hardware_session0,16593,0.9909647571607846
hardware_session0,16594,0.8061744995211376
hardware_session0,16595,0.9301834976560946
hardware_session0,16596,0.580126555305136
hardware_session0,16597,1.1358832507801246
hardware_session0,16598,0.5975047080409829
hardware_session0,16599,1.1113233485819372
hardware_session0,16600,0.7929156199162954
hardware_session0,16601,0.4817312668290117
hardware_session0,16602,1.2367333767401731
hardware_session0,16603,0.9311478225837269
hardware_session0,16604,2.493549176237495
hardware_session0,16605,0.9364000611118315
hardware_session0,16606,0.7535395075921988
hardware_session0,16607,1.016083454078194
hardware_session0,16608,0.7022041423106339
hardware_session0,16609,0.8874304458429152
hardware_session0,16610,1.2692468909517012
hardware_session0,16611,1.0978080081036266
hardware_session0,16612,1.1090761620590588
hardware_session0,16613,1.5092741305911945
hardware_session0,16614,0.9781765514452021
hardware_session0,16615,0.8432230177672823
hardware_session0,16616,0.7407656084170692
hardware_session0,16617,1.772599635025145
hardware_session0,16618,1.6263639788193225
hardware_session0,16619,0.6520747336668481
hardware_session0,16620,1.1762885219998012
hardware_session0,16621,1.4160828643746288
hardware_session0,16622,0.9071861663624153
hardware_session0,16623,0.5473935494911819
hardware_session0,16624,1.281321017897211
hardware_session0,16625,1.3870691926320617
hardware_session0,16626,0.43298006089031066
hardware_session0,16627,1.2495479157816385
hardware_session0,16628,1.371326674193234
hardware_session0,16629,0.6127833364571367
hardware_session0,16630,1.1780061868986842
hardware_session0,16631,0.6505626324265887
hardware_session0,16632,2.0369535519923363
hardware_session0,16633,1.282946343366531
hardware_session0,16634,2.4434918927340257
hardware_session0,16635,0.5394747205495609
hardware_session0,16636,1.3067372036824654
hardware_session0,16637,1.201249065524331
hardware_session0,16638,1.7763481285334168
hardware_session0,16639,0.4944381255965165
hardware_session0,16640,0.9254900506068691
hardware_session0,16641,0.6264387674253264
hardware_session0,16642,0.5935434893560181
hardware_session0,16643,1.6354739804978236
hardware_session0,16644,1.9223232586338377
hardware_session0,16645,0.9165664763278537
hardware_session0,16646,0.9803111419799562
hardware_session0,16647,0.8957507066777711
hardware_session0,16648,1.239698466467528
hardware_session0,16649,0.982809565657877
hardware_session0,16650,0.49835848336187866
hardware_session0,16651,0.5240736170438123
hardware_session0,16652,1.125787499166295
hardware_session0,16653,1.03225274400285
hardware_session0,16654,1.60496392139268
hardware_session0,16655,0.6431827000445584
hardware_session0,16656,1.4883364016578418
hardware_session0,16657,1.5445438429325087
hardware_session0,16658,1.2776952750727542
hardware_session0,16659,0.8992855748227075
hardware_session0,16660,1.3713854986784546
hardware_session0,16661,0.6280976412375147
hardware_session0,16662,1.6782991101961462
hardware_session0,16663,1.2174317972478503
hardware_session0,16664,1.6066388494663137
hardware_session0,16665,0.9645523075127969
hardware_session0,16666,0.4623033487628651
hardware_session0,16667,1.6223648298256546
hardware_session0,16668,0.6384896723587998
hardware_session0,16669,0.8346025654093415
hardware_session0,16670,1.529714384563578
hardware_session0,16671,0.773451220552441
hardware_session0,16672,0.8782799090088124
hardware_session0,16673,0.575983623671031
hardware_session0,16674,0.538160742518448
hardware_session0,16675,0.7102289846155685
hardware_session0,16676,0.4722404283533513
hardware_session0,16677,0.5511296867677569
hardware_session0,16678,0.5320620141405367
hardware_session0,16679,0.6153928528040944
hardware_session0,16680,0.7439147521806103
hardware_session0,16681,0.7158700724409928
hardware_session0,16682,1.4631409259597743
hardware_session0,16683,1.8680293551193534
hardware_session0,16684,0.3581454268075983
hardware_session0,16685,0.8785457548237529
hardware_session0,16686,1.1545366203701506
hardware_session0,16687,0.8567084032176892
hardware_session0,16688,0.5406267696826864
hardware_session0,16689,1.3479814634994758
hardware_session0,16690,0.6359510772508097
hardware_session0,16691,1.4157910048000992
hardware_session0,16692,0.4623285759503178
hardware_session0,16693,1.5490265849842308
hardware_session0,16694,0.9943055768296134
hardware_session0,16695,0.7954553368815064
hardware_session0,16696,1.7183521354311304
hardware_session0,16697,0.6816669705069877
hardware_session0,16698,0.6440720629165156
hardware_session0,16699,1.3199934211827906
hardware_session0,16700,0.7036059308481506
hardware_session0,16701,1.285690802803425
hardware_session0,16702,1.118115872610471
hardware_session0,16703,1.1461072882398737
hardware_session0,16704,0.8350719897612847
hardware_session0,16705,0.7431877012276138
hardware_session0,16706,0.577333290888065
hardware_session0,16707,1.1323380726037406
hardware_session0,16708,0.5211788636284235
hardware_session0,16709,0.7143810695559797
hardware_session0,16710,1.0742256470989884
hardware_session0,16711,1.4996024400331165
hardware_session0,16712,2.320881901043515
hardware_session0,16713,2.059803120021096
hardware_session0,16714,0.8992876654091696
hardware_session0,16715,2.5695392595763002
hardware_session0,16716,0.8316215087770558
hardware_session0,16717,0.7121629337199286
hardware_session0,16718,1.5115837315986256
hardware_session0,16719,0.5811365159437907
hardware_session0,16720,0.7308254777603018
hardware_session0,16721,0.8655924172839744
hardware_session0,16722,0.6207976866717189
hardware_session0,16723,1.5615494104435248
hardware_session0,16724,1.37696532334566
hardware_session0,16725,0.5454648634619719
hardware_session0,16726,0.848774191865007
hardware_session0,16727,1.8858402862156876
hardware_session0,16728,0.9005404045565779
hardware_session0,16729,1.625694633196523
hardware_session0,16730,1.3835923717128793
hardware_session0,16731,2.175938343712504
hardware_session0,16732,1.4734316064296202
hardware_session0,16733,0.36615575741596523
hardware_session0,16734,0.9544329696472442
hardware_session0,16735,1.2770191104929842
hardware_session0,16736,1.0356364819835568
hardware_session0,16737,1.1072667542290773
hardware_session0,16738,0.8223035381418827
hardware_session0,16739,0.8549326361521037
hardware_session0,16740,0.727294239990311
hardware_session0,16741,1.1417255970866809
hardware_session0,16742,0.8372331009394324
hardware_session0,16743,1.3164540058875793
hardware_session0,16744,1.1412926464919704
hardware_session0,16745,1.5464842911984504
hardware_session0,16746,1.5572123965008131
hardware_session0,16747,0.6177864386916176
hardware_session0,16748,0.8434723853153251
hardware_session0,16749,0.6305984602879025
hardware_session0,16750,0.9115533481041084
hardware_session0,16751,0.6681295064585638
hardware_session0,16752,0.6137952154956849
hardware_session0,16753,1.1470412592429897
hardware_session0,16754,0.6543291744261449
hardware_session0,16755,1.780676426091203
hardware_session0,16756,1.0859041578212145
hardware_session0,16757,0.6564765449925817
hardware_session0,16758,2.5354798622811123
hardware_session0,16759,0.4848663629278784
hardware_session0,16760,0.6426564506809472
hardware_session0,16761,1.9384066303956478
hardware_session0,16762,0.6569998957784169
hardware_session0,16763,2.7214167523977877
hardware_session0,16764,1.2857362791588662
hardware_session0,16765,0.6101834559556505
hardware_session0,16766,1.0585739374189385
hardware_session0,16767,0.5183052446041889
hardware_session0,16768,1.2615079374880658
hardware_session0,16769,1.0420213341571605
hardware_session0,16770,0.7290413030867107
hardware_session0,16771,0.5846011701554401
hardware_session0,16772,1.3087494550189527
hardware_session0,16773,0.7725772214673646
hardware_session0,16774,0.34584720602760693
hardware_session0,16775,1.2558089127378134
hardware_session0,16776,0.9587274507004271
hardware_session0,16777,0.6030011533333283
hardware_session0,16778,1.368925507879013
hardware_session0,16779,0.8792494124420421
hardware_session0,16780,0.7211910368327266
hardware_session0,16781,1.1534792764049044
hardware_session0,16782,0.8058834668015424
hardware_session0,16783,0.9771684716812751
hardware_session0,16784,1.2085140444534952
hardware_session0,16785,0.5910722708661755
hardware_session0,16786,1.0536762140993423
hardware_session0,16787,0.8817086242117111
hardware_session0,16788,1.7374243295290903
hardware_session0,16789,0.9626628197293272
hardware_session0,16790,1.19191088020099
hardware_session0,16791,0.6708522788077238
hardware_session0,16792,1.1792007256581705
hardware_session0,16793,1.1576672559115888
hardware_session0,16794,1.2166347846388388
hardware_session0,16795,2.2524490582312424
hardware_session0,16796,0.42292725429358075
hardware_session0,16797,1.049604747900513
hardware_session0,16798,0.5844946185692098
hardware_session0,16799,0.8577763862168037
hardware_session0,16800,0.9907236799162992
hardware_session0,16801,1.3986373428803913
hardware_session0,16802,1.0450124731703714
hardware_session0,16803,0.7021836583208629
hardware_session0,16804,0.5326648195264142
hardware_session0,16805,1.738849006640693
hardware_session0,16806,1.604171509589584
hardware_session0,16807,0.8634466628495717
hardware_session0,16808,1.6784489372961273
hardware_session0,16809,1.5144739641775602
hardware_session0,16810,1.7564385994903857
hardware_session0,16811,0.9410419486808181
hardware_session0,16812,1.3557007707824638
hardware_session0,16813,0.9479811022288123
hardware_session0,16814,1.6039866264181621
hardware_session0,16815,0.6988418475134034
hardware_session0,16816,2.633028256793186
hardware_session0,16817,0.7387949245898391
hardware_session0,16818,1.7145853312086214
hardware_session0,16819,1.5224659717800082
hardware_session0,16820,1.8617091636688163
hardware_session0,16821,1.150311029928394
hardware_session0,16822,1.3143268971356044
hardware_session0,16823,1.4022456771932024
hardware_session0,16824,0.4505778325751605
hardware_session0,16825,1.2131053038327293
hardware_session0,16826,1.4790148916142245
hardware_session0,16827,0.7004092989815138
hardware_session0,16828,1.208956652305415
hardware_session0,16829,1.1880325262049656
hardware_session0,16830,1.1478589922428688
hardware_session0,16831,0.6994639652841116
hardware_session0,16832,0.8219889631532905
hardware_session0,16833,1.3835180447953883
hardware_session0,16834,1.2465018850355871
hardware_session0,16835,0.9502605182602765
hardware_session0,16836,0.6886903122053244
hardware_session0,16837,0.675201967977067
hardware_session0,16838,1.027325558767389
hardware_session0,16839,1.0256748135218914
hardware_session0,16840,1.1069669955671393
hardware_session0,16841,1.0776583467906622
hardware_session0,16842,0.5005369382834244
hardware_session0,16843,0.6476065234326305
hardware_session0,16844,1.1372334057710025
hardware_session0,16845,1.0129005284106827
hardware_session0,16846,2.212048591076593
hardware_session0,16847,0.6662949390223225
hardware_session0,16848,1.746161951074892
hardware_session0,16849,0.8883484783521791
hardware_session0,16850,1.1240758489328204
hardware_session0,16851,0.7541743313325903
hardware_session0,16852,0.6935076278266712
hardware_session0,16853,0.6782674561471224
hardware_session0,16854,1.4695369850479953
hardware_session0,16855,0.7424053668295468
hardware_session0,16856,1.5240479749767202
hardware_session0,16857,0.6753314869553791
hardware_session0,16858,0.9390327280706371
hardware_session0,16859,0.46661563378062026
hardware_session0,16860,1.5482799002330725
hardware_session0,16861,0.5478463496421205
hardware_session0,16862,1.1964307081938055
hardware_session0,16863,1.0806937815243236
hardware_session0,16864,1.6899192031299017
hardware_session0,16865,0.5819196935107182
hardware_session0,16866,1.9147244347544283
hardware_session0,16867,0.5286637558228813
hardware_session0,16868,1.0920516019239184
hardware_session0,16869,0.9403804069626863
hardware_session0,16870,1.3001762534906223
hardware_session0,16871,0.3785825005883213
hardware_session0,16872,1.5603079964991242
hardware_session0,16873,0.6993506440293672
hardware_session0,16874,0.7482344243373451
hardware_session0,16875,0.896627206828265
hardware_session0,16876,1.6272517806307447
hardware_session0,16877,0.7658847788759283
hardware_session0,16878,0.6465690628426217
hardware_session0,16879,1.0962183638097729
hardware_session0,16880,1.3786149269616208
hardware_session0,16881,1.2798455129851358
hardware_session0,16882,1.2078309243529515
hardware_session0,16883,0.7349257457024885
hardware_session0,16884,1.2116823465247342
hardware_session0,16885,1.188326933769231
hardware_session0,16886,2.22478944778815
hardware_session0,16887,1.1926391674415167
hardware_session0,16888,1.4181779677737831
hardware_session0,16889,1.2433864275285145
hardware_session0,16890,2.725850905945469
hardware_session0,16891,1.718562588455623
hardware_session0,16892,0.5832722781026078
hardware_session0,16893,0.5684507755909401
hardware_session0,16894,0.9953675835583403
hardware_session0,16895,0.9547965442278944
hardware_session0,16896,0.47378293237661984
hardware_session0,16897,0.9596953824060668
hardware_session0,16898,1.956084841090533
hardware_session0,16899,2.2837608665066034
hardware_session0,16900,0.9667507001464403
hardware_session0,16901,0.8738933504990469
hardware_session0,16902,0.7811286304151404
hardware_session0,16903,0.7619259941271195
hardware_session0,16904,1.5547611531082333
hardware_session0,16905,0.44502784379979154
hardware_session0,16906,0.6159164491439794
hardware_session0,16907,1.1644781773616861
hardware_session0,16908,1.598419821010124
hardware_session0,16909,0.7631622550993287
hardware_session0,16910,0.9590689693306242
hardware_session0,16911,0.7341472777775484
hardware_session0,16912,0.553834339435505
hardware_session0,16913,1.6669684023970777
hardware_session0,16914,0.9310094860175417
hardware_session0,16915,1.2988948759251404
hardware_session0,16916,0.5995649394672492
hardware_session0,16917,0.6548031000853766
hardware_session0,16918,1.6091196770001193
hardware_session0,16919,2.143358784061
hardware_session0,16920,0.7896391267277397
hardware_session0,16921,0.3603631940650059
hardware_session0,16922,1.3222210119327915
hardware_session0,16923,0.800186793998546
hardware_session0,16924,2.0745926449963066
hardware_session0,16925,1.444100426591579
hardware_session0,16926,1.4701712094552124
hardware_session0,16927,2.2741799930082496
hardware_session0,16928,0.8911475796164711
hardware_session0,16929,0.4282957054599855
hardware_session0,16930,0.8018277011606327
hardware_session0,16931,2.021827765080403
hardware_session0,16932,1.2963099209372593
hardware_session0,16933,2.70783853615319
hardware_session0,16934,1.4547705854150257
hardware_session0,16935,0.7653868712683353
hardware_session0,16936,1.66813212573203
hardware_session0,16937,1.0422159947936744
hardware_session0,16938,0.7736561804132784
hardware_session0,16939,1.1647398785535956
hardware_session0,16940,2.0153788479141515
hardware_session0,16941,1.9014102384634648
hardware_session0,16942,0.7226943598722432
hardware_session0,16943,0.5708156567019609
hardware_session0,16944,0.5502886312413007
hardware_session0,16945,0.8307918537315395
hardware_session0,16946,1.0214690581162367
hardware_session0,16947,0.7207215251946901
hardware_session0,16948,1.360086400837309
hardware_session0,16949,0.9929016314120965
hardware_session0,16950,1.1908005162362563
hardware_session0,16951,1.4700811810341496
hardware_session0,16952,1.0396148264342802
hardware_session0,16953,0.573951748000712
hardware_session0,16954,2.0440097236120818
hardware_session0,16955,0.946772615678846
hardware_session0,16956,1.13650560416299
hardware_session0,16957,0.6299652914621715
hardware_session0,16958,1.0037585904574946
hardware_session0,16959,1.0144498151070231
hardware_session0,16960,0.5215945621097506
hardware_session0,16961,1.3370730765069325
hardware_session0,16962,0.5555127808871103
hardware_session0,16963,1.2757143247308727
hardware_session0,16964,1.2167910427112498
hardware_session0,16965,0.6416226312486635
hardware_session0,16966,1.591987564246728
hardware_session0,16967,0.9065405452337426
hardware_session0,16968,0.5914365507552887
hardware_session0,16969,0.5734585670666993
hardware_session0,16970,0.7952783734157102
hardware_session0,16971,1.3303759754981925
hardware_session0,16972,1.091218082539756
hardware_session0,16973,1.071953239816696
hardware_session0,16974,1.6606298327679252
hardware_session0,16975,2.35565794609809
hardware_session0,16976,1.5599751604054635
hardware_session0,16977,0.7150711470878492
hardware_session0,16978,1.035250327191217
hardware_session0,16979,1.004172452865441
hardware_session0,16980,1.0200622928844154
hardware_session0,16981,0.7994239410958125
hardware_session0,16982,0.9872806624690897
hardware_session0,16983,2.001231591116415
hardware_session0,16984,1.5069943550416638
hardware_session0,16985,1.505115898137821
hardware_session0,16986,2.211831433397401
hardware_session0,16987,1.2311031431671977
hardware_session0,16988,2.4104287760186964
hardware_session0,16989,1.569297190904223
hardware_session0,16990,0.9995802450015336
hardware_session0,16991,1.4743218656105095
hardware_session0,16992,1.0591333500384368
hardware_session0,16993,0.8681769564196312
hardware_session0,16994,0.8041457441864915
hardware_session0,16995,0.595680733098735
hardware_session0,16996,2.7537206417657005
hardware_session0,16997,1.1557983228598532
hardware_session0,16998,0.6745655112486093
hardware_session0,16999,0.7874150724702533
hardware_session0,17000,1.8968733900812438
hardware_session0,17001,2.499445877066667
hardware_session0,17002,0.4493405646517814
hardware_session0,17003,1.7336688704826202
hardware_session0,17004,1.1365030477144578
hardware_session0,17005,1.1722581337221372
hardware_session0,17006,1.204372176107407
hardware_session0,17007,1.3237733459892487
hardware_session0,17008,0.8718567516076119
hardware_session0,17009,0.5364598359416042
hardware_session0,17010,1.2018275384404817
hardware_session0,17011,0.7883704947910828
hardware_session0,17012,0.45259031171007047
hardware_session0,17013,2.390802828950585
hardware_session0,17014,0.758310030383859
hardware_session0,17015,2.205651654379652
hardware_session0,17016,0.4074931175748023
hardware_session0,17017,1.4101649537389844
hardware_session0,17018,0.4639279800368648
hardware_session0,17019,0.8885163378728764
hardware_session0,17020,1.3874586026084847
hardware_session0,17021,1.5697264824870372
hardware_session0,17022,0.8427553636005404
hardware_session0,17023,0.9550563746431477
hardware_session0,17024,1.1161720669783723
hardware_session0,17025,1.1075083734535531
hardware_session0,17026,1.2134802116549295
hardware_session0,17027,1.0195586104088086
hardware_session0,17028,1.4971528417432645
hardware_session0,17029,2.439022866326103
hardware_session0,17030,1.3877036313578521
hardware_session0,17031,0.7166009982509948
hardware_session0,17032,1.6879860569088612
hardware_session0,17033,1.0770807300260639
hardware_session0,17034,1.663256114255543
hardware_session0,17035,1.7063100229292267
hardware_session0,17036,0.5131940445506353
hardware_session0,17037,0.49987393401136054
hardware_session0,17038,1.514874222438273
hardware_session0,17039,0.6037506413087309
hardware_session0,17040,1.4525093693733704
hardware_session0,17041,0.7627770140473767
hardware_session0,17042,2.280951811813427
hardware_session0,17043,1.489452902953545
hardware_session0,17044,1.805674411973703
hardware_session0,17045,0.5371584053975582
hardware_session0,17046,0.40360483532435293
hardware_session0,17047,0.7021854630917778
hardware_session0,17048,1.5890549819205013
hardware_session0,17049,1.0900600552079185
hardware_session0,17050,0.61417171732939
hardware_session0,17051,1.4089504006592597
hardware_session0,17052,1.2790819725670532
hardware_session0,17053,1.2361027060218308
hardware_session0,17054,1.5442308565367746
hardware_session0,17055,0.8018116686681436
hardware_session0,17056,0.5129133200163425
hardware_session0,17057,0.8943858535482794
hardware_session0,17058,0.6303117663690684
hardware_session0,17059,0.6831668911685588
hardware_session0,17060,1.8538481745702764
hardware_session0,17061,0.6058910534588435
hardware_session0,17062,1.3039096103944638
hardware_session0,17063,0.5815098253917371
hardware_session0,17064,0.6834641024217842
hardware_session0,17065,0.465554564073778
hardware_session0,17066,0.5373422367002622
hardware_session0,17067,0.6022394543207273
hardware_session0,17068,1.622058512893521
hardware_session0,17069,0.6205916702270846
hardware_session0,17070,0.8975938274775164
hardware_session0,17071,0.4624997508392288
hardware_session0,17072,1.229222945972404
hardware_session0,17073,1.2466993769553205
hardware_session0,17074,0.8714457088945344
hardware_session0,17075,0.8661063939251971
hardware_session0,17076,0.9764783847054725
hardware_session0,17077,0.46765645640982534
hardware_session0,17078,1.3502124045365878
hardware_session0,17079,0.3925887548639842
hardware_session0,17080,1.982812291489926
hardware_session0,17081,0.5268035601433009
hardware_session0,17082,1.2117792276598907
hardware_session0,17083,0.6565698520043155
hardware_session0,17084,0.6035342142756235
hardware_session0,17085,1.027008156980818
hardware_session0,17086,0.8886514832823065
hardware_session0,17087,1.161825939163701
hardware_session0,17088,1.1396850471466038
hardware_session0,17089,1.488772203335074
hardware_session0,17090,0.7623046402816165
hardware_session0,17091,0.8836525774012971
hardware_session0,17092,0.7489778209799888
hardware_session0,17093,0.565023356162452
hardware_session0,17094,0.6192598234076131
hardware_session0,17095,1.6922138825751198
hardware_session0,17096,0.6326344665086145
hardware_session0,17097,1.8375861921664534
hardware_session0,17098,1.2696760983552928
hardware_session0,17099,1.0523156883373936
hardware_session0,17100,0.6857352041671215
hardware_session0,17101,1.5175506749655376
hardware_session0,17102,0.8254807395018965
hardware_session0,17103,0.5832357469362451
hardware_session0,17104,0.7023711256661667
hardware_session0,17105,0.7344778574883754
hardware_session0,17106,1.1398896080706602
hardware_session0,17107,1.192795971748611
hardware_session0,17108,0.4469711350035914
hardware_session0,17109,1.058324706197696
hardware_session0,17110,1.5659340791298253
hardware_session0,17111,1.165513192600567
hardware_session0,17112,0.8961894472679289
hardware_session0,17113,0.8524366743353716
hardware_session0,17114,0.4670184550764721
hardware_session0,17115,0.5316353473567705
hardware_session0,17116,0.5198430361797706
hardware_session0,17117,1.239197757764212
hardware_session0,17118,1.3230322210260972
hardware_session0,17119,0.7434486945262082
hardware_session0,17120,0.5974801392194072
hardware_session0,17121,0.5208942416932747
hardware_session0,17122,1.043121281765313
hardware_session0,17123,1.1439016139443567
hardware_session0,17124,2.4433510286163638
hardware_session0,17125,0.7320638019846126
hardware_session0,17126,1.1180559253539728
hardware_session0,17127,0.8364226752873348
hardware_session0,17128,0.5079969946935524
hardware_session0,17129,1.050901537649322
hardware_session0,17130,0.6767502443310341
hardware_session0,17131,2.449446657967838
hardware_session0,17132,0.8105326635494423
hardware_session0,17133,1.1654496233716494
hardware_session0,17134,1.0412025252707122
hardware_session0,17135,0.6214139311161689
hardware_session0,17136,1.2042590334518846
hardware_session0,17137,0.72654527700366
hardware_session0,17138,0.8355535136030074
hardware_session0,17139,1.343482419023527
hardware_session0,17140,1.5143810221311955
hardware_session0,17141,0.8236365988752262
hardware_session0,17142,0.6592248466689493
hardware_session0,17143,1.3054125634908098
hardware_session0,17144,1.281973941839551
hardware_session0,17145,1.18859954427254
hardware_session0,17146,0.5009897544811343
hardware_session0,17147,0.9127318966720062
hardware_session0,17148,0.7347572666426813
hardware_session0,17149,0.5760385151315365
hardware_session0,17150,0.7876855361066533
hardware_session0,17151,0.6928851084855967
hardware_session0,17152,1.104847609419598
hardware_session0,17153,1.0271803584331716
hardware_session0,17154,1.0836337702400962
hardware_session0,17155,1.366467445105876
hardware_session0,17156,0.6112218441983079
hardware_session0,17157,0.8101976963616344
hardware_session0,17158,2.0692341603448523
hardware_session0,17159,0.8253313968349871
hardware_session0,17160,0.5893620086088385
hardware_session0,17161,1.0834999367887947
hardware_session0,17162,0.9347732641610033
hardware_session0,17163,0.8863991931093532
hardware_session0,17164,0.6864753514072223
hardware_session0,17165,0.7889474645026968
hardware_session0,17166,2.515565475819944
hardware_session0,17167,2.2327095324412096
hardware_session0,17168,0.4207986107585405
hardware_session0,17169,1.6448716669768293
hardware_session0,17170,0.8077155514776658
hardware_session0,17171,1.3643899768248877
hardware_session0,17172,0.9901762501808785
hardware_session0,17173,1.0009804795007295
hardware_session0,17174,1.1315871799332886
hardware_session0,17175,1.2300130440666694
hardware_session0,17176,1.1983827754149736
hardware_session0,17177,0.5886316221728917
hardware_session0,17178,0.7998937774797545
hardware_session0,17179,1.5374882326236499
hardware_session0,17180,1.8806511874890905
hardware_session0,17181,0.607489073646047
hardware_session0,17182,0.5190683069304012
hardware_session0,17183,0.750684879718018
hardware_session0,17184,1.6722702315112454
hardware_session0,17185,1.2991221052572648
hardware_session0,17186,0.7991641505209063
hardware_session0,17187,1.0223985343129858
hardware_session0,17188,0.6106060393930387
hardware_session0,17189,1.4861956647445513
hardware_session0,17190,0.6831031647424509
hardware_session0,17191,0.5890627175944988
hardware_session0,17192,2.219490587730587
hardware_session0,17193,1.8871457000694265
hardware_session0,17194,0.773722881868254
hardware_session0,17195,2.354798054109361
hardware_session0,17196,1.0391483781046464
hardware_session0,17197,1.5031326356996964
hardware_session0,17198,1.341528505533079
hardware_session0,17199,1.0298192018127699
hardware_session0,17200,2.4278939396751458
hardware_session0,17201,0.8207712547514284
hardware_session0,17202,1.2431911806612643
hardware_session0,17203,0.694145835691801
hardware_session0,17204,2.78746706189586
hardware_session0,17205,1.1174488269316083
hardware_session0,17206,0.9031203572926143
hardware_session0,17207,0.4781858090125189
hardware_session0,17208,0.4317487506828809
hardware_session0,17209,0.9935183731494274
hardware_session0,17210,1.8472941556590188
hardware_session0,17211,1.0953739977380497
hardware_session0,17212,0.7632785836098935
hardware_session0,17213,0.4933453201039347
hardware_session0,17214,0.7588298500671045
hardware_session0,17215,1.4385434445560914
hardware_session0,17216,0.7669156280165024
hardware_session0,17217,0.7913122428683265
hardware_session0,17218,0.8688315730868075
hardware_session0,17219,0.7712930330479951
hardware_session0,17220,0.7587087328489528
hardware_session0,17221,2.366684943334132
hardware_session0,17222,1.5081037600630989
hardware_session0,17223,0.9411833807779882
hardware_session0,17224,0.3768842465720687
hardware_session0,17225,0.7184737710435574
hardware_session0,17226,0.7254664379895115
hardware_session0,17227,0.5733550070360124
hardware_session0,17228,0.6198998869474124
hardware_session0,17229,2.129347264347766
hardware_session0,17230,1.859167127268785
hardware_session0,17231,1.4549409193288727
hardware_session0,17232,0.810789547575261
hardware_session0,17233,0.5388628764690712
hardware_session0,17234,0.7882395104105575
hardware_session0,17235,1.1253811653881967
hardware_session0,17236,1.5035714706824292
hardware_session0,17237,1.0793450672454703
hardware_session0,17238,0.9292611596667181
hardware_session0,17239,2.4082728765549875
hardware_session0,17240,0.6283950701297121
hardware_session0,17241,2.8102323428216347
hardware_session0,17242,0.9292514842910173
hardware_session0,17243,2.2823492882065284
hardware_session0,17244,1.1091084605848043
hardware_session0,17245,0.7067320238605446
hardware_session0,17246,1.387026281347014
hardware_session0,17247,1.5885503705264878
hardware_session0,17248,0.9099108817796937
hardware_session0,17249,0.5836633222798389
hardware_session0,17250,0.8507172941053552
hardware_session0,17251,0.7561568331926806
hardware_session0,17252,0.694661207355155
hardware_session0,17253,0.7330789221231426
hardware_session0,17254,1.6157654371596375
hardware_session0,17255,0.7891859252813745
hardware_session0,17256,1.2685036409209511
hardware_session0,17257,1.0420488001570907
hardware_session0,17258,1.9905781362667776
hardware_session0,17259,0.5526833201016781
hardware_session0,17260,0.7472924563848438
hardware_session0,17261,1.7310581405281311
hardware_session0,17262,0.900641529336872
hardware_session0,17263,0.5243602955492115
hardware_session0,17264,0.6750676342200612
hardware_session0,17265,0.9149085211274894
hardware_session0,17266,0.9692633906788216
hardware_session0,17267,1.0028206079374684
hardware_session0,17268,1.8559266087295245
hardware_session0,17269,1.0956095703103574
hardware_session0,17270,1.5730904316294878
hardware_session0,17271,1.7612854571743919
hardware_session0,17272,1.1987389123062775
hardware_session0,17273,0.8848727003709735
hardware_session0,17274,1.3813544839499436
hardware_session0,17275,0.5459699793797848
hardware_session0,17276,1.4430243928378972
hardware_session0,17277,0.5904386110110998
hardware_session0,17278,1.8998107509345026
hardware_session0,17279,0.7712801500247166
hardware_session0,17280,1.557527459820213
hardware_session0,17281,1.097364352831017
hardware_session0,17282,1.0110339604556546
hardware_session0,17283,0.9772367438117807
hardware_session0,17284,0.8632216207454901
hardware_session0,17285,1.173751265251675
hardware_session0,17286,1.2150463168744268
hardware_session0,17287,0.8906773717570933
hardware_session0,17288,0.6743218030622686
hardware_session0,17289,0.5004664324376185
hardware_session0,17290,1.3643759387361873
hardware_session0,17291,2.1459666063882152
hardware_session0,17292,1.3393804759913648
hardware_session0,17293,1.5550179766388454
hardware_session0,17294,0.4231181210759173
hardware_session0,17295,1.2830312050659465
hardware_session0,17296,0.40484982300877975
hardware_session0,17297,0.7876065501284633
hardware_session0,17298,0.598941727758525
hardware_session0,17299,1.3751358630661188
hardware_session0,17300,0.655045481338896
hardware_session0,17301,1.546971215963004
hardware_session0,17302,1.2504609029056546
hardware_session0,17303,1.3637998702219605
hardware_session0,17304,0.5597141659188499
hardware_session0,17305,0.8903793085233872
hardware_session0,17306,1.971546194393391
hardware_session0,17307,1.078210161843413
hardware_session0,17308,1.1783671686272597
hardware_session0,17309,2.2923532057413634
hardware_session0,17310,1.2857763807748452
hardware_session0,17311,1.9200644958562632
hardware_session0,17312,0.5212557943771207
hardware_session0,17313,0.43188466099745626
hardware_session0,17314,1.4002965528596762
hardware_session0,17315,1.5868858833828354
hardware_session0,17316,0.9377179379435592
hardware_session0,17317,1.0662601490909625
hardware_session0,17318,0.9116518504390768
hardware_session0,17319,0.6255422246299285
hardware_session0,17320,1.1017654242797552
hardware_session0,17321,1.7269051264301056
hardware_session0,17322,1.9046760911025908
hardware_session0,17323,1.297611734308593
hardware_session0,17324,0.552282290275047
hardware_session0,17325,0.6476366109768928
hardware_session0,17326,1.7046112980324122
hardware_session0,17327,0.6561725915936424
hardware_session0,17328,0.7111417611525079
hardware_session0,17329,1.339615162666661
hardware_session0,17330,1.1006460664325082
hardware_session0,17331,0.42763788854032975
hardware_session0,17332,1.8336448078984255
hardware_session0,17333,1.7888339944414131
hardware_session0,17334,0.6081968669507849
hardware_session0,17335,1.3560692363074789
hardware_session0,17336,1.7391687712055988
hardware_session0,17337,1.0813555723191304
hardware_session0,17338,0.8620961257324044
hardware_session0,17339,0.7612153492693768
hardware_session0,17340,1.4549201845494388
hardware_session0,17341,0.5387146713200217
hardware_session0,17342,0.9707705466885366
hardware_session0,17343,0.45067163292281504
hardware_session0,17344,0.8919897618318996
hardware_session0,17345,0.9185609976240359
hardware_session0,17346,0.5814710405695707
hardware_session0,17347,0.5567083681643956
hardware_session0,17348,1.8455487171467468
hardware_session0,17349,0.5527282958934632
hardware_session0,17350,0.6393290262178793
hardware_session0,17351,0.6127089052867343
hardware_session0,17352,0.808714140690411
hardware_session0,17353,1.001999329908709
hardware_session0,17354,1.1275103652871514
hardware_session0,17355,0.6420190313459193
hardware_session0,17356,0.6220396582233685
hardware_session0,17357,0.882228663524495
hardware_session0,17358,0.6147509972211312
hardware_session0,17359,0.7956882072855023
hardware_session0,17360,0.974730182282683
hardware_session0,17361,0.6139507422076607
hardware_session0,17362,0.7446192567654256
hardware_session0,17363,2.737429170902644
hardware_session0,17364,0.4065039984429581
hardware_session0,17365,1.3086218914652346
hardware_session0,17366,1.3994019247113287
hardware_session0,17367,1.0870126628127843
hardware_session0,17368,1.0633535914485939
hardware_session0,17369,1.0180944132421594
hardware_session0,17370,0.7634655066007947
hardware_session0,17371,0.592510924071502
hardware_session0,17372,0.5666380000236394
hardware_session0,17373,1.1355250991515693
hardware_session0,17374,1.0714062579257506
hardware_session0,17375,1.180382671699779
hardware_session0,17376,0.7804549380730026
hardware_session0,17377,1.941659485560193
hardware_session0,17378,0.9392093919546995
hardware_session0,17379,1.1770620958838132
hardware_session0,17380,1.2047554119849162
hardware_session0,17381,0.8472513816664948
hardware_session0,17382,1.3076736025298867
hardware_session0,17383,1.105244782198639
hardware_session0,17384,1.6673163476124784
hardware_session0,17385,0.6116710516810986
hardware_session0,17386,1.1093922743526592
hardware_session0,17387,1.0019818298155057
hardware_session0,17388,1.4678801906190886
hardware_session0,17389,1.6483389065476952
hardware_session0,17390,1.0745488950464943
hardware_session0,17391,2.3984929058123807
hardware_session0,17392,1.0299490480123175
hardware_session0,17393,1.2703946180570842
hardware_session0,17394,1.598674207761292
hardware_session0,17395,1.6679513205856675
hardware_session0,17396,1.5353608436564503
hardware_session0,17397,0.7631093578705981
hardware_session0,17398,0.7047153137912021
hardware_session0,17399,0.8645869423443026
hardware_session0,17400,0.5303198927943953
hardware_session0,17401,0.9632062809271934
hardware_session0,17402,1.6313707791163923
hardware_session0,17403,0.8351654264512482
hardware_session0,17404,0.838476036683242
hardware_session0,17405,2.01050987382191
hardware_session0,17406,0.978936718995899
hardware_session0,17407,1.48333030293448
hardware_session0,17408,1.28396456688453
hardware_session0,17409,0.719965476833438
hardware_session0,17410,1.0795680026073502
hardware_session0,17411,0.8586063161771975
hardware_session0,17412,1.6671149319709615
hardware_session0,17413,1.0271374344853852
hardware_session0,17414,1.0321460460881822
hardware_session0,17415,0.6319430457385717
hardware_session0,17416,0.4429786911237816
hardware_session0,17417,0.7475785096375869
hardware_session0,17418,1.9138691823882275
hardware_session0,17419,0.7308532186967389
hardware_session0,17420,0.6945503961682334
hardware_session0,17421,0.9337577694670885
hardware_session0,17422,1.795582698659252
hardware_session0,17423,0.6511519729822945
hardware_session0,17424,0.6028888865405784
hardware_session0,17425,0.7327977580037345
hardware_session0,17426,1.2971698383593189
hardware_session0,17427,1.1364960361884695
hardware_session0,17428,0.58542965280705
hardware_session0,17429,1.4179168348353712
hardware_session0,17430,1.2104231594681396
hardware_session0,17431,2.0194602400000856
hardware_session0,17432,1.711788192243328
hardware_session0,17433,0.6733415060060207
hardware_session0,17434,0.6996690441888993
hardware_session0,17435,1.111967390047113
hardware_session0,17436,1.8190621930649211
hardware_session0,17437,0.4152998990269507
hardware_session0,17438,0.839163926160858
hardware_session0,17439,1.4484836186517789
hardware_session0,17440,0.697395964701918
hardware_session0,17441,1.0229823722979237
hardware_session0,17442,0.47702029061381673
hardware_session0,17443,1.0440913738559412
hardware_session0,17444,0.8524081896032472
hardware_session0,17445,1.9476861472818165
hardware_session0,17446,2.1816046046838737
hardware_session0,17447,1.2282330728094388
hardware_session0,17448,0.5099163742849775
hardware_session0,17449,0.6159047316642012
hardware_session0,17450,1.1814232804432547
hardware_session0,17451,0.7649511913478646
hardware_session0,17452,1.3161576085851503
hardware_session0,17453,0.9940539402008038
hardware_session0,17454,2.181532780978372
hardware_session0,17455,0.8805647036288068
hardware_session0,17456,1.3218047409716571
hardware_session0,17457,0.9153341983035164
hardware_session0,17458,0.5833791440125676
hardware_session0,17459,0.4780703485031501
hardware_session0,17460,0.7657901416159326
hardware_session0,17461,1.1153716222086396
hardware_session0,17462,1.826522044847091
hardware_session0,17463,1.4621868124247162
hardware_session0,17464,1.5940555804390577
hardware_session0,17465,1.1049277935292168
hardware_session0,17466,1.2557499943484036
hardware_session0,17467,1.9508155102653362
hardware_session0,17468,1.0514734022299326
hardware_session0,17469,1.1856524463430012
hardware_session0,17470,1.3256823023844684
hardware_session0,17471,1.0508480746004423
hardware_session0,17472,0.7430905733365263
hardware_session0,17473,1.1541879579757892
hardware_session0,17474,0.8140907926545602
hardware_session0,17475,0.9988471156293293
hardware_session0,17476,1.413990363005813
hardware_session0,17477,1.0025603913970798
hardware_session0,17478,2.164983893051458
hardware_session0,17479,1.66667362504732
hardware_session0,17480,0.832436236067732
hardware_session0,17481,1.5867940865439945
hardware_session0,17482,1.1823750873932146
hardware_session0,17483,0.6907564717718098
hardware_session0,17484,0.6810348267896952
hardware_session0,17485,1.1379634933356078
hardware_session0,17486,1.395409647790285
hardware_session0,17487,0.6785931681637185
hardware_session0,17488,0.5886571040940903
hardware_session0,17489,0.935085943488962
hardware_session0,17490,1.603902580103688
hardware_session0,17491,1.0202263370602802
hardware_session0,17492,0.9032156789557539
hardware_session0,17493,1.1583765326686803
hardware_session0,17494,1.0172394366012754
hardware_session0,17495,1.8040175923844546
hardware_session0,17496,1.0787877543038817
hardware_session0,17497,0.5347987056248649
hardware_session0,17498,2.107984569973312
hardware_session0,17499,1.10490194399979
hardware_session0,17500,1.0513755669483682
hardware_session0,17501,1.1216796362344563
hardware_session0,17502,1.5023131147598643
hardware_session0,17503,0.6058004547416361
hardware_session0,17504,0.655208049947229
hardware_session0,17505,0.6450862394225028
hardware_session0,17506,0.5847567333951522
hardware_session0,17507,0.8860313696529148
hardware_session0,17508,1.984040952548607
hardware_session0,17509,2.004649469394816
hardware_session0,17510,1.4762582754678526
hardware_session0,17511,1.310563679443077
hardware_session0,17512,1.5778503854173567
hardware_session0,17513,1.4742244874594719
hardware_session0,17514,0.7987814751221433
hardware_session0,17515,0.6455060350946014
hardware_session0,17516,0.9099981430517587
hardware_session0,17517,0.8380228354506603
hardware_session0,17518,1.1209657299556806
hardware_session0,17519,0.5746915898904215
hardware_session0,17520,1.0061050884332143
hardware_session0,17521,0.7700042270691745
hardware_session0,17522,1.1177562421270104
hardware_session0,17523,2.7996652305772116
hardware_session0,17524,0.8275237462603485
hardware_session0,17525,1.9440785112931727
hardware_session0,17526,1.864581742983225
hardware_session0,17527,1.8935996669453155
hardware_session0,17528,1.746660345994505
hardware_session0,17529,0.6518189589499449
hardware_session0,17530,1.3274846477653701
hardware_session0,17531,0.8278327125556812
hardware_session0,17532,1.1194104710242978
hardware_session0,17533,1.3809513185186346
hardware_session0,17534,1.201787535211838
hardware_session0,17535,0.4513706687115083
hardware_session0,17536,1.0205444826477754
hardware_session0,17537,0.7231805156304366
hardware_session0,17538,1.4608346012113438
hardware_session0,17539,0.7726401283031317
hardware_session0,17540,0.6721442241151411
hardware_session0,17541,0.5731760511910848
hardware_session0,17542,2.4809881187549836
hardware_session0,17543,0.5101909871783749
hardware_session0,17544,1.6453491361409798
hardware_session0,17545,1.012845395517578
hardware_session0,17546,0.5924708385451777
hardware_session0,17547,0.5358207620961223
hardware_session0,17548,0.9877371207276537
hardware_session0,17549,1.5005399261044008
hardware_session0,17550,0.8756296790635301
hardware_session0,17551,0.860948566108566
hardware_session0,17552,1.8688983030474573
hardware_session0,17553,0.7760446223203273
hardware_session0,17554,0.8148165997782618
hardware_session0,17555,0.544992937667189
hardware_session0,17556,1.1615135422230398
hardware_session0,17557,1.5282082943446926
hardware_session0,17558,1.1309153258605196
hardware_session0,17559,1.917544931596102
hardware_session0,17560,1.1851944598018123
hardware_session0,17561,0.7096277078067987
hardware_session0,17562,1.3747453432913403
hardware_session0,17563,0.7770342001683985
hardware_session0,17564,0.6151402276916083
hardware_session0,17565,1.2575008013517857
hardware_session0,17566,1.2331213607977942
hardware_session0,17567,0.7569852311892064
hardware_session0,17568,1.3701894918265654
hardware_session0,17569,1.2337781139707167
hardware_session0,17570,1.374274069146357
hardware_session0,17571,1.4842478941865789
hardware_session0,17572,0.42780348959716746
hardware_session0,17573,1.3943560063802962
hardware_session0,17574,1.6322965191036891
hardware_session0,17575,0.9256014733972497
hardware_session0,17576,0.8408711088032645
hardware_session0,17577,1.5600523057645892
hardware_session0,17578,0.7558823211596313
hardware_session0,17579,0.688552782976211
hardware_session0,17580,2.37163227194812
hardware_session0,17581,1.0097650408268277
hardware_session0,17582,0.5699690661598217
hardware_session0,17583,1.2099379807986779
hardware_session0,17584,1.3500170963025702
hardware_session0,17585,0.8820478414830148
hardware_session0,17586,0.8004881163647048
hardware_session0,17587,0.3255902953621476
hardware_session0,17588,1.6420860150578465
hardware_session0,17589,3.0624019930832116
hardware_session0,17590,1.2137255246791014
hardware_session0,17591,0.40756361687078274
hardware_session0,17592,0.8253631917237786
hardware_session0,17593,2.8461457616024943
hardware_session0,17594,0.9789472048684317
hardware_session0,17595,2.2528149170049923
hardware_session0,17596,0.8369095339009922
hardware_session0,17597,0.6145029804966977
hardware_session0,17598,0.4205372735219638
hardware_session0,17599,1.2193029831054056
hardware_session0,17600,0.8929223843821836
hardware_session0,17601,0.6094146173509015
hardware_session0,17602,1.5968694748402412
hardware_session0,17603,0.8345782247791687
hardware_session0,17604,0.659365780260084
hardware_session0,17605,1.4372357454039035
hardware_session0,17606,1.535259502511867
hardware_session0,17607,1.2151300479104432
hardware_session0,17608,0.8526730345143657
hardware_session0,17609,1.119549675717348
hardware_session0,17610,1.0384032022057537
hardware_session0,17611,0.8432132122754838
hardware_session0,17612,1.401049743935692
hardware_session0,17613,0.614744508988063
hardware_session0,17614,0.5458265827727752
hardware_session0,17615,0.5025712000866775
hardware_session0,17616,1.0481654871303352
hardware_session0,17617,1.3554287296829421
hardware_session0,17618,1.6096457814520557
hardware_session0,17619,2.120771363219354
hardware_session0,17620,0.6546114813766438
hardware_session0,17621,0.4541602344095075
hardware_session0,17622,1.7741788655303183
hardware_session0,17623,0.7441736797680361
hardware_session0,17624,0.6672231946103341
hardware_session0,17625,0.5217646802015266
hardware_session0,17626,0.5925719155101647
hardware_session0,17627,1.4613226490337863
hardware_session0,17628,1.4185067777817761
hardware_session0,17629,0.5886283010338772
hardware_session0,17630,0.9999388768974518
hardware_session0,17631,0.5351373194770496
hardware_session0,17632,1.7717734729627368
hardware_session0,17633,1.147396223340214
hardware_session0,17634,0.667661221493723
hardware_session0,17635,1.199194819060264
hardware_session0,17636,0.7338130256473113
hardware_session0,17637,0.6890478913853306
hardware_session0,17638,0.5766709111702268
hardware_session0,17639,1.4071142298659896
hardware_session0,17640,1.9059516791701994
hardware_session0,17641,1.033008699156846
hardware_session0,17642,1.47304053774185
hardware_session0,17643,0.5334692911400042
hardware_session0,17644,0.9611282405198138
hardware_session0,17645,0.5680332755383676
hardware_session0,17646,2.0760687949509786
hardware_session0,17647,0.6130167043293918
hardware_session0,17648,0.4032856763655372
hardware_session0,17649,0.7423302335770918
hardware_session0,17650,0.9125149994884597
hardware_session0,17651,1.2664549485521959
hardware_session0,17652,0.7122998699962958
hardware_session0,17653,1.0920229610100576
hardware_session0,17654,0.6251271667994369
hardware_session0,17655,0.5339150343495989
hardware_session0,17656,1.203731190420868
hardware_session0,17657,1.0730933609355429
hardware_session0,17658,1.906427478836739
hardware_session0,17659,1.0440247421569357
hardware_session0,17660,0.7521699125676583
hardware_session0,17661,1.5048059146246675
hardware_session0,17662,0.5515749436362484
hardware_session0,17663,0.8371748393413232
hardware_session0,17664,1.5625181709424931
hardware_session0,17665,1.2150214495981275
hardware_session0,17666,1.8551038506577258
hardware_session0,17667,0.6912783608787088
hardware_session0,17668,2.4497257840925437
hardware_session0,17669,0.8226658337593052
hardware_session0,17670,2.2489855947077517
hardware_session0,17671,1.8453792725706433
hardware_session0,17672,0.5185484624580259
hardware_session0,17673,0.8937305012696022
hardware_session0,17674,0.7455183998757703
hardware_session0,17675,0.8405287470259105
hardware_session0,17676,0.5015714304498516
hardware_session0,17677,0.5126622383137789
hardware_session0,17678,0.4971627933584305
hardware_session0,17679,0.918075971330841
hardware_session0,17680,1.0525612131941127
hardware_session0,17681,1.1231502459482265
hardware_session0,17682,1.890145867978267
hardware_session0,17683,0.7152996553456402
hardware_session0,17684,2.2936445509904475
hardware_session0,17685,1.5585770058547472
hardware_session0,17686,0.38402385559535057
hardware_session0,17687,1.0152426823196583
hardware_session0,17688,1.1279850876410955
hardware_session0,17689,1.5258502027325203
hardware_session0,17690,1.8359711834514891
hardware_session0,17691,0.6520423166661324
hardware_session0,17692,1.4934298787252707
hardware_session0,17693,2.0735104651277245
hardware_session0,17694,1.286378725530366
hardware_session0,17695,0.46193521990118486
hardware_session0,17696,0.5459503628415039
hardware_session0,17697,1.2668322459015358
hardware_session0,17698,1.5781714869054748
hardware_session0,17699,1.914719928489467
hardware_session0,17700,0.5364118470232649
hardware_session0,17701,1.8507230611239518
hardware_session0,17702,1.5472760668469878
hardware_session0,17703,0.5486111294802566
hardware_session0,17704,0.9864361062779262
hardware_session0,17705,0.6645234377097033
hardware_session0,17706,1.120096462313597
hardware_session0,17707,0.4451426714896493
hardware_session0,17708,0.44623884991391627
hardware_session0,17709,1.0590871236155501
hardware_session0,17710,1.1898765141450551
hardware_session0,17711,0.7983630551958604
hardware_session0,17712,1.0531256696916214
hardware_session0,17713,1.4952617167728608
hardware_session0,17714,0.6402448614208877
hardware_session0,17715,1.9571180684255243
hardware_session0,17716,1.0970521047679724
hardware_session0,17717,0.5476933333079423
hardware_session0,17718,1.578515074395821
hardware_session0,17719,1.0334902062076496
hardware_session0,17720,1.4595464346090046
hardware_session0,17721,0.9610549688640754
hardware_session0,17722,0.581979418908563
hardware_session0,17723,0.8482623290700451
hardware_session0,17724,0.9434682207810664
hardware_session0,17725,0.45025143685076746
hardware_session0,17726,0.5480263174000907
hardware_session0,17727,1.1351262782313016
hardware_session0,17728,1.0868918915883734
hardware_session0,17729,1.0517580862739486
hardware_session0,17730,0.7761151639995931
hardware_session0,17731,0.430655741841217
hardware_session0,17732,0.5890920269042458
hardware_session0,17733,1.1640343937542963
hardware_session0,17734,1.8484739571832642
hardware_session0,17735,0.6995046145175944
hardware_session0,17736,1.5290783822803002
hardware_session0,17737,1.0920943597168933
hardware_session0,17738,1.217820652338429
hardware_session0,17739,1.0308731225191086
hardware_session0,17740,1.7999041008699153
hardware_session0,17741,0.9922115957148334
hardware_session0,17742,1.4697302210461085
hardware_session0,17743,1.4084625966153468
hardware_session0,17744,0.9063614224672683
hardware_session0,17745,0.9315045530859053
hardware_session0,17746,0.9321403232033646
hardware_session0,17747,0.7822145136554345
hardware_session0,17748,0.6618949740071579
hardware_session0,17749,1.663262497284206
hardware_session0,17750,0.7650393907463134
hardware_session0,17751,0.8528431239857127
hardware_session0,17752,2.252951941404062
hardware_session0,17753,1.1576051797929074
hardware_session0,17754,0.6150808126527912
hardware_session0,17755,0.8104035878679401
hardware_session0,17756,2.645269568535411
hardware_session0,17757,0.6086236922865528
hardware_session0,17758,1.7382417380160833
hardware_session0,17759,1.7152111407166897
hardware_session0,17760,0.8610378074996803
hardware_session0,17761,0.41444747463039094
hardware_session0,17762,1.6951435791809224
hardware_session0,17763,1.3538719233074767
hardware_session0,17764,0.712401841800407
hardware_session0,17765,0.711067648376093
hardware_session0,17766,0.5822692346870038
hardware_session0,17767,1.2757325516023361
hardware_session0,17768,1.5714438264933837
hardware_session0,17769,1.0798311709360944
hardware_session0,17770,0.5844802738324035
hardware_session0,17771,0.6141441803026135
hardware_session0,17772,0.915304406897046
hardware_session0,17773,3.07105152004669
hardware_session0,17774,2.3832749336228836
hardware_session0,17775,0.7037847125150234
hardware_session0,17776,1.2342167868179645
hardware_session0,17777,1.3026200359768352
hardware_session0,17778,1.329200723812096
hardware_session0,17779,1.6204761119874698
hardware_session0,17780,2.1048558488034375
hardware_session0,17781,0.6290736773691962
hardware_session0,17782,0.6944527871848848
hardware_session0,17783,1.2700764542217513
hardware_session0,17784,0.9259650119600027
hardware_session0,17785,1.6398349659119855
hardware_session0,17786,0.7091159105530338
hardware_session0,17787,0.6401011033852299
hardware_session0,17788,0.8206187811793957
hardware_session0,17789,2.2746958719605654
hardware_session0,17790,0.665855105518606
hardware_session0,17791,0.48123974550579446
hardware_session0,17792,0.6072574296706036
hardware_session0,17793,1.4944323706835798
hardware_session0,17794,0.9021095877378597
hardware_session0,17795,3.008203199498198
hardware_session0,17796,0.6871416845618971
hardware_session0,17797,1.6885442118529044
hardware_session0,17798,0.5799464081991262
hardware_session0,17799,1.1829711174871866
hardware_session0,17800,1.2962531229403547
hardware_session0,17801,1.0588612072208805
hardware_session0,17802,2.1587053649724544
hardware_session0,17803,1.3363268276974656
hardware_session0,17804,0.9109374774890844
hardware_session0,17805,1.2518835375903508
hardware_session0,17806,0.822835299844986
hardware_session0,17807,1.709988919893003
hardware_session0,17808,0.7061149647330878
hardware_session0,17809,1.4337948751580685
hardware_session0,17810,0.5815448398120209
hardware_session0,17811,1.115018219668769
hardware_session0,17812,0.6700752119288724
hardware_session0,17813,0.9820950922890533
hardware_session0,17814,0.9898985749802708
hardware_session0,17815,2.0077080723137275
hardware_session0,17816,0.6902602317617613
hardware_session0,17817,0.6872632899945716
hardware_session0,17818,0.5351806376066653
hardware_session0,17819,1.1985966473794154
hardware_session0,17820,0.7338367744829944
hardware_session0,17821,0.6815864998835824
hardware_session0,17822,1.4497714158999524
hardware_session0,17823,1.582637525011474
hardware_session0,17824,0.713740190327492
hardware_session0,17825,1.3307066544579615
hardware_session0,17826,0.8045145824736393
hardware_session0,17827,0.9228371280902061
hardware_session0,17828,0.975456592397832
hardware_session0,17829,1.060000498569855
hardware_session0,17830,1.4705594556699868
hardware_session0,17831,1.1720246561175893
hardware_session0,17832,1.3674855773520387
hardware_session0,17833,1.3936563360950602
hardware_session0,17834,1.5135570609891786
hardware_session0,17835,0.7966971410309212
hardware_session0,17836,1.2518781715622198
hardware_session0,17837,0.4891533959190169
hardware_session0,17838,0.91605746109671
hardware_session0,17839,0.34276965988080954
hardware_session0,17840,1.760736911015686
hardware_session0,17841,0.6508152296157304
hardware_session0,17842,0.8019196032169211
hardware_session0,17843,1.4703590846336065
hardware_session0,17844,0.4028870908361359
hardware_session0,17845,0.6234236521970586
hardware_session0,17846,1.0557804902256276
hardware_session0,17847,0.6483041139068217
hardware_session0,17848,0.7607936201323457
hardware_session0,17849,1.3097588554808903
hardware_session0,17850,0.875442592196197
hardware_session0,17851,0.4104763294066174
hardware_session0,17852,0.9091038143271791
hardware_session0,17853,1.735769235158371
hardware_session0,17854,0.5598603721225591
hardware_session0,17855,1.5544085992813408
hardware_session0,17856,1.3889824405731226
hardware_session0,17857,1.0353840297833825
hardware_session0,17858,1.238702712765841
hardware_session0,17859,0.7624416922670689
hardware_session0,17860,0.9960719320890143
hardware_session0,17861,0.6703745004573531
hardware_session0,17862,2.0275633842477627
hardware_session0,17863,1.3144816902316727
hardware_session0,17864,0.821754211434211
hardware_session0,17865,0.716442293267081
hardware_session0,17866,1.6278671043175799
hardware_session0,17867,1.114755262323621
hardware_session0,17868,1.7670958277516642
hardware_session0,17869,1.7035157353720296
hardware_session0,17870,2.179465440211084
hardware_session0,17871,1.3492235141028752
hardware_session0,17872,1.6213571554222506
hardware_session0,17873,1.5073501733689756
hardware_session0,17874,0.7088702917109879
hardware_session0,17875,1.2207149529668353
hardware_session0,17876,3.5344988453593964
hardware_session0,17877,0.7298959154483645
hardware_session0,17878,0.9416992776428524
hardware_session0,17879,1.701579719140702
hardware_session0,17880,1.9320290631816521
hardware_session0,17881,1.3803576330428873
hardware_session0,17882,1.1945529461061468
hardware_session0,17883,1.1944032227307155
hardware_session0,17884,0.8202703955648778
hardware_session0,17885,0.7420452658265465
hardware_session0,17886,1.0246762757008183
hardware_session0,17887,1.4257860520697185
hardware_session0,17888,1.7932980045198863
hardware_session0,17889,1.3599718089705009
hardware_session0,17890,0.9520097528550764
hardware_session0,17891,2.4338707263630432
hardware_session0,17892,0.6426387107266001
hardware_session0,17893,0.7947328244641627
hardware_session0,17894,2.5748693299500727
hardware_session0,17895,0.5897397317973317
hardware_session0,17896,1.0370596019069178
hardware_session0,17897,1.628607940602489
hardware_session0,17898,1.6121549003411395
hardware_session0,17899,0.5864459444628496
hardware_session0,17900,0.8274337379951536
hardware_session0,17901,0.5250312563161842
hardware_session0,17902,0.7670776478249
hardware_session0,17903,0.42431989765655953
hardware_session0,17904,1.6456566221467201
hardware_session0,17905,1.686394249994774
hardware_session0,17906,1.574723006956984
hardware_session0,17907,0.7920278690458598
hardware_session0,17908,2.92292441994691
hardware_session0,17909,1.3693843297481916
hardware_session0,17910,0.584763102891849
hardware_session0,17911,0.3813286309493797
hardware_session0,17912,1.4103228967661674
hardware_session0,17913,0.7282843696950981
hardware_session0,17914,1.390273851765211
hardware_session0,17915,0.7884280134788254
hardware_session0,17916,1.4074008052813471
hardware_session0,17917,0.8067793725813879
hardware_session0,17918,1.2946296168275782
hardware_session0,17919,2.418332203590918
hardware_session0,17920,0.960121844805608
hardware_session0,17921,0.7735437823889406
hardware_session0,17922,0.9907548122275549
hardware_session0,17923,1.0861393538043886
hardware_session0,17924,1.2688772547445142
hardware_session0,17925,1.072622562671658
hardware_session0,17926,0.8061692262166583
hardware_session0,17927,0.6209548311589781
hardware_session0,17928,1.02958290811035
hardware_session0,17929,0.8018038103356522
hardware_session0,17930,1.561050655464471
hardware_session0,17931,1.7357220338317523
hardware_session0,17932,1.7566086789598254
hardware_session0,17933,0.8920313944200576
hardware_session0,17934,1.4016536332067324
hardware_session0,17935,0.90479517202594
hardware_session0,17936,0.9327569079998699
hardware_session0,17937,1.3917011181366676
hardware_session0,17938,0.39843370536266404
hardware_session0,17939,0.5037094665986489
hardware_session0,17940,1.205180671735427
hardware_session0,17941,0.7143994996743236
hardware_session0,17942,1.0356519767518073
hardware_session0,17943,1.6229732436452922
hardware_session0,17944,0.9742313351793163
hardware_session0,17945,0.6853590514825364
hardware_session0,17946,0.8424656937064664
hardware_session0,17947,0.8856647526754853
hardware_session0,17948,1.8276397213001527
hardware_session0,17949,1.690779393062934
hardware_session0,17950,0.5727333056517101
hardware_session0,17951,1.4886974947278675
hardware_session0,17952,0.5251828296567832
hardware_session0,17953,1.9219034231375283
hardware_session0,17954,0.6889301641419445
hardware_session0,17955,0.5039733642058112
hardware_session0,17956,0.519349735482682
hardware_session0,17957,1.8634064418337317
hardware_session0,17958,1.0264417540738666
hardware_session0,17959,0.6356839422681838
hardware_session0,17960,1.561654211060103
hardware_session0,17961,1.2655584073364052
hardware_session0,17962,1.0642861141047133
hardware_session0,17963,0.8725996036730256
hardware_session0,17964,0.8790078417482275
hardware_session0,17965,1.0673943338780794
hardware_session0,17966,0.86603956440934
hardware_session0,17967,0.6033840621034434
hardware_session0,17968,1.7132293596819095
hardware_session0,17969,0.7659440720185647
hardware_session0,17970,1.310375625895244
hardware_session0,17971,1.4036642610587176
hardware_session0,17972,0.7599072747078103
hardware_session0,17973,0.5760509103515895
hardware_session0,17974,1.6504432015719703
hardware_session0,17975,1.8412258797101497
hardware_session0,17976,1.032888601116071
hardware_session0,17977,0.3470281668223686
hardware_session0,17978,1.328580799985084
hardware_session0,17979,0.7812589023987458
hardware_session0,17980,1.2047392390009453
hardware_session0,17981,0.645888828434482
hardware_session0,17982,1.0766981163600977
hardware_session0,17983,1.7904175779351033
hardware_session0,17984,1.642960365188816
hardware_session0,17985,1.1965605477897476
hardware_session0,17986,0.7516668056539466
hardware_session0,17987,0.6169173958716969
hardware_session0,17988,0.6787866472124492
hardware_session0,17989,0.607579776556208
hardware_session0,17990,1.0250850324433936
hardware_session0,17991,3.381322261952005
hardware_session0,17992,1.1247258212837252
hardware_session0,17993,0.6107753407061912
hardware_session0,17994,0.46264046023662536
hardware_session0,17995,1.4160060869202655
hardware_session0,17996,1.1962055028972172
hardware_session0,17997,0.634135277930959
hardware_session0,17998,0.8899617021887235
hardware_session0,17999,1.2646761977455099
hardware_session0,18000,1.5848160078017293
hardware_session0,18001,1.3460570596019144
hardware_session0,18002,1.4983624743752437
hardware_session0,18003,1.3878457940133397
hardware_session0,18004,1.591438991180552
hardware_session0,18005,0.9138154978581579
hardware_session0,18006,1.5790118357617517
hardware_session0,18007,0.8147441090499563
hardware_session0,18008,2.111515487145876
hardware_session0,18009,0.9442999640522953
hardware_session0,18010,1.5324136651655602
hardware_session0,18011,1.6563446878593981
hardware_session0,18012,1.1236509011338687
hardware_session0,18013,1.3885748491999703
hardware_session0,18014,0.7958197293463212
hardware_session0,18015,1.5696130733251865
hardware_session0,18016,0.5591119861260684
hardware_session0,18017,1.0593998932415651
hardware_session0,18018,0.7895292093717353
hardware_session0,18019,0.572203466165993
hardware_session0,18020,0.4633340946147793
hardware_session0,18021,1.6811421528628985
hardware_session0,18022,0.6076146894025959
hardware_session0,18023,0.4533593791494195
hardware_session0,18024,1.0286964930838416
hardware_session0,18025,0.5365199196632292
hardware_session0,18026,0.5209595935171679
hardware_session0,18027,0.9181594490100723
hardware_session0,18028,0.7316112475486745
hardware_session0,18029,0.47725558711263544
hardware_session0,18030,0.5973629658319961
hardware_session0,18031,0.9605327743908229
hardware_session0,18032,0.778065594604615
hardware_session0,18033,0.8585196370374598
hardware_session0,18034,1.4135972456059462
hardware_session0,18035,2.506249486174629
hardware_session0,18036,0.6048194216452523
hardware_session0,18037,1.3714635508989386
hardware_session0,18038,0.8757057625375221
hardware_session0,18039,0.6344060794362588
hardware_session0,18040,0.7779629414044387
hardware_session0,18041,1.0135078929814365
hardware_session0,18042,1.7896624373631869
hardware_session0,18043,1.0478729290536186
hardware_session0,18044,1.1255295232258833
hardware_session0,18045,1.850056657940428
hardware_session0,18046,0.8041476219325512
hardware_session0,18047,1.9591774161807092
hardware_session0,18048,0.9023021926287674
hardware_session0,18049,1.828638332344724
hardware_session0,18050,1.4721749191328855
hardware_session0,18051,1.8053510569702702
hardware_session0,18052,0.7096739661337728
hardware_session0,18053,2.18343341008889
hardware_session0,18054,1.3936223090751918
hardware_session0,18055,1.7434043862907065
hardware_session0,18056,0.594070882806028
hardware_session0,18057,1.5067592037028055
hardware_session0,18058,1.0491074710612285
hardware_session0,18059,1.056890106382483
hardware_session0,18060,0.8987877173474179
hardware_session0,18061,1.5135279954804663
hardware_session0,18062,1.0939141756341029
hardware_session0,18063,1.3506038622402927
hardware_session0,18064,0.47224787098042653
hardware_session0,18065,1.769180342494397
hardware_session0,18066,0.5679074065302852
hardware_session0,18067,1.8299273420884485
hardware_session0,18068,1.0573025980239241
hardware_session0,18069,0.6562935203983983
hardware_session0,18070,1.1801913898926562
hardware_session0,18071,0.5672088722424445
hardware_session0,18072,0.47006938425373185
hardware_session0,18073,1.0927047551783222
hardware_session0,18074,1.153770865914397
hardware_session0,18075,0.8059049478716127
hardware_session0,18076,1.5200795560909304
hardware_session0,18077,2.0801201475057223
hardware_session0,18078,1.5397258733868324
hardware_session0,18079,0.9408883385275435
hardware_session0,18080,1.5595716932351396
hardware_session0,18081,2.2558908279377228
hardware_session0,18082,0.6255850327138803
hardware_session0,18083,0.5668959629827607
hardware_session0,18084,1.632389052736602
hardware_session0,18085,0.4938112159691151
hardware_session0,18086,1.810520627729612
hardware_session0,18087,1.0514562110956225
hardware_session0,18088,1.850930905797599
hardware_session0,18089,0.6942686038893896
hardware_session0,18090,0.7781436478173838
hardware_session0,18091,0.9784983610551314
hardware_session0,18092,1.6491990165797936
hardware_session0,18093,0.4495038713932606
hardware_session0,18094,0.5550298166749376
hardware_session0,18095,0.6497923061585759
hardware_session0,18096,0.9921665497485925
hardware_session0,18097,1.3874166038410216
hardware_session0,18098,0.41468437598199587
hardware_session0,18099,1.28037626605305
hardware_session0,18100,0.6566713539564896
hardware_session0,18101,0.6111671358067441
hardware_session0,18102,0.9583433158193964
hardware_session0,18103,0.5073783042930755
hardware_session0,18104,0.9357671209194508
hardware_session0,18105,1.9499204777986
hardware_session0,18106,1.359596244532419
hardware_session0,18107,0.7120202991142366
hardware_session0,18108,1.80925299771765
hardware_session0,18109,1.14538263597014
hardware_session0,18110,0.6968358644246044
hardware_session0,18111,1.3635389832637745
hardware_session0,18112,0.6802011372759865
hardware_session0,18113,0.7313628625683686
hardware_session0,18114,1.2595021351158886
hardware_session0,18115,1.3035292433406922
hardware_session0,18116,0.6749514741489895
hardware_session0,18117,0.8270690994547302
hardware_session0,18118,1.7347462975606498
hardware_session0,18119,1.259315248098968
hardware_session0,18120,1.532747260699292
hardware_session0,18121,0.725664663988512
hardware_session0,18122,0.5920421297573248
hardware_session0,18123,0.8014780615514626
hardware_session0,18124,1.1574720925314919
hardware_session0,18125,1.0529768369695849
hardware_session0,18126,0.8626866542176335
hardware_session0,18127,1.8527669798320985
hardware_session0,18128,2.2342155004421054
hardware_session0,18129,0.5089426816518996
hardware_session0,18130,0.9909847843744413
hardware_session0,18131,0.5815391993180895
hardware_session0,18132,1.8738894852909675
hardware_session0,18133,1.7695185961521471
hardware_session0,18134,1.703043039073851
hardware_session0,18135,0.7122007655522776
hardware_session0,18136,0.6259945488769444
hardware_session0,18137,0.6519982035290637
hardware_session0,18138,1.0724133320669518
hardware_session0,18139,1.1802983722483762
hardware_session0,18140,0.8680809226687904
hardware_session0,18141,0.7790027757848524
hardware_session0,18142,1.1177144053551316
hardware_session0,18143,1.4521155458791561
hardware_session0,18144,1.2221863611938484
hardware_session0,18145,1.2882950948674863
hardware_session0,18146,1.1595570145470029
hardware_session0,18147,1.272919236250734
hardware_session0,18148,0.6183324113069003
hardware_session0,18149,1.2607936297742603
hardware_session0,18150,0.6049449488012668
hardware_session0,18151,0.8151528785369652
hardware_session0,18152,1.7406114716703431
hardware_session0,18153,0.8402759000749556
hardware_session0,18154,0.5325665577381966
hardware_session0,18155,0.741560744666875
hardware_session0,18156,0.9910408586378854
hardware_session0,18157,0.770963099748244
hardware_session0,18158,1.7026117984151448
hardware_session0,18159,1.2133511808552
hardware_session0,18160,0.5582916613890161
hardware_session0,18161,0.8497294168625742
hardware_session0,18162,0.7913147630307823
hardware_session0,18163,0.9398443407236722
hardware_session0,18164,2.046687882101628
hardware_session0,18165,0.8508470537887713
hardware_session0,18166,1.5867942555882486
hardware_session0,18167,0.8569832874736076
hardware_session0,18168,1.5198739020798133
hardware_session0,18169,1.1823138572638507
hardware_session0,18170,1.087318573126971
hardware_session0,18171,0.8281536398622703
hardware_session0,18172,1.2273216506435773
hardware_session0,18173,1.6012370545736052
hardware_session0,18174,1.1930473241941095
hardware_session0,18175,1.1969740385723115
hardware_session0,18176,0.871135547901002
hardware_session0,18177,1.0692252617080729
hardware_session0,18178,2.2672648055366174
hardware_session0,18179,0.8030024386423209
hardware_session0,18180,1.1966173091854395
hardware_session0,18181,0.591693968281085
hardware_session0,18182,0.6223817981397668
hardware_session0,18183,1.3788081649586719
hardware_session0,18184,0.9788172469563736
hardware_session0,18185,2.4535354352525722
hardware_session0,18186,1.9028714533207665
hardware_session0,18187,1.1930298700888418
hardware_session0,18188,1.3830574710906112
hardware_session0,18189,0.5769153926438936
hardware_session0,18190,0.5489710499542088
hardware_session0,18191,0.5316532437502293
hardware_session0,18192,1.0986757781203722
hardware_session0,18193,0.7820629330356631
hardware_session0,18194,1.0278412342378231
hardware_session0,18195,0.8939664960290364
hardware_session0,18196,0.4728927058145614
hardware_session0,18197,1.4997310745407464
hardware_session0,18198,1.584271820495217
hardware_session0,18199,2.6981705267688008
hardware_session0,18200,0.9608389976527794
hardware_session0,18201,1.2169098132631007
hardware_session0,18202,0.6638595086764028
hardware_session0,18203,0.9438335181865825
hardware_session0,18204,1.4352532275976353
hardware_session0,18205,0.9067417321713274
hardware_session0,18206,0.7894521112987322
hardware_session0,18207,0.9781893593538866
hardware_session0,18208,0.6528553311198805
hardware_session0,18209,1.2671965225770734
hardware_session0,18210,0.6417349734208438
hardware_session0,18211,0.7089180435403961
hardware_session0,18212,0.917779683638715
hardware_session0,18213,0.6418871734146065
hardware_session0,18214,1.1178679370940594
hardware_session0,18215,0.6708586602530371
hardware_session0,18216,1.1372036195476243
hardware_session0,18217,0.5452286469893739
hardware_session0,18218,0.6073381136223754
hardware_session0,18219,0.6850398689156367
hardware_session0,18220,0.72694942658639
hardware_session0,18221,1.1539974755574973
hardware_session0,18222,1.7680569740183276
hardware_session0,18223,1.6921691019658156
hardware_session0,18224,2.299982198392287
hardware_session0,18225,0.9342264813490292
hardware_session0,18226,0.6035522383643204
hardware_session0,18227,0.5334631268120148
hardware_session0,18228,0.7773255674507933
hardware_session0,18229,1.5630789809061991
hardware_session0,18230,1.3858192946697945
hardware_session0,18231,0.8863848727008298
hardware_session0,18232,1.1372915841687055
hardware_session0,18233,1.0007617632806982
hardware_session0,18234,0.6512865534169536
hardware_session0,18235,1.55336752426352
hardware_session0,18236,0.8866040918568715
hardware_session0,18237,0.9660970595755215
hardware_session0,18238,0.9065232347171741
hardware_session0,18239,1.3897741937588655
hardware_session0,18240,0.43172892916089656
hardware_session0,18241,1.9707676665562575
hardware_session0,18242,1.2301885616614954
hardware_session0,18243,0.9132229319649556
hardware_session0,18244,0.9491071826752331
hardware_session0,18245,1.4706005928921155
hardware_session0,18246,0.9131337249002958
hardware_session0,18247,0.645503141877459
hardware_session0,18248,0.968285056563985
hardware_session0,18249,0.46656253437258977
hardware_session0,18250,1.7724713359429656
hardware_session0,18251,2.2756567830134764
hardware_session0,18252,0.6306986042468229
hardware_session0,18253,0.9763671270715883
hardware_session0,18254,1.0658605145667275
hardware_session0,18255,1.0011012694084926
hardware_session0,18256,0.8258078431561265
hardware_session0,18257,0.8097967118262287
hardware_session0,18258,0.7637078469377567
hardware_session0,18259,0.9915736245990804
hardware_session0,18260,1.7941227267864943
hardware_session0,18261,1.3624486898700006
hardware_session0,18262,1.2964605388204657
hardware_session0,18263,0.8843552301201726
hardware_session0,18264,1.372094098278744
hardware_session0,18265,0.8289639095737278
hardware_session0,18266,1.6319043712854495
hardware_session0,18267,1.6676934293549632
hardware_session0,18268,0.5202871769394984
hardware_session0,18269,0.6511245387631369
hardware_session0,18270,2.268550043056459
hardware_session0,18271,1.5550720267401374
hardware_session0,18272,1.239001296471594
hardware_session0,18273,1.4991641933076771
hardware_session0,18274,0.7956070998362678
hardware_session0,18275,0.4951798499046089
hardware_session0,18276,0.814729261801754
hardware_session0,18277,1.178475153729295
hardware_session0,18278,1.0140381139201913
hardware_session0,18279,0.8642261798442513
hardware_session0,18280,0.7547211475273785
hardware_session0,18281,0.8666928824047223
hardware_session0,18282,0.928088560836698
hardware_session0,18283,0.7897325027151119
hardware_session0,18284,0.7965225577173312
hardware_session0,18285,1.407875813616303
hardware_session0,18286,2.483525851860767
hardware_session0,18287,0.5885926116472413
hardware_session0,18288,1.4194571511549687
hardware_session0,18289,1.4536059897746034
hardware_session0,18290,1.0481735841285065
hardware_session0,18291,1.2806357072647738
hardware_session0,18292,1.0141201758440404
hardware_session0,18293,0.46855451702111434
hardware_session0,18294,1.288221499672416
hardware_session0,18295,1.3463617267045818
hardware_session0,18296,1.364873955926334
hardware_session0,18297,1.7878305462591786
hardware_session0,18298,0.5622130236105094
hardware_session0,18299,1.6189319721919355
hardware_session0,18300,0.6439394794556808
hardware_session0,18301,0.6985051634590876
hardware_session0,18302,0.6551825522902863
hardware_session0,18303,1.5077811913598191
hardware_session0,18304,0.5482971100129773
hardware_session0,18305,1.2074375264794954
hardware_session0,18306,1.163671828080334
hardware_session0,18307,1.0221897036669563
hardware_session0,18308,0.6497704807573942
hardware_session0,18309,1.641839470284551
hardware_session0,18310,1.253177208757653
hardware_session0,18311,1.2745854445340359
hardware_session0,18312,1.0913464090142466
hardware_session0,18313,1.7768886176494483
hardware_session0,18314,0.6342013370915874
hardware_session0,18315,1.6870740848522794
hardware_session0,18316,0.5764088664312567
hardware_session0,18317,1.2106327851372871
hardware_session0,18318,1.2631118034096327
hardware_session0,18319,0.6121487741369227
hardware_session0,18320,1.7683064141485394
hardware_session0,18321,0.572267522475826
hardware_session0,18322,1.64666103392759
hardware_session0,18323,0.8249352939860073
hardware_session0,18324,1.6887525312493499
hardware_session0,18325,0.49063582198835415
hardware_session0,18326,0.5966527726529124
hardware_session0,18327,1.0313188629022054
hardware_session0,18328,0.5597254288859481
hardware_session0,18329,0.7849013154139298
hardware_session0,18330,1.2043682207401316
hardware_session0,18331,1.0451743770080988
hardware_session0,18332,0.9134244166864702
hardware_session0,18333,1.0234784686042628
hardware_session0,18334,0.8874807661191987
hardware_session0,18335,1.0079423741249447
hardware_session0,18336,0.9010164334389928
hardware_session0,18337,1.5461604772063526
hardware_session0,18338,1.6489090135092037
hardware_session0,18339,1.4228494825913383
hardware_session0,18340,1.441892754463913
hardware_session0,18341,0.5777860431840685
hardware_session0,18342,1.531106886428685
hardware_session0,18343,1.0862205170032546
hardware_session0,18344,2.0994736227987945
hardware_session0,18345,0.7757212299443614
hardware_session0,18346,2.7123984742583196
hardware_session0,18347,0.8184150040327821
hardware_session0,18348,0.7752852417238253
hardware_session0,18349,1.1376895660820363
hardware_session0,18350,1.3425604791555121
hardware_session0,18351,0.6200973863489001
hardware_session0,18352,0.5750969393265164
hardware_session0,18353,0.7044137076054312
hardware_session0,18354,1.1801042550382839
hardware_session0,18355,1.2727277435304296
hardware_session0,18356,0.9808721003904932
hardware_session0,18357,1.593520085051747
hardware_session0,18358,0.8613701290641372
hardware_session0,18359,0.7492866855212482
hardware_session0,18360,0.7015692538870416
hardware_session0,18361,0.8946605631175124
hardware_session0,18362,0.9931248714737924
hardware_session0,18363,2.833444272847737
hardware_session0,18364,1.481739750018285
hardware_session0,18365,0.6811647685668143
hardware_session0,18366,1.7539307441989862
hardware_session0,18367,0.558340403350531
hardware_session0,18368,2.918166817004683
hardware_session0,18369,2.5551280424267353
hardware_session0,18370,0.7316096558543935
hardware_session0,18371,0.9170653002723101
hardware_session0,18372,1.5351735765533434
hardware_session0,18373,1.487955922494893
hardware_session0,18374,0.7929844452174014
hardware_session0,18375,0.7960291053046248
hardware_session0,18376,0.5744487921249002
hardware_session0,18377,1.5133219556818576
hardware_session0,18378,0.9690622213277567
hardware_session0,18379,2.2150926628945684
hardware_session0,18380,0.7560240342552353
hardware_session0,18381,1.3980017233207134
hardware_session0,18382,0.48836179680536435
hardware_session0,18383,1.3273326797090126
hardware_session0,18384,0.6086357185807039
hardware_session0,18385,0.5389877256742268
hardware_session0,18386,0.8458467002819191
hardware_session0,18387,0.5936836285171762
hardware_session0,18388,1.6106178903515977
hardware_session0,18389,1.373444829736267
hardware_session0,18390,1.0557419520774123
hardware_session0,18391,0.6251849914482238
hardware_session0,18392,1.2478291150885275
hardware_session0,18393,1.4139966399635309
hardware_session0,18394,0.624334721029693
hardware_session0,18395,0.6460159585241988
hardware_session0,18396,1.1940505594841195
hardware_session0,18397,1.2678270853428373
hardware_session0,18398,1.3515908368734788
hardware_session0,18399,1.6770468648858323
hardware_session0,18400,0.6452465808067751
hardware_session0,18401,0.6614128757113028
hardware_session0,18402,0.7119600223538501
hardware_session0,18403,0.9095163625219516
hardware_session0,18404,1.1612996692747335
hardware_session0,18405,0.9588535202215552
hardware_session0,18406,1.4967963484937719
hardware_session0,18407,1.1374606288015465
hardware_session0,18408,1.3790670702158434
hardware_session0,18409,1.2965126221956438
hardware_session0,18410,0.7997640442554662
hardware_session0,18411,0.6333091918408922
hardware_session0,18412,1.0123244895645847
hardware_session0,18413,0.7600373693769956
hardware_session0,18414,1.4253652421095286
hardware_session0,18415,1.7417202261276574
hardware_session0,18416,1.7654968760575651
hardware_session0,18417,0.7424252755719762
hardware_session0,18418,0.8903854293598074
hardware_session0,18419,0.3719205271787918
hardware_session0,18420,0.9713044652367278
hardware_session0,18421,1.0708379663008536
hardware_session0,18422,0.8260989473181887
hardware_session0,18423,1.6274866469142988
hardware_session0,18424,0.8219962508276294
hardware_session0,18425,2.6619339537300832
hardware_session0,18426,0.7249269527963519
hardware_session0,18427,1.2557375651910245
hardware_session0,18428,0.8162012771680132
hardware_session0,18429,1.9594122311412154
hardware_session0,18430,1.1585808343494552
hardware_session0,18431,0.5137092869089503
hardware_session0,18432,0.9423124291056448
hardware_session0,18433,0.7006807284685878
hardware_session0,18434,0.499282278441554
hardware_session0,18435,0.8309078231333016
hardware_session0,18436,0.9689920068406616
hardware_session0,18437,0.39650287877586277
hardware_session0,18438,1.2000970514040021
hardware_session0,18439,1.4958752089932834
hardware_session0,18440,0.7810472926054426
hardware_session0,18441,0.7427783423188195
hardware_session0,18442,1.5766375522397562
hardware_session0,18443,0.4302373380695358
hardware_session0,18444,1.2224109963692809
hardware_session0,18445,0.7947896598220736
hardware_session0,18446,2.1566208368176603
hardware_session0,18447,0.9281840530033482
hardware_session0,18448,1.2215146928209208
hardware_session0,18449,0.9196274134320016
hardware_session0,18450,1.259546906755307
hardware_session0,18451,1.2647334147328366
hardware_session0,18452,0.5969955681760531
hardware_session0,18453,1.3121246790211316
hardware_session0,18454,1.3432385130911175
hardware_session0,18455,1.3039594067316804
hardware_session0,18456,1.3572002475717053
hardware_session0,18457,1.4142917005150555
hardware_session0,18458,0.672970560078678
hardware_session0,18459,0.6346295675795006
hardware_session0,18460,0.8534811470952898
hardware_session0,18461,1.2668828662682508
hardware_session0,18462,0.8435987860172364
hardware_session0,18463,0.7665151313141676
hardware_session0,18464,1.222991497275592
hardware_session0,18465,0.8695647591379195
hardware_session0,18466,2.5025371694989187
hardware_session0,18467,0.6812527264136159
hardware_session0,18468,0.8690996366511036
hardware_session0,18469,1.5138652345485872
hardware_session0,18470,0.9089641509916677
hardware_session0,18471,0.2872507456990312
hardware_session0,18472,0.6507697704868668
hardware_session0,18473,1.4556838125327387
hardware_session0,18474,2.393651448442629
hardware_session0,18475,0.706915694124136
hardware_session0,18476,0.5922339290718184
hardware_session0,18477,0.9435193312531925
hardware_session0,18478,1.7745028209588178
hardware_session0,18479,1.7966217510265148
hardware_session0,18480,1.0229458206859359
hardware_session0,18481,0.6071382511415444
hardware_session0,18482,2.0097920684056
hardware_session0,18483,0.5707404744380924
hardware_session0,18484,1.8379398828270115
hardware_session0,18485,0.6455259195246098
hardware_session0,18486,1.2571495671528028
hardware_session0,18487,1.38294102077822
hardware_session0,18488,1.57317543418675
hardware_session0,18489,0.7921428964618069
hardware_session0,18490,0.7574748174430849
hardware_session0,18491,0.6150557561148735
hardware_session0,18492,1.1300735374210706
hardware_session0,18493,0.7896180671904982
hardware_session0,18494,1.3705179065496689
hardware_session0,18495,1.873906681769645
hardware_session0,18496,0.4151645950988057
hardware_session0,18497,1.0178728518555598
hardware_session0,18498,1.0019396663519737
hardware_session0,18499,1.9434881265555708
hardware_session0,18500,0.7218178640846046
hardware_session0,18501,0.8277939351115212
hardware_session0,18502,0.973649805879953
hardware_session0,18503,1.434828376474798
hardware_session0,18504,1.4293561367577614
hardware_session0,18505,1.410145590379334
hardware_session0,18506,0.6518623935541061
hardware_session0,18507,0.9247912994928904
hardware_session0,18508,0.5621042767688655
hardware_session0,18509,1.5723559378140168
hardware_session0,18510,0.8298695043026558
hardware_session0,18511,1.4063271639546424
hardware_session0,18512,1.1166220793512946
hardware_session0,18513,1.4386943066849507
hardware_session0,18514,1.643700186067384
hardware_session0,18515,1.1186452182115065
hardware_session0,18516,0.5109011875589846
hardware_session0,18517,1.006933696444863
hardware_session0,18518,1.133386871534331
hardware_session0,18519,2.336085333783395
hardware_session0,18520,1.0268085374698228
hardware_session0,18521,0.5920094374018088
hardware_session0,18522,0.9181780833996941
hardware_session0,18523,0.6356719382192002
hardware_session0,18524,0.7427045796861174
hardware_session0,18525,0.6894635035414578
hardware_session0,18526,1.7784972218214365
hardware_session0,18527,0.8007907959882986
hardware_session0,18528,0.9348837781738191
hardware_session0,18529,0.49544667175007817
hardware_session0,18530,0.9362608005614689
hardware_session0,18531,0.7521163076221814
hardware_session0,18532,1.0704061179815285
hardware_session0,18533,1.3607687059307234
hardware_session0,18534,0.7779652277480701
hardware_session0,18535,1.7397892517264317
hardware_session0,18536,0.797798410833429
hardware_session0,18537,1.7449872512410136
hardware_session0,18538,1.542549162615228
hardware_session0,18539,0.5764070690807469
hardware_session0,18540,1.1727348388057133
hardware_session0,18541,0.9343879794759401
hardware_session0,18542,0.8501739438062508
hardware_session0,18543,0.7855447702127629
hardware_session0,18544,1.168088315839379
hardware_session0,18545,1.1518383794309464
hardware_session0,18546,1.2344191228002495
hardware_session0,18547,1.826138999818871
hardware_session0,18548,0.6356046078567009
hardware_session0,18549,1.382194455280841
hardware_session0,18550,2.4946323635099015
hardware_session0,18551,0.8654361965926339
hardware_session0,18552,0.9061983701267315
hardware_session0,18553,0.5141117256093513
hardware_session0,18554,0.381961689525289
hardware_session0,18555,0.7514306575580376
hardware_session0,18556,0.5241439901882722
hardware_session0,18557,0.6713749026376579
hardware_session0,18558,1.0360698680055154
hardware_session0,18559,1.860771190744414
hardware_session0,18560,1.0314671774026936
hardware_session0,18561,0.8792349013221445
hardware_session0,18562,0.6675298623998528
hardware_session0,18563,1.3700026071987412
hardware_session0,18564,0.7546900247272309
hardware_session0,18565,1.0949135724403187
hardware_session0,18566,1.08255484479128
hardware_session0,18567,0.7729402118566215
hardware_session0,18568,0.8783350172053559
hardware_session0,18569,0.4415844436208671
hardware_session0,18570,1.586250504625039
hardware_session0,18571,1.6812176299841197
hardware_session0,18572,2.043333941328749
hardware_session0,18573,0.6046460143049563
hardware_session0,18574,0.7600154380540772
hardware_session0,18575,0.8014888506445791
hardware_session0,18576,1.452869236410255
hardware_session0,18577,0.8095497820197453
hardware_session0,18578,0.8801130349527542
hardware_session0,18579,1.0750758812063024
hardware_session0,18580,0.9167167603905904
hardware_session0,18581,1.1029922998682156
hardware_session0,18582,1.9388184122871575
hardware_session0,18583,0.792742547655745
hardware_session0,18584,0.5082807570326644
hardware_session0,18585,2.341869111742316
hardware_session0,18586,0.9657414801261001
hardware_session0,18587,1.5866482053981774
hardware_session0,18588,1.7543310874656968
hardware_session0,18589,0.7797539408862141
hardware_session0,18590,1.4526451366132422
hardware_session0,18591,1.3552203533633471
hardware_session0,18592,0.6971092506603911
hardware_session0,18593,0.8927774566483132
hardware_session0,18594,1.8491605391646684
hardware_session0,18595,0.8331645284743439
hardware_session0,18596,1.6744913625561582
hardware_session0,18597,0.5467273006685194
hardware_session0,18598,0.9216436236644905
hardware_session0,18599,1.3396414244759884
hardware_session0,18600,1.8618634809456847
hardware_session0,18601,1.0137504027232476
hardware_session0,18602,0.9660176079555214
hardware_session0,18603,1.3380123387156433
hardware_session0,18604,1.7857162985072264
hardware_session0,18605,1.3884525629191653
hardware_session0,18606,1.5905442599833854
hardware_session0,18607,0.7028390970904337
hardware_session0,18608,0.9191986457776361
hardware_session0,18609,1.0806658610865099
hardware_session0,18610,1.2358888364011185
hardware_session0,18611,0.7447486339525393
hardware_session0,18612,1.7819628368604863
hardware_session0,18613,0.8372555893944057
hardware_session0,18614,0.7181189920122226
hardware_session0,18615,1.0782713727286433
hardware_session0,18616,0.5441364066069532
hardware_session0,18617,1.4320858069895674
hardware_session0,18618,1.3523040348152866
hardware_session0,18619,0.6212667811334756
hardware_session0,18620,0.777490686728797
hardware_session0,18621,1.8344214283677631
hardware_session0,18622,1.7752446239283652
hardware_session0,18623,0.49608368405266207
hardware_session0,18624,0.7772768921413649
hardware_session0,18625,1.7180725575112148
hardware_session0,18626,1.1132112070707416
hardware_session0,18627,0.60047955503434
hardware_session0,18628,1.1725370590496547
hardware_session0,18629,1.1945179769808765
hardware_session0,18630,0.8960475577976011
hardware_session0,18631,0.7644998548737123
hardware_session0,18632,0.6983723643882627
hardware_session0,18633,0.7059467822339844
hardware_session0,18634,1.4180221795013659
hardware_session0,18635,0.9396980644947845
hardware_session0,18636,0.9418652477357787
hardware_session0,18637,0.9448534724038228
hardware_session0,18638,1.2470579525524086
hardware_session0,18639,1.768965541982184
hardware_session0,18640,1.0187234940441507
hardware_session0,18641,0.4447258516217887
hardware_session0,18642,0.6803238563405474
hardware_session0,18643,0.6458214263237901
hardware_session0,18644,0.8837718623209138
hardware_session0,18645,0.5885324035492863
hardware_session0,18646,1.5293459789231583
hardware_session0,18647,1.412314779905785
hardware_session0,18648,0.4866724786268698
hardware_session0,18649,1.0328263712363928
hardware_session0,18650,1.4462804612659028
hardware_session0,18651,0.3170310157831656
hardware_session0,18652,1.1010177937801393
hardware_session0,18653,0.9980422853059656
hardware_session0,18654,0.6867040139284943
hardware_session0,18655,0.8737491954151053
hardware_session0,18656,1.109338407185864
hardware_session0,18657,1.0098788744461589
hardware_session0,18658,0.5665787480702387
hardware_session0,18659,0.46187221803703915
hardware_session0,18660,1.0641987222782279
hardware_session0,18661,0.5747883927083617
hardware_session0,18662,0.8018188985655345
hardware_session0,18663,1.556090344816272
hardware_session0,18664,1.5909561510240207
hardware_session0,18665,0.9611565949783506
hardware_session0,18666,0.6220942602189506
hardware_session0,18667,0.5403323565242106
hardware_session0,18668,0.8121343784688848
hardware_session0,18669,1.4239713044895221
hardware_session0,18670,0.7887215477623161
hardware_session0,18671,0.9854956996410411
hardware_session0,18672,2.800169850969695
hardware_session0,18673,1.4028666028138577
hardware_session0,18674,0.5967326038113362
hardware_session0,18675,1.288401038003552
hardware_session0,18676,1.4402992769439034
hardware_session0,18677,1.0763676525321304
hardware_session0,18678,1.0278900726213034
hardware_session0,18679,0.5640899792278811
hardware_session0,18680,1.3124634251986949
hardware_session0,18681,0.9949107497214885
hardware_session0,18682,0.8641065351663313
hardware_session0,18683,1.1585501058904117
hardware_session0,18684,1.629176560791984
hardware_session0,18685,1.2148104535823705
hardware_session0,18686,0.44834544921467323
hardware_session0,18687,1.3665874436150836
hardware_session0,18688,0.6331301142125918
hardware_session0,18689,0.9708707411238849
hardware_session0,18690,0.576860297079964
hardware_session0,18691,1.6550969747317061
hardware_session0,18692,0.732081455312043
hardware_session0,18693,1.161355636010848
hardware_session0,18694,1.1539860508785733
hardware_session0,18695,1.2547954035817346
hardware_session0,18696,0.7613709278663354
hardware_session0,18697,0.49613593006351864
hardware_session0,18698,1.5044544663343187
hardware_session0,18699,0.7306922882795905
hardware_session0,18700,0.8321366979876715
hardware_session0,18701,1.784282199942331
hardware_session0,18702,0.6285616711223192
hardware_session0,18703,1.4659938749644537
hardware_session0,18704,1.4783224778208814
hardware_session0,18705,1.0902447756205471
hardware_session0,18706,2.3442269895654095
hardware_session0,18707,1.4611919931667137
hardware_session0,18708,1.222923791750497
hardware_session0,18709,1.4020259114309261
hardware_session0,18710,1.4432390882827695
hardware_session0,18711,1.4410560560986199
hardware_session0,18712,1.0648152676302698
hardware_session0,18713,1.316570110474656
hardware_session0,18714,0.4835424363183521
hardware_session0,18715,2.9671652771740815
hardware_session0,18716,1.5540939958127389
hardware_session0,18717,1.3026536428406816
hardware_session0,18718,0.7303275404154621
hardware_session0,18719,1.441832053899333
hardware_session0,18720,0.8224790967038803
hardware_session0,18721,0.9133306181069102
hardware_session0,18722,1.5237436946814136
hardware_session0,18723,1.6204707188082257
hardware_session0,18724,1.1315871799332886
hardware_session0,18725,0.7649555098504537
hardware_session0,18726,0.45431966749200553
hardware_session0,18727,1.2552899274335654
hardware_session0,18728,0.391206321364441
hardware_session0,18729,0.5373781089749837
hardware_session0,18730,1.7326014741087654
hardware_session0,18731,1.6914355039459865
hardware_session0,18732,0.8658093212867992
hardware_session0,18733,1.5975731615468818
hardware_session0,18734,0.9720509669208959
hardware_session0,18735,0.7088580174535779
hardware_session0,18736,1.5305257207508252
hardware_session0,18737,0.9040140877258283
hardware_session0,18738,0.5656020626991669
hardware_session0,18739,0.9068007980965243
hardware_session0,18740,1.6163753499596845
hardware_session0,18741,0.5164814499110166
hardware_session0,18742,0.8908883055954233
hardware_session0,18743,0.8509660612320616
hardware_session0,18744,0.9181788351801943
hardware_session0,18745,1.0539379190332738
hardware_session0,18746,0.7749597072256255
hardware_session0,18747,0.49096320864744064
hardware_session0,18748,1.4413385566474535
hardware_session0,18749,1.2999168884804233
hardware_session0,18750,1.9880928445920951
hardware_session0,18751,0.8078195713584393
hardware_session0,18752,0.4864181771185232
hardware_session0,18753,0.5147986165031514
hardware_session0,18754,1.5919203810565412
hardware_session0,18755,1.595831591833843
hardware_session0,18756,2.8248876536561367
hardware_session0,18757,1.3458777678747063
hardware_session0,18758,1.1584186712982059
hardware_session0,18759,1.4068429282751092
hardware_session0,18760,1.1253813773946346
hardware_session0,18761,1.581560655318172
hardware_session0,18762,0.8874711067408924
hardware_session0,18763,0.387203211216947
hardware_session0,18764,1.2183115731307084
hardware_session0,18765,1.5190278133752053
hardware_session0,18766,0.9690933649474406
hardware_session0,18767,0.8389022586040744
hardware_session0,18768,3.2062113427351786
hardware_session0,18769,0.5710030345464207
hardware_session0,18770,0.6715112206923964
hardware_session0,18771,1.1357057830595536
hardware_session0,18772,0.6063217547309373
hardware_session0,18773,0.9749628379461481
hardware_session0,18774,0.7621599450281606
hardware_session0,18775,0.5214071165494046
hardware_session0,18776,1.0901062596623738
hardware_session0,18777,0.6087245790497028
hardware_session0,18778,0.655621521421789
hardware_session0,18779,1.5930753653263807
hardware_session0,18780,0.44786931353945425
hardware_session0,18781,1.8233495854124917
hardware_session0,18782,0.6793033759478203
hardware_session0,18783,1.3280310767849273
hardware_session0,18784,0.733574005507035
hardware_session0,18785,2.461513316244108
hardware_session0,18786,1.0580981819891693
hardware_session0,18787,0.6392887599129512
hardware_session0,18788,0.5164024914050849
hardware_session0,18789,1.0112224945635706
hardware_session0,18790,2.143187384698939
hardware_session0,18791,1.410646986767516
hardware_session0,18792,2.1747084785224784
hardware_session0,18793,1.02134107944842
hardware_session0,18794,1.42246367059331
hardware_session0,18795,1.3903946658762634
hardware_session0,18796,0.5444720913979662
hardware_session0,18797,1.0373267397079224
hardware_session0,18798,1.241946139901633
hardware_session0,18799,0.8167243544244313
hardware_session0,18800,0.7596466255056532
hardware_session0,18801,1.6028417654533866
hardware_session0,18802,0.7646346143835011
hardware_session0,18803,1.3656890412222984
hardware_session0,18804,1.6058730481442902
hardware_session0,18805,0.8953268162180776
hardware_session0,18806,1.6319681529784682
hardware_session0,18807,0.8089985049604107
hardware_session0,18808,0.7417738375224983
hardware_session0,18809,1.5647971141724357
hardware_session0,18810,1.5841024659798992
hardware_session0,18811,1.386713482864614
hardware_session0,18812,0.8079440420367636
hardware_session0,18813,1.4074039763821427
hardware_session0,18814,1.0642964835479665
hardware_session0,18815,0.5988936785367914
hardware_session0,18816,1.296173828968434
hardware_session0,18817,0.7576051743720036
hardware_session0,18818,0.926821085218777
hardware_session0,18819,1.4573747623944915
hardware_session0,18820,0.4410032638031149
hardware_session0,18821,1.2292755569660938
hardware_session0,18822,0.600728866567956
hardware_session0,18823,1.1235073318469904
hardware_session0,18824,0.9057741628500741
hardware_session0,18825,1.3464434369617198
hardware_session0,18826,0.6395071324279071
hardware_session0,18827,1.3128054162072418
hardware_session0,18828,2.4850180208504606
hardware_session0,18829,0.6443768010008258
hardware_session0,18830,0.5433615317079193
hardware_session0,18831,2.198649804621436
hardware_session0,18832,0.9062839717658485
hardware_session0,18833,0.48662613943870087
hardware_session0,18834,0.6489158347639522
hardware_session0,18835,0.6095127897084753
hardware_session0,18836,1.223819391534264
hardware_session0,18837,0.889260354238907
hardware_session0,18838,1.7139782414401257
hardware_session0,18839,0.38610685413940915
hardware_session0,18840,1.718631053747168
hardware_session0,18841,0.941811104605379
hardware_session0,18842,0.5739799801903829
hardware_session0,18843,0.6916104106699784
hardware_session0,18844,0.9763255759787899
hardware_session0,18845,0.8131597614181801
hardware_session0,18846,0.8287614058870603
hardware_session0,18847,0.696391094222624
hardware_session0,18848,1.4273099490072876
hardware_session0,18849,1.0223477683850228
hardware_session0,18850,0.4881261715464703
hardware_session0,18851,2.0343179984767223
hardware_session0,18852,2.353815170678009
hardware_session0,18853,1.5906479636405157
hardware_session0,18854,1.003354224163912
hardware_session0,18855,1.6303765927825293
hardware_session0,18856,1.55721312306605
hardware_session0,18857,0.9509506428101067
hardware_session0,18858,0.5000834783265355
hardware_session0,18859,0.7125984898173446
hardware_session0,18860,0.7346411335642932
hardware_session0,18861,1.4002124824291917
hardware_session0,18862,0.817765853939941
hardware_session0,18863,0.5359961730754407
hardware_session0,18864,1.0417745989352767
hardware_session0,18865,0.42598275616222475
hardware_session0,18866,2.3090847267005414
hardware_session0,18867,0.7756284537450345
hardware_session0,18868,0.6536357909436679
hardware_session0,18869,1.1722422080280965
hardware_session0,18870,0.6209600968905397
hardware_session0,18871,0.8176308383492888
hardware_session0,18872,1.1172155262289007
hardware_session0,18873,1.3066524619420044
hardware_session0,18874,0.5058759742397383
hardware_session0,18875,1.0635468097554877
hardware_session0,18876,0.7864354344560304
hardware_session0,18877,1.4556358734701107
hardware_session0,18878,0.877355132568586
hardware_session0,18879,1.814181601120672
hardware_session0,18880,0.9955427382588037
hardware_session0,18881,1.0090207266535525
hardware_session0,18882,0.613022259208641
hardware_session0,18883,0.9852548819520838
hardware_session0,18884,1.3879346692170618
hardware_session0,18885,0.8656952943177673
hardware_session0,18886,1.4342565353173162
hardware_session0,18887,0.5824740226422213
hardware_session0,18888,1.77443180545898
hardware_session0,18889,0.7776707781894577
hardware_session0,18890,0.9004482690953016
hardware_session0,18891,1.4159202375007975
hardware_session0,18892,1.8010288427573096
hardware_session0,18893,0.8221840263433914
hardware_session0,18894,1.013569987094848
hardware_session0,18895,0.4090194427383216
hardware_session0,18896,0.5418921180340126
hardware_session0,18897,1.4177913040883001
hardware_session0,18898,1.5183350937678635
hardware_session0,18899,2.1059800769537795
hardware_session0,18900,0.9265550389835276
hardware_session0,18901,2.1145585944164274
hardware_session0,18902,0.6386352499500734
hardware_session0,18903,1.7661583857247711
hardware_session0,18904,0.7109399277261094
hardware_session0,18905,0.5141941197650745
hardware_session0,18906,1.2369263075253885
hardware_session0,18907,2.0248004040222987
hardware_session0,18908,1.2889290584486233
hardware_session0,18909,2.2186384028428483
hardware_session0,18910,0.6198868274020464
hardware_session0,18911,1.1071593996880624
hardware_session0,18912,0.7286707985860137
hardware_session0,18913,1.4629647613214483
hardware_session0,18914,1.4129098587158966
hardware_session0,18915,0.8248916965750278
hardware_session0,18916,0.41727718586386225
hardware_session0,18917,1.108738119994056
hardware_session0,18918,1.0835107114026927
hardware_session0,18919,1.1293191452095397
hardware_session0,18920,1.5798205333149193
hardware_session0,18921,1.0279469805420414
hardware_session0,18922,2.1881808207999023
hardware_session0,18923,0.8406753200375697
hardware_session0,18924,1.7825719421748332
hardware_session0,18925,1.6872133786396804
hardware_session0,18926,0.5343842885887464
hardware_session0,18927,2.457991297007056
hardware_session0,18928,0.5252025389950328
hardware_session0,18929,0.6889561762516482
hardware_session0,18930,1.5517103530507035
hardware_session0,18931,0.8047669785353748
hardware_session0,18932,0.3764798683314834
hardware_session0,18933,0.8947988790915933
hardware_session0,18934,2.023604415438374
hardware_session0,18935,1.8487614809331843
hardware_session0,18936,0.7703796960601583
hardware_session0,18937,0.7029984779561207
hardware_session0,18938,1.5889518823925144
hardware_session0,18939,0.6079806235417013
hardware_session0,18940,0.6960308331653152
hardware_session0,18941,0.6834135870963007
hardware_session0,18942,2.020893636544584
hardware_session0,18943,0.4797391630056942
hardware_session0,18944,0.9966774159836924
hardware_session0,18945,0.5482958029813084
hardware_session0,18946,0.9003568259341971
hardware_session0,18947,0.8933707577541382
hardware_session0,18948,0.5827656409737006
hardware_session0,18949,0.6116435142562767
hardware_session0,18950,0.6657527129342903
hardware_session0,18951,0.7308202830611792
hardware_session0,18952,0.36549150426883736
hardware_session0,18953,0.9689693559339444
hardware_session0,18954,0.6820809051866156
hardware_session0,18955,1.6640768028189845
hardware_session0,18956,1.0578674758841093
hardware_session0,18957,1.4053407414532644
hardware_session0,18958,0.6940505721910081
hardware_session0,18959,0.6583074256663103
hardware_session0,18960,1.6662686586784827
hardware_session0,18961,1.302363641318661
hardware_session0,18962,0.9015220611183931
hardware_session0,18963,1.4865384746247048
hardware_session0,18964,1.0459592931609465
hardware_session0,18965,1.315278509480668
hardware_session0,18966,1.5598778689891784
hardware_session0,18967,1.136743283756482
hardware_session0,18968,1.1384382917745293
hardware_session0,18969,1.085639240071907
hardware_session0,18970,0.6344592431767275
hardware_session0,18971,1.1332466010520694
hardware_session0,18972,0.7059593591067622
hardware_session0,18973,0.6372633561251131
hardware_session0,18974,2.6810096077098238
hardware_session0,18975,1.5842046678146018
hardware_session0,18976,0.7367718112912202
hardware_session0,18977,0.891757959236926
hardware_session0,18978,0.563859419489575
hardware_session0,18979,1.104295934156773
hardware_session0,18980,1.4743974620409845
hardware_session0,18981,1.1667328932843475
hardware_session0,18982,0.8036943060539375
hardware_session0,18983,0.5381384862758589
hardware_session0,18984,1.2935969644260965
hardware_session0,18985,1.5499202481364864
hardware_session0,18986,0.45443857160715473
hardware_session0,18987,0.5876457642136346
hardware_session0,18988,1.0081343702186631
hardware_session0,18989,0.5766601493722946
hardware_session0,18990,0.7367807172789459
hardware_session0,18991,1.068137639054355
hardware_session0,18992,1.2390844033559973
hardware_session0,18993,1.642695863518944
hardware_session0,18994,0.78537978117179
hardware_session0,18995,1.526535213121801
hardware_session0,18996,1.520515838579258
hardware_session0,18997,0.8564188517706506
hardware_session0,18998,0.7403401301292324
hardware_session0,18999,2.47803083689029
hardware_session0,19000,0.8935266758650945
hardware_session0,19001,0.9062165922646248
hardware_session0,19002,1.292883338220321
hardware_session0,19003,0.9836414032430498
hardware_session0,19004,0.9710293897349122
hardware_session0,19005,1.3721585331263633
hardware_session0,19006,0.4271703152744128
hardware_session0,19007,1.592113079231819
hardware_session0,19008,2.454606874300479
hardware_session0,19009,1.5269629718194297
hardware_session0,19010,2.0658819035035956
hardware_session0,19011,1.2922531433135886
hardware_session0,19012,1.8305203987493266
hardware_session0,19013,0.8908760523208549
hardware_session0,19014,0.9389956485915552
hardware_session0,19015,0.49369857047313986
hardware_session0,19016,1.7936273179382654
hardware_session0,19017,2.311423316416059
hardware_session0,19018,1.0244628022787985
hardware_session0,19019,0.6622923264395681
hardware_session0,19020,0.7066132532232178
hardware_session0,19021,1.0734300454112076
hardware_session0,19022,0.977693759519893
hardware_session0,19023,0.8238162359036587
hardware_session0,19024,1.0966161055550163
hardware_session0,19025,1.6563472332138574
hardware_session0,19026,1.1352267822352462
hardware_session0,19027,0.7992556049354211
hardware_session0,19028,1.1198275230971373
hardware_session0,19029,0.5296015857521224
hardware_session0,19030,0.9787210032378609
hardware_session0,19031,1.0537107808726096
hardware_session0,19032,0.44117008961566934
hardware_session0,19033,1.539764524791195
hardware_session0,19034,0.8813191180082564
hardware_session0,19035,1.5501395274189562
hardware_session0,19036,1.451548107596209
hardware_session0,19037,0.9015581464735407
hardware_session0,19038,0.8104045237317629
hardware_session0,19039,0.6476281625214478
hardware_session0,19040,0.6442490560752634
hardware_session0,19041,0.818887583127631
hardware_session0,19042,0.9686303317759557
hardware_session0,19043,0.7603449271349082
hardware_session0,19044,1.530325607891171
hardware_session0,19045,1.0305474930804246
hardware_session0,19046,0.6415630725306466
hardware_session0,19047,0.5829030715772363
hardware_session0,19048,1.2291850088383607
hardware_session0,19049,1.1955931733885428
hardware_session0,19050,1.4569941092606273
hardware_session0,19051,0.9897842765189798
hardware_session0,19052,0.7993751922644959
hardware_session0,19053,1.0253627813295265
hardware_session0,19054,1.4889660694625448
hardware_session0,19055,0.6533917827671913
hardware_session0,19056,1.1558998754068315
hardware_session0,19057,0.7450899948535334
hardware_session0,19058,0.7427318219377432
hardware_session0,19059,1.5809203802256644
hardware_session0,19060,0.87374304100077
hardware_session0,19061,0.5083681270473445
hardware_session0,19062,0.6719986478672847
hardware_session0,19063,0.9295358230821672
hardware_session0,19064,1.6828688153643037
hardware_session0,19065,1.0908702708011448
hardware_session0,19066,0.4124492015850154
hardware_session0,19067,0.9426751464344867
hardware_session0,19068,0.9946132222909317
hardware_session0,19069,1.216144782864316
hardware_session0,19070,1.1687851772201616
hardware_session0,19071,1.179142053875423
hardware_session0,19072,0.7564861796770739
hardware_session0,19073,1.6743941702702785
hardware_session0,19074,0.44514083116580877
hardware_session0,19075,1.2600174700808804
hardware_session0,19076,1.0304316118576995
hardware_session0,19077,0.5725182928137118
hardware_session0,19078,0.6204558985105416
hardware_session0,19079,0.6133832564305666
hardware_session0,19080,1.8993224421882418
hardware_session0,19081,1.0294866400779645
hardware_session0,19082,1.4171673770755786
hardware_session0,19083,0.7148893387785011
hardware_session0,19084,0.9125559511396262
hardware_session0,19085,0.7804692795998793
hardware_session0,19086,1.6758383376820323
hardware_session0,19087,1.6984579264653603
hardware_session0,19088,0.6481510339275673
hardware_session0,19089,1.5129599188586906
hardware_session0,19090,2.1109360447078234
hardware_session0,19091,1.1580846113907581
hardware_session0,19092,0.9751083874168148
hardware_session0,19093,0.689300513169311
hardware_session0,19094,1.1911140071980029
hardware_session0,19095,1.817461939967413
hardware_session0,19096,1.2999923728405878
hardware_session0,19097,0.5611093587134016
hardware_session0,19098,1.133115468273071
hardware_session0,19099,1.0698273836107475
hardware_session0,19100,0.9777707869208111
hardware_session0,19101,1.493093251033676
hardware_session0,19102,0.8959550502700055
hardware_session0,19103,1.2784761849867978
hardware_session0,19104,0.9553198105376638
hardware_session0,19105,1.678785774694388
hardware_session0,19106,1.0495800118901004
hardware_session0,19107,1.139732799210297
hardware_session0,19108,1.368035296097448
hardware_session0,19109,0.854019277619178
hardware_session0,19110,1.0695113951052857
hardware_session0,19111,1.1359117403450303
hardware_session0,19112,1.537481205047622
hardware_session0,19113,1.2513109158948734
hardware_session0,19114,0.6864345348412535
hardware_session0,19115,1.3196828332840722
hardware_session0,19116,0.513534426810574
hardware_session0,19117,1.2038968754242991
hardware_session0,19118,1.1166547611126572
hardware_session0,19119,0.7048127176367767
hardware_session0,19120,0.5041076579205463
hardware_session0,19121,0.47674009152462093
hardware_session0,19122,0.6827327887830273
hardware_session0,19123,0.8741716086042707
hardware_session0,19124,0.541486224094961
hardware_session0,19125,1.0521533718486435
hardware_session0,19126,0.6736917935185137
hardware_session0,19127,1.1243296674261658
hardware_session0,19128,0.7190266214276656
hardware_session0,19129,1.9997403918302084
hardware_session0,19130,0.41599013129740364
hardware_session0,19131,0.8317076313598158
hardware_session0,19132,1.4199098969506758
hardware_session0,19133,0.8816455322427712
hardware_session0,19134,1.323050751243539
hardware_session0,19135,1.0217111814292237
hardware_session0,19136,1.4400802820904104
hardware_session0,19137,0.9214793348941436
hardware_session0,19138,0.7446185467108045
hardware_session0,19139,0.6652178382559168
hardware_session0,19140,1.2072772401398646
hardware_session0,19141,1.301564703490659
hardware_session0,19142,0.5692219596909497
hardware_session0,19143,2.2346436154807496
hardware_session0,19144,0.5599193541340051
hardware_session0,19145,0.5099435915628809
hardware_session0,19146,1.3294286788034617
hardware_session0,19147,0.9497067006787839
hardware_session0,19148,1.4877623732717804
hardware_session0,19149,1.427035384841802
hardware_session0,19150,0.7031642260515962
hardware_session0,19151,1.5526726524332797
hardware_session0,19152,1.60385919093194
hardware_session0,19153,0.6414197031641811
hardware_session0,19154,1.655151314400432
hardware_session0,19155,1.1175270174986593
hardware_session0,19156,1.2088839428887892
hardware_session0,19157,1.916468060141594
hardware_session0,19158,0.568463337644253
hardware_session0,19159,1.2300309650552719
hardware_session0,19160,1.2001169324674579
hardware_session0,19161,1.8836086666802025
hardware_session0,19162,1.2887791886490143
hardware_session0,19163,0.5240382788426267
hardware_session0,19164,0.7030967929170764
hardware_session0,19165,1.5823376746524809
hardware_session0,19166,0.9127438711400898
hardware_session0,19167,1.0137850794139684
hardware_session0,19168,0.727470259659159
hardware_session0,19169,1.1217540951452565
hardware_session0,19170,1.9445311050742822
hardware_session0,19171,0.8328114632148826
hardware_session0,19172,2.0613945098633026
hardware_session0,19173,0.9755269687862392
hardware_session0,19174,1.5944384441947654
hardware_session0,19175,0.6077808025406761
hardware_session0,19176,1.2725138961333533
hardware_session0,19177,1.346417000773122
hardware_session0,19178,0.7123485211516428
hardware_session0,19179,0.8367896907839897
hardware_session0,19180,1.135906976614635
hardware_session0,19181,0.5739351454770705
hardware_session0,19182,1.1233042566759655
hardware_session0,19183,1.4522924405191129
hardware_session0,19184,1.2986561176550802
hardware_session0,19185,1.2893446614163473
hardware_session0,19186,1.5164892441073778
hardware_session0,19187,2.074713800020429
hardware_session0,19188,0.564375308955989
hardware_session0,19189,1.1660580622040466
hardware_session0,19190,0.9796648336094644
hardware_session0,19191,0.9796529936677624
hardware_session0,19192,0.4856719949919022
hardware_session0,19193,1.3014989503871313
hardware_session0,19194,1.7463494455432746
hardware_session0,19195,1.2449370684448007
hardware_session0,19196,0.6469162803244547
hardware_session0,19197,1.600536616636505
hardware_session0,19198,0.7499836954016799
hardware_session0,19199,1.6562884499301123
hardware_session0,19200,0.6491682663255393
hardware_session0,19201,1.0912546717713743
hardware_session0,19202,1.1804206046348047
hardware_session0,19203,0.5023541075077116
hardware_session0,19204,1.4017814354006606
hardware_session0,19205,2.5782438918722494
hardware_session0,19206,1.031131596362514
hardware_session0,19207,1.6514218733617956
hardware_session0,19208,0.5873479740685336
hardware_session0,19209,1.5533627057354604
hardware_session0,19210,0.6589854990646917
hardware_session0,19211,2.734051746904197
hardware_session0,19212,1.2062795740460532
hardware_session0,19213,1.0649770826011102
hardware_session0,19214,1.3431446199309711
hardware_session0,19215,1.1289045570516443
hardware_session0,19216,0.7491387003325987
hardware_session0,19217,0.6716708983156764
hardware_session0,19218,1.5474517716726242
hardware_session0,19219,1.1887569154833606
hardware_session0,19220,2.0684562098793595
hardware_session0,19221,1.1920134274651695
hardware_session0,19222,1.4899536159117144
hardware_session0,19223,0.5665052522643526
hardware_session0,19224,0.5447102226312621
hardware_session0,19225,0.3725813428295855
hardware_session0,19226,1.7312330908525015
hardware_session0,19227,0.8509178419675663
hardware_session0,19228,0.6474888310934
hardware_session0,19229,0.7747521367886759
hardware_session0,19230,0.9357285208333688
hardware_session0,19231,1.8384339259776183
hardware_session0,19232,1.1596721599366364
hardware_session0,19233,2.516369689808789
hardware_session0,19234,1.4123890556601997
hardware_session0,19235,0.8136823793646595
hardware_session0,19236,2.492184786388793
hardware_session0,19237,1.1018788536061954
hardware_session0,19238,0.9378269332170572
hardware_session0,19239,1.3500879588061256
hardware_session0,19240,2.1095192676979675
hardware_session0,19241,0.9930824970884361
hardware_session0,19242,0.7352099944725183
hardware_session0,19243,0.8056413357420786
hardware_session0,19244,1.4237511343262723
hardware_session0,19245,0.8112272047709296
hardware_session0,19246,0.3755994818458481
hardware_session0,19247,1.6279131021523687
hardware_session0,19248,0.6661032599125971
hardware_session0,19249,2.4143323418437546
hardware_session0,19250,0.896896697675112
hardware_session0,19251,0.906780912643683
hardware_session0,19252,0.6988047649487115
hardware_session0,19253,0.5521228066404874
hardware_session0,19254,0.36005792943542897
hardware_session0,19255,1.7151042571596828
hardware_session0,19256,2.1592445650647383
hardware_session0,19257,1.275111183021766
hardware_session0,19258,0.6858883134193214
hardware_session0,19259,1.114870776556537
hardware_session0,19260,1.0903714313776807
hardware_session0,19261,0.6931005876526297
hardware_session0,19262,0.5455276680663299
hardware_session0,19263,1.603912736158269
hardware_session0,19264,1.502273382630159
hardware_session0,19265,0.5715767605240447
hardware_session0,19266,0.921230440173236
hardware_session0,19267,0.8501902023288982
hardware_session0,19268,0.48790976237338013
hardware_session0,19269,0.9495531887266183
hardware_session0,19270,1.1076945300144598
hardware_session0,19271,1.2958163631626458
hardware_session0,19272,0.692522381422323
hardware_session0,19273,2.008710463498903
hardware_session0,19274,0.7769931401781851
hardware_session0,19275,1.1260571766550271
hardware_session0,19276,1.3045989768664195
hardware_session0,19277,1.2003077888264566
hardware_session0,19278,0.6598652137046217
hardware_session0,19279,0.8250527705204238
hardware_session0,19280,0.4916903600172276
hardware_session0,19281,0.8904592996117838
hardware_session0,19282,1.6770724576847107
hardware_session0,19283,0.7759503651796499
hardware_session0,19284,1.6915545802056537
hardware_session0,19285,1.7036195513594523
hardware_session0,19286,1.204336453114682
hardware_session0,19287,1.4453398055606765
hardware_session0,19288,1.2221073892015
hardware_session0,19289,2.110112725334565
hardware_session0,19290,0.669625164375934
hardware_session0,19291,1.8254197800826135
hardware_session0,19292,1.05120850718093
hardware_session0,19293,1.794891892311319
hardware_session0,19294,0.7930970988389036
hardware_session0,19295,0.9616914259632773
hardware_session0,19296,0.8105244799878705
hardware_session0,19297,1.6491765515507109
hardware_session0,19298,1.904721065441964
hardware_session0,19299,1.4097435155321147
hardware_session0,19300,0.6243174718211414
hardware_session0,19301,1.1722538873123385
hardware_session0,19302,0.762874316589924
hardware_session0,19303,2.846750170773106
hardware_session0,19304,1.632845088479886
hardware_session0,19305,0.7341412929728822
hardware_session0,19306,0.7996551665136623
hardware_session0,19307,0.8549109357472188
hardware_session0,19308,1.22968477548876
hardware_session0,19309,0.909271165672248
hardware_session0,19310,2.8018217795168083
hardware_session0,19311,1.876206994025438
hardware_session0,19312,2.0304403161023057
hardware_session0,19313,1.0587929112263375
hardware_session0,19314,1.0072712937108166
hardware_session0,19315,1.866173428387498
hardware_session0,19316,1.4125209529751976
hardware_session0,19317,0.8849435435544252
hardware_session0,19318,0.6652374164369356
hardware_session0,19319,0.5464702525186653
hardware_session0,19320,0.3260906034508032
hardware_session0,19321,1.9953465519701004
hardware_session0,19322,1.22121188177014
hardware_session0,19323,2.2853109597117336
hardware_session0,19324,1.4798657944626672
hardware_session0,19325,2.742122261453207
hardware_session0,19326,1.2325238294920036
hardware_session0,19327,1.0016919113588927
hardware_session0,19328,1.1746050747487704
hardware_session0,19329,1.079615482494107
hardware_session0,19330,0.8679407471209113
hardware_session0,19331,0.9295093788244023
hardware_session0,19332,0.6146653569178799
hardware_session0,19333,0.5747532804750016
hardware_session0,19334,0.9083935674972557
hardware_session0,19335,0.8982924827327945
hardware_session0,19336,1.8246617698574483
hardware_session0,19337,0.6419783076642827
hardware_session0,19338,0.7613234477258073
hardware_session0,19339,0.6683276411459906
hardware_session0,19340,1.8436273398170775
hardware_session0,19341,1.2784842980086768
hardware_session0,19342,1.0419988205815949
hardware_session0,19343,0.8943053109891757
hardware_session0,19344,0.8904062337663706
hardware_session0,19345,1.0777316782952775
hardware_session0,19346,1.593763347883266
hardware_session0,19347,1.6458923852260348
hardware_session0,19348,1.2412799756255322
hardware_session0,19349,1.1860756560961088
hardware_session0,19350,0.7505766645948051
hardware_session0,19351,1.0771770067651052
hardware_session0,19352,1.3986115549848994
hardware_session0,19353,1.1340501244545351
hardware_session0,19354,0.8562806943648567
hardware_session0,19355,1.0243959196535677
hardware_session0,19356,0.6919518755616383
hardware_session0,19357,1.3183082517958167
hardware_session0,19358,1.6052717996367394
hardware_session0,19359,1.2625175086446485
hardware_session0,19360,1.2124486356506374
hardware_session0,19361,0.9232126588562795
hardware_session0,19362,0.7613532238232013
hardware_session0,19363,1.212843602687879
hardware_session0,19364,1.2940547517351049
hardware_session0,19365,1.3296538910432805
hardware_session0,19366,1.4805011175853484
hardware_session0,19367,1.2520675423666008
hardware_session0,19368,0.6729433107434448
hardware_session0,19369,2.1918026338432792
hardware_session0,19370,1.123930314894782
hardware_session0,19371,0.8825502835099053
hardware_session0,19372,0.9799339452191421
hardware_session0,19373,0.8881119951069092
hardware_session0,19374,1.0868093803620864
hardware_session0,19375,1.705259090125741
hardware_session0,19376,1.2537940034130706
hardware_session0,19377,1.1108867503724638
hardware_session0,19378,0.9541044914144116
hardware_session0,19379,0.9277341205241901
hardware_session0,19380,1.621823591477143
hardware_session0,19381,0.5119550924427259
hardware_session0,19382,0.9057731626262747
hardware_session0,19383,0.5831520697401731
hardware_session0,19384,1.0270045900328528
hardware_session0,19385,0.7175329000220053
hardware_session0,19386,1.5736213738639246
hardware_session0,19387,1.6046347969517878
hardware_session0,19388,2.30052366322809
hardware_session0,19389,0.766303380197954
hardware_session0,19390,0.48436678042212944
hardware_session0,19391,0.9108454813727559
hardware_session0,19392,0.8163066446610808
hardware_session0,19393,1.1658093190222285
hardware_session0,19394,0.6249893398748172
hardware_session0,19395,1.6055081023981015
hardware_session0,19396,0.744682618992802
hardware_session0,19397,0.9093682901229473
hardware_session0,19398,0.587266329425317
hardware_session0,19399,0.5151824064551852
hardware_session0,19400,0.9024476537379447
hardware_session0,19401,0.8788288121676061
hardware_session0,19402,0.9434968874413915
hardware_session0,19403,1.264070509988902
hardware_session0,19404,0.8126658380210734
hardware_session0,19405,0.600703290069817
hardware_session0,19406,1.259959318399672
hardware_session0,19407,1.7451308263154865
hardware_session0,19408,1.3637451467709123
hardware_session0,19409,0.8290658625321674
hardware_session0,19410,0.6883640652169144
hardware_session0,19411,1.685213799636074
hardware_session0,19412,1.4377815608131865
hardware_session0,19413,0.6154050396935322
hardware_session0,19414,0.9465605990012362
hardware_session0,19415,1.519635312076937
hardware_session0,19416,1.4700017093937712
hardware_session0,19417,0.7482572195354527
hardware_session0,19418,1.0573538391462325
hardware_session0,19419,0.8496134412397431
hardware_session0,19420,1.1276458143038803
hardware_session0,19421,0.9125749940699968
hardware_session0,19422,1.0994444476374885
hardware_session0,19423,1.190597156286017
hardware_session0,19424,0.4343596302697622
hardware_session0,19425,1.4851875342351715
hardware_session0,19426,0.8591525454841297
hardware_session0,19427,0.5353825016124228
hardware_session0,19428,1.2756891592502335
hardware_session0,19429,3.3663622601586662
hardware_session0,19430,0.4415610332388754
hardware_session0,19431,0.554919238462896
hardware_session0,19432,1.4842053373672224
hardware_session0,19433,1.174633744332408
hardware_session0,19434,3.114443633347954
hardware_session0,19435,0.8403703275961218
hardware_session0,19436,0.33116613583254084
hardware_session0,19437,0.8971295215627257
hardware_session0,19438,0.942523427340758
hardware_session0,19439,0.5287688398877923
hardware_session0,19440,1.313719410205646
hardware_session0,19441,1.8067247868268264
hardware_session0,19442,0.94243497543394
hardware_session0,19443,0.9825050925844022
hardware_session0,19444,0.7109909661074496
hardware_session0,19445,1.0091126485850528
hardware_session0,19446,1.35077034062458
hardware_session0,19447,0.7751486963257055
hardware_session0,19448,1.0014043978345757
hardware_session0,19449,1.0457029772134054
hardware_session0,19450,0.3743041451097805
hardware_session0,19451,0.8899797616807283
hardware_session0,19452,0.8361125013084806
hardware_session0,19453,1.0775543391473719
hardware_session0,19454,0.5450318958978266
hardware_session0,19455,1.6541137389449836
hardware_session0,19456,0.8219443524208851
hardware_session0,19457,0.5663918178346427
hardware_session0,19458,1.952408582547104
hardware_session0,19459,0.5498611920388743
hardware_session0,19460,2.265976648378428
hardware_session0,19461,1.6692001495379785
hardware_session0,19462,0.5737451996895614
hardware_session0,19463,2.012947188686203
hardware_session0,19464,0.5994744395502585
hardware_session0,19465,1.2329727432422213
hardware_session0,19466,1.952861031432499
hardware_session0,19467,2.0536383585004145
hardware_session0,19468,1.0086383698868893
hardware_session0,19469,1.1481709529249524
hardware_session0,19470,0.844430358610097
hardware_session0,19471,1.5270423127439419
hardware_session0,19472,1.369273178958545
hardware_session0,19473,0.9387082820611509
hardware_session0,19474,0.5454382943256992
hardware_session0,19475,1.517705704271479
hardware_session0,19476,0.704657948547222
hardware_session0,19477,1.8691253847759035
hardware_session0,19478,0.9382498742137392
hardware_session0,19479,0.5375433814443636
hardware_session0,19480,0.5593771792547921
hardware_session0,19481,0.7647978277262403
hardware_session0,19482,0.5786991176598814
hardware_session0,19483,0.6192667311296828
hardware_session0,19484,0.6130260839620909
hardware_session0,19485,0.9589306986751275
hardware_session0,19486,0.5849674194109542
hardware_session0,19487,1.0298240091141
hardware_session0,19488,1.3137989317602354
hardware_session0,19489,0.4006715269991176
hardware_session0,19490,0.5769235455327061
hardware_session0,19491,0.37604261716543447
hardware_session0,19492,0.33843706498512516
hardware_session0,19493,1.1044851161476452
hardware_session0,19494,2.170171555474559
hardware_session0,19495,0.35012030017401125
hardware_session0,19496,0.49123629310667516
hardware_session0,19497,0.685225074273591
hardware_session0,19498,0.8885183823422178
hardware_session0,19499,1.2990953612202913
hardware_session0,19500,1.6816343017762094
hardware_session0,19501,0.35928949654556147
hardware_session0,19502,1.342877428772619
hardware_session0,19503,2.1819963334052983
hardware_session0,19504,1.3978512256654387
hardware_session0,19505,0.6864939369956882
hardware_session0,19506,1.5963306991770396
hardware_session0,19507,1.015627312519919
hardware_session0,19508,0.49111625423250455
hardware_session0,19509,1.8697574579126264
hardware_session0,19510,1.3982036979858181
hardware_session0,19511,0.7671747563562892
hardware_session0,19512,0.5544641051671801
hardware_session0,19513,0.9380771542104844
hardware_session0,19514,1.5932121168559943
hardware_session0,19515,2.0235314425349
hardware_session0,19516,1.0787474467565916
hardware_session0,19517,1.0103834659244535
hardware_session0,19518,0.6775500959785918
hardware_session0,19519,0.8290885102594177
hardware_session0,19520,0.9291004517426888
hardware_session0,19521,2.143337955802236
hardware_session0,19522,1.3445536216736766
hardware_session0,19523,0.9058275375183601
hardware_session0,19524,1.2606356940103225
hardware_session0,19525,0.998050995438396
hardware_session0,19526,0.9779920349229067
hardware_session0,19527,1.7505985079599744
hardware_session0,19528,1.636598600658371
hardware_session0,19529,0.9208684274173503
hardware_session0,19530,1.4477413678429563
hardware_session0,19531,1.6355872843228432
hardware_session0,19532,2.249933541435879
hardware_session0,19533,0.6786996199747417
hardware_session0,19534,1.0720799597142638
hardware_session0,19535,1.5317340183569554
hardware_session0,19536,1.5424549522725857
hardware_session0,19537,0.5235242443798378
hardware_session0,19538,1.9385740957758846
hardware_session0,19539,1.044434072954952
hardware_session0,19540,0.7326210404693532
hardware_session0,19541,1.4459159444146445
hardware_session0,19542,0.576406934620128
hardware_session0,19543,1.3958541681093355
hardware_session0,19544,0.7187269142291413
hardware_session0,19545,0.5171906055121369
hardware_session0,19546,1.231676295362248
hardware_session0,19547,1.6701165677923748
hardware_session0,19548,1.5060933780794479
hardware_session0,19549,1.565655381457663
hardware_session0,19550,0.7777657000010102
hardware_session0,19551,1.5177031603908653
hardware_session0,19552,0.7353229521888018
hardware_session0,19553,0.9240372324194137
hardware_session0,19554,1.7244004679245541
hardware_session0,19555,1.0038789072253167
hardware_session0,19556,1.9906599331104786
hardware_session0,19557,0.6716031859003093
hardware_session0,19558,1.1957622178831142
hardware_session0,19559,0.7907589042624419
hardware_session0,19560,0.41910887477322833
hardware_session0,19561,0.6991316957312764
hardware_session0,19562,0.6764874634481858
hardware_session0,19563,0.852116173569305
hardware_session0,19564,1.1251663283415643
hardware_session0,19565,1.065278653224956
hardware_session0,19566,0.6908090176429519
hardware_session0,19567,0.8062074381964267
hardware_session0,19568,1.561020662350922
hardware_session0,19569,1.4958804478510002
hardware_session0,19570,1.4880193594106945
hardware_session0,19571,0.9539712930493033
hardware_session0,19572,0.8624086861384661
hardware_session0,19573,0.9317355162953457
hardware_session0,19574,0.7307529180449912
hardware_session0,19575,0.8546701873592304
hardware_session0,19576,1.2132361972970709
hardware_session0,19577,2.343387784296421
hardware_session0,19578,0.7987416494636413
hardware_session0,19579,1.0178356060556637
hardware_session0,19580,1.4422935713074956
hardware_session0,19581,0.5133578896505785
hardware_session0,19582,1.0860136201167547
hardware_session0,19583,0.4843020103280403
hardware_session0,19584,0.6733807322269422
hardware_session0,19585,1.5015933877031746
hardware_session0,19586,1.086361663549307
hardware_session0,19587,1.0022006759102113
hardware_session0,19588,0.7952444459110826
hardware_session0,19589,0.45693821983353106
hardware_session0,19590,1.2399366380473904
hardware_session0,19591,0.7997679250464877
hardware_session0,19592,2.185032032183431
hardware_session0,19593,0.7242070478157633
hardware_session0,19594,0.7704540043454058
hardware_session0,19595,0.7015875545734193
hardware_session0,19596,1.1395024487680807
hardware_session0,19597,0.35730976012677124
hardware_session0,19598,0.5546426812983963
hardware_session0,19599,1.8054461011852587
hardware_session0,19600,1.337236153826898
hardware_session0,19601,0.6039104419116212
hardware_session0,19602,0.7769256850472507
hardware_session0,19603,0.725279193539752
hardware_session0,19604,0.5427967202757732
hardware_session0,19605,1.0012302826689121
hardware_session0,19606,0.6846030321251927
hardware_session0,19607,0.6879089299320553
hardware_session0,19608,0.8301365508967583
hardware_session0,19609,1.4666934170220596
hardware_session0,19610,1.6774076393249333
hardware_session0,19611,0.4389217738130557
hardware_session0,19612,1.4349157313436451
hardware_session0,19613,0.9616363320795974
hardware_session0,19614,0.8051787079154279
hardware_session0,19615,1.4965459474326643
hardware_session0,19616,1.6344746177224414
hardware_session0,19617,1.9662780110210414
hardware_session0,19618,1.438801705647649
hardware_session0,19619,0.6058362612123327
hardware_session0,19620,1.3380931814589674
hardware_session0,19621,1.6335188060565031
hardware_session0,19622,0.4821306839134927
hardware_session0,19623,0.6516787443222986
hardware_session0,19624,1.2123216508213672
hardware_session0,19625,1.243585659479723
hardware_session0,19626,0.6249401604900334
hardware_session0,19627,1.5283883864051893
hardware_session0,19628,0.5581663552650721
hardware_session0,19629,0.5715817092982789
hardware_session0,19630,1.6273528147647265
hardware_session0,19631,0.9715066122850681
hardware_session0,19632,0.6477843191276351
hardware_session0,19633,1.217709000992241
hardware_session0,19634,1.6200828651840549
hardware_session0,19635,0.6280619339124743
hardware_session0,19636,2.2347949421770763
hardware_session0,19637,1.5204875428919433
hardware_session0,19638,1.2263337740321656
hardware_session0,19639,1.8877987561381606
hardware_session0,19640,2.16386385739197
hardware_session0,19641,2.0232984960003213
hardware_session0,19642,1.1177111118073273
hardware_session0,19643,0.7517425442837354
hardware_session0,19644,0.6409615078375445
hardware_session0,19645,0.5301247486186975
hardware_session0,19646,0.6279586298682119
hardware_session0,19647,1.411730696065238
hardware_session0,19648,0.7366365704335931
hardware_session0,19649,1.006005525131277
hardware_session0,19650,0.7545792643735315
hardware_session0,19651,0.5774589368558976
hardware_session0,19652,1.5844074307413172
hardware_session0,19653,1.9094698183230165
hardware_session0,19654,1.3193369520735208
hardware_session0,19655,1.8024035245389012
hardware_session0,19656,1.8667305971119204
hardware_session0,19657,1.205361707924675
hardware_session0,19658,0.71558938016741
hardware_session0,19659,1.2480739821806457
hardware_session0,19660,0.9968662648557259
hardware_session0,19661,1.028191879727454
hardware_session0,19662,0.6389169290301951
hardware_session0,19663,1.3993841830619334
hardware_session0,19664,0.6466279696878784
hardware_session0,19665,0.8033378164895921
hardware_session0,19666,2.1591434303811328
hardware_session0,19667,1.0516006630095966
hardware_session0,19668,1.622693859033069
hardware_session0,19669,0.7420555083838831
hardware_session0,19670,0.5852388960522531
hardware_session0,19671,0.7704451008098003
hardware_session0,19672,1.3992700848203814
hardware_session0,19673,2.1693074692124723
hardware_session0,19674,0.9192193049334442
hardware_session0,19675,0.9013277127205113
hardware_session0,19676,1.4618394816002789
hardware_session0,19677,1.5605314145625395
hardware_session0,19678,0.6447367045645193
hardware_session0,19679,2.082015147933794
hardware_session0,19680,0.5855588163170448
hardware_session0,19681,0.7641867889777797
hardware_session0,19682,0.7292870334171055
hardware_session0,19683,1.241864383003973
hardware_session0,19684,0.9605457921367042
hardware_session0,19685,1.3244388265934313
hardware_session0,19686,0.7453886550060113
hardware_session0,19687,1.497817918769418
hardware_session0,19688,1.1374541102620466
hardware_session0,19689,0.6344450177585108
hardware_session0,19690,0.9838602124832828
hardware_session0,19691,1.5161688044326946
hardware_session0,19692,0.7254668749327192
hardware_session0,19693,1.6154293290229391
hardware_session0,19694,0.5833327437154787
hardware_session0,19695,0.9829514003424963
hardware_session0,19696,1.1185384410390744
hardware_session0,19697,1.5370075350391896
hardware_session0,19698,1.0875236510174404
hardware_session0,19699,0.8364690604985615
hardware_session0,19700,0.7777919837487508
hardware_session0,19701,1.3154241183825572
hardware_session0,19702,0.8590237697041471
hardware_session0,19703,0.39397268673455293
hardware_session0,19704,1.1581610565023694
hardware_session0,19705,1.1015935890946418
hardware_session0,19706,0.5395551517329925
hardware_session0,19707,1.5766183421540947
hardware_session0,19708,0.6645152573568517
hardware_session0,19709,1.7817717155320099
hardware_session0,19710,1.0326952860567542
hardware_session0,19711,0.5266600661184881
hardware_session0,19712,1.0306043903725954
hardware_session0,19713,0.6388161373424589
hardware_session0,19714,0.9774708541295698
hardware_session0,19715,0.596767244278016
hardware_session0,19716,1.1892365697445657
hardware_session0,19717,0.8607053449269171
hardware_session0,19718,0.7341864355277469
hardware_session0,19719,0.8452189192124282
hardware_session0,19720,0.4576252466407067
hardware_session0,19721,1.2979864385156341
hardware_session0,19722,0.5168901887424135
hardware_session0,19723,1.0312553071553596
hardware_session0,19724,0.8168547067223239
hardware_session0,19725,0.9695476757128938
hardware_session0,19726,1.4078624048529063
hardware_session0,19727,0.6850858469826462
hardware_session0,19728,0.9579514290159822
hardware_session0,19729,0.3911378268689662
hardware_session0,19730,0.8849710338212771
hardware_session0,19731,1.1301955500418184
hardware_session0,19732,1.3877115728091889
hardware_session0,19733,1.4653356119524303
hardware_session0,19734,0.8028312928027357
hardware_session0,19735,0.9012925541618921
hardware_session0,19736,0.4846473110327037
hardware_session0,19737,0.6310384965511265
hardware_session0,19738,1.5139179336381452
hardware_session0,19739,1.110392613227643
hardware_session0,19740,1.149242620756975
hardware_session0,19741,1.2928609502518598
hardware_session0,19742,0.39948014573979784
hardware_session0,19743,1.5024122151989292
hardware_session0,19744,0.8054956825591639
hardware_session0,19745,0.5320619767702506
hardware_session0,19746,0.7438195159964762
hardware_session0,19747,0.9657890062424817
hardware_session0,19748,0.9931058881701976
hardware_session0,19749,1.0107587211367044
hardware_session0,19750,0.7028325595673415
hardware_session0,19751,0.6380234339528308
hardware_session0,19752,0.695171531778119
hardware_session0,19753,0.7587304935906017
hardware_session0,19754,0.5786723408002175
hardware_session0,19755,1.1923624243716455
hardware_session0,19756,2.1687792451003625
hardware_session0,19757,1.3975027924258203
hardware_session0,19758,1.8875532147541947
hardware_session0,19759,1.4452942835220306
hardware_session0,19760,1.2546208209164884
hardware_session0,19761,1.4418369725329536
hardware_session0,19762,2.2466884144999275
hardware_session0,19763,0.6309964826347934
hardware_session0,19764,1.6868323021057356
hardware_session0,19765,0.9037092900987986
hardware_session0,19766,0.6676348386702896
hardware_session0,19767,0.7681223892018558
hardware_session0,19768,0.5748739454583334
hardware_session0,19769,0.5719931605015669
hardware_session0,19770,0.9229561918212926
hardware_session0,19771,0.7698819557560108
hardware_session0,19772,0.7045187548265285
hardware_session0,19773,0.5611072495245416
hardware_session0,19774,0.7441659644169076
hardware_session0,19775,0.7716501842205226
hardware_session0,19776,0.4817424859428011
hardware_session0,19777,0.9691788454880824
hardware_session0,19778,1.499726270972175
hardware_session0,19779,2.3492200936707777
hardware_session0,19780,0.7649175445284216
hardware_session0,19781,0.3285999575124907
hardware_session0,19782,1.5098293404488115
hardware_session0,19783,0.7820093189015247
hardware_session0,19784,1.171854467715522
hardware_session0,19785,0.6459585420732316
hardware_session0,19786,0.6893514421322572
hardware_session0,19787,0.7584741438736409
hardware_session0,19788,0.5728938798938408
hardware_session0,19789,0.9170696723145267
hardware_session0,19790,1.4811348174754002
hardware_session0,19791,0.9739269648820381
hardware_session0,19792,0.6346982347327703
hardware_session0,19793,1.5090483064847293
hardware_session0,19794,1.2991711203229819
hardware_session0,19795,2.3124872226129454
hardware_session0,19796,1.2508075354457893
hardware_session0,19797,2.648835043579529
hardware_session0,19798,0.5896699084105864
hardware_session0,19799,1.04455540318145
hardware_session0,19800,1.8909098606487307
hardware_session0,19801,1.4446183516735722
hardware_session0,19802,1.0641986576189053
hardware_session0,19803,1.1174889416699771
hardware_session0,19804,1.063690146416122
hardware_session0,19805,1.308803342769918
hardware_session0,19806,0.8961765741697306
hardware_session0,19807,1.031401705424221
hardware_session0,19808,0.6966766509920881
hardware_session0,19809,1.6314256694197624
hardware_session0,19810,0.6482785208518098
hardware_session0,19811,1.5344909604085584
hardware_session0,19812,0.6482491960875386
hardware_session0,19813,1.2533596833731921
hardware_session0,19814,0.8916309784914827
hardware_session0,19815,1.003249138774012
hardware_session0,19816,0.7447502154393764
hardware_session0,19817,0.6881222488780668
hardware_session0,19818,1.5814681295151487
hardware_session0,19819,1.481785800937377
hardware_session0,19820,1.777465218377998
hardware_session0,19821,1.0890714177370475
hardware_session0,19822,1.2318473617509287
hardware_session0,19823,1.5384925183503144
hardware_session0,19824,1.5088809483203491
hardware_session0,19825,1.2164973711158347
hardware_session0,19826,1.6880839482522538
hardware_session0,19827,0.7708564088981223
hardware_session0,19828,1.2665261633288554
hardware_session0,19829,1.8470239786817546
hardware_session0,19830,2.0172714326414933
hardware_session0,19831,0.9586189572383454
hardware_session0,19832,1.3603255698786791
hardware_session0,19833,0.8568617600227246
hardware_session0,19834,0.9848577159754178
hardware_session0,19835,2.051505256461475
hardware_session0,19836,1.066243850130249
hardware_session0,19837,1.5185271742496096
hardware_session0,19838,0.6746865883378744
hardware_session0,19839,2.9880846388551525
hardware_session0,19840,0.5870886368065841
hardware_session0,19841,1.6201399566692607
hardware_session0,19842,0.9984488228001164
hardware_session0,19843,1.338810256672753
hardware_session0,19844,0.635657014639914
hardware_session0,19845,1.0900268418429673
hardware_session0,19846,1.9007164182738276
hardware_session0,19847,2.130277091086431
hardware_session0,19848,0.44013116990401546
hardware_session0,19849,0.8685874413836746
hardware_session0,19850,1.3534479636570487
hardware_session0,19851,2.053172134560634
hardware_session0,19852,1.8131286892445955
hardware_session0,19853,1.5201636088311097
hardware_session0,19854,2.33361006944549
hardware_session0,19855,0.9796808005292388
hardware_session0,19856,0.5908085810158321
hardware_session0,19857,1.388411141471673
hardware_session0,19858,1.4805933034406291
hardware_session0,19859,1.384520807854544
hardware_session0,19860,1.3739808287470985
hardware_session0,19861,0.6099750341179203
hardware_session0,19862,1.1303528551274722
hardware_session0,19863,0.8373053962629581
hardware_session0,19864,1.3632213489901244
hardware_session0,19865,0.6627945179503028
hardware_session0,19866,0.6817661548012792
hardware_session0,19867,1.7689880758751564
hardware_session0,19868,1.422284902546897
hardware_session0,19869,2.0053293049617213
hardware_session0,19870,0.8821456015004531
hardware_session0,19871,0.9256519753539328
hardware_session0,19872,1.1733855742359727
hardware_session0,19873,0.4543484079389181
hardware_session0,19874,1.654086989701487
hardware_session0,19875,2.1590010136564053
hardware_session0,19876,2.2591954521890134
hardware_session0,19877,0.7772462766544758
hardware_session0,19878,1.0243172211235256
hardware_session0,19879,0.7130827521563788
hardware_session0,19880,1.1038857050478228
hardware_session0,19881,1.5155859115512997
hardware_session0,19882,0.6197393406466787
hardware_session0,19883,0.7471010624379374
hardware_session0,19884,0.798877814720187
hardware_session0,19885,1.2683261947531828
hardware_session0,19886,3.0509989489189384
hardware_session0,19887,0.8072474531698657
hardware_session0,19888,0.4518558593969494
hardware_session0,19889,1.25964311257797
hardware_session0,19890,0.5626896050475318
hardware_session0,19891,1.5943147370447819
hardware_session0,19892,0.5610866606615603
hardware_session0,19893,0.716224577361994
hardware_session0,19894,1.8837529244932998
hardware_session0,19895,1.163849442972039
hardware_session0,19896,1.0200535634961947
hardware_session0,19897,0.9199458177034331
hardware_session0,19898,0.6776225129545433
hardware_session0,19899,1.3645024776863928
hardware_session0,19900,1.1037105757770802
hardware_session0,19901,0.4930822030214869
hardware_session0,19902,1.1295555174915999
hardware_session0,19903,1.1152034796542727
hardware_session0,19904,0.6431605973902235
hardware_session0,19905,0.6250820262900745
hardware_session0,19906,1.1205738563679135
hardware_session0,19907,0.7090262050971317
hardware_session0,19908,0.9824105219784952
hardware_session0,19909,1.014520276890613
hardware_session0,19910,1.3639715574987188
hardware_session0,19911,0.7683466743610168
hardware_session0,19912,0.7931200832605906
hardware_session0,19913,0.6018935914492882
hardware_session0,19914,0.7593392828668326
hardware_session0,19915,0.8594385631570481
hardware_session0,19916,0.7280756200227408
hardware_session0,19917,0.6566447176863296
hardware_session0,19918,0.649720341141505
hardware_session0,19919,1.1138331019426073
hardware_session0,19920,1.0690896070056621
hardware_session0,19921,1.1234496338613773
hardware_session0,19922,1.7517527625754903
hardware_session0,19923,1.8157781483905686
hardware_session0,19924,0.4194696108056162
hardware_session0,19925,1.0045120189972399
hardware_session0,19926,0.5572093053688029
hardware_session0,19927,0.8964740408316546
hardware_session0,19928,1.3249447690321188
hardware_session0,19929,0.5366604617630114
hardware_session0,19930,0.9002183196919246
hardware_session0,19931,0.38813707114242885
hardware_session0,19932,0.8132674521405341
hardware_session0,19933,0.6592390196665104
hardware_session0,19934,1.6177469102804483
hardware_session0,19935,0.5026455132789104
hardware_session0,19936,0.6123668068865619
hardware_session0,19937,1.1415555334728626
hardware_session0,19938,0.7017811556445321
hardware_session0,19939,0.7937203886759372
hardware_session0,19940,1.2833278887355797
hardware_session0,19941,0.605262359024453
hardware_session0,19942,0.7644899285732709
hardware_session0,19943,2.096691475784003
hardware_session0,19944,1.4019356937522285
hardware_session0,19945,1.8678500304790333
hardware_session0,19946,0.5874998405641444
hardware_session0,19947,0.6617918311936097
hardware_session0,19948,0.8934139588129199
hardware_session0,19949,0.8078010316623846
hardware_session0,19950,1.1620826250974723
hardware_session0,19951,2.066289901784077
hardware_session0,19952,1.0802430246572554
hardware_session0,19953,1.5802494958549531
hardware_session0,19954,1.5286144897007694
hardware_session0,19955,1.5804576845287632
hardware_session0,19956,0.6404582141492573
hardware_session0,19957,1.268201759574214
hardware_session0,19958,1.6404139390431938
hardware_session0,19959,1.6004038497046291
hardware_session0,19960,0.746462717148172
hardware_session0,19961,1.4654849759466106
hardware_session0,19962,0.47638246183201544
hardware_session0,19963,1.2122803421789576
hardware_session0,19964,0.6635058486951668
hardware_session0,19965,0.9168367615089597
hardware_session0,19966,1.2108906525004912
hardware_session0,19967,0.7216587196524775
hardware_session0,19968,1.3529165397342655
hardware_session0,19969,1.7829922769113913
hardware_session0,19970,2.023738454682769
hardware_session0,19971,1.1119469474906438
hardware_session0,19972,0.8496629810739559
hardware_session0,19973,0.7905854360892205
hardware_session0,19974,0.9956875428398885
hardware_session0,19975,0.8429636407017429
hardware_session0,19976,0.8094589972342842
hardware_session0,19977,0.678574417358387
hardware_session0,19978,0.8239598080246452
hardware_session0,19979,1.4304198371211423
hardware_session0,19980,0.5569925247176392
hardware_session0,19981,0.8295870350428673
hardware_session0,19982,2.0097920684056
hardware_session0,19983,1.5847534122009275
hardware_session0,19984,0.6018715012486852
hardware_session0,19985,1.008671132735362
hardware_session0,19986,0.8542596094577195
hardware_session0,19987,1.5028118443785006
hardware_session0,19988,1.9416409348997554
hardware_session0,19989,1.1728872186479251
hardware_session0,19990,0.655689230502509
hardware_session0,19991,0.9789812473437719
hardware_session0,19992,0.8966136674006304
hardware_session0,19993,1.8227594850105877
hardware_session0,19994,0.7325383829449027
hardware_session0,19995,0.626635954717347
hardware_session0,19996,0.6200910905173584
hardware_session0,19997,0.9664156753188713
hardware_session0,19998,0.700949867915487
hardware_session0,19999,1.3585095871557915
